MATE RULE: In each column, 1 <-> 2, 3 <-> 4, 5 <-> 6, and so on.

COMPLETE 20-QUBIT SIZE SPECTRUM: [24, 1048570] union {1048572, 1048576}. The interval contains every integer row count between its endpoints (Theorem 1, equation (5)).
EXPLICIT MATRICES BELOW: One 20-column UOM for every row count from 24 through 150, in increasing order (127 matrices).

SIZE: 24 x 20
METHOD: Six-block row decomposition construction (Theorem 21 and Appendix A.3), with t=4 five-column inputs of row sizes 6,6,6,6, and 15 added columns from factorized input pairs. The total added-column weight is 18.
MATRIX:
2 3 5 6 4 1 7 7 7 7 1 7 7 7 7 1 7 7 7 7
3 5 6 4 2 3 9 9 9 9 3 9 9 9 9 3 9 9 9 9
5 6 4 2 3 5 11 11 11 11 5 11 11 11 11 5 11 11 11 11
6 4 2 3 5 1 1 1 1 1 1 1 1 1 1 1 1 1 1 1
4 2 3 5 6 3 3 3 3 3 3 3 3 3 3 3 3 3 3 3
1 1 1 1 1 5 5 5 5 5 5 5 5 5 5 5 5 5 5 5
8 9 11 12 10 7 19 19 19 19 7 19 19 19 19 2 6 4 12 10
9 11 12 10 8 9 21 21 21 21 9 21 21 21 21 4 8 6 2 12
11 12 10 8 9 11 23 23 23 23 11 23 23 23 23 6 10 8 4 2
12 10 8 9 11 7 13 13 13 13 7 13 13 13 13 2 12 10 6 4
10 8 9 11 12 9 15 15 15 15 9 15 15 15 15 4 2 12 8 6
7 7 7 7 7 11 17 17 17 17 11 17 17 17 17 6 4 2 10 8
14 15 17 18 16 8 18 16 24 22 2 6 4 12 10 7 19 19 19 19
15 17 18 16 14 10 20 18 14 24 4 8 6 2 12 9 21 21 21 21
17 18 16 14 15 12 22 20 16 14 6 10 8 4 2 11 23 23 23 23
18 16 14 15 17 8 24 22 18 16 2 12 10 6 4 7 13 13 13 13
16 14 15 17 18 10 14 24 20 18 4 2 12 8 6 9 15 15 15 15
13 13 13 13 13 12 16 14 22 20 6 4 2 10 8 11 17 17 17 17
20 21 23 24 22 2 6 4 12 10 8 18 16 24 22 8 18 16 24 22
21 23 24 22 20 4 8 6 2 12 10 20 18 14 24 10 20 18 14 24
23 24 22 20 21 6 10 8 4 2 12 22 20 16 14 12 22 20 16 14
24 22 20 21 23 2 12 10 6 4 8 24 22 18 16 8 24 22 18 16
22 20 21 23 24 4 2 12 8 6 10 14 24 20 18 10 14 24 20 18
19 19 19 19 19 6 4 2 10 8 12 16 14 22 20 12 16 14 22 20

SIZE: 25 x 20
METHOD: Good column lift (Theorem 45), with t=12, of the 13 x 8 matrix X8 in Theorem 46. The chosen column is g=8.
MATRIX:
9 1 3 2 5 8 1 3 1 1 1 1 1 1 1 1 1 1 1 1
3 4 2 9 7 8 1 4 3 3 3 3 3 3 3 3 3 3 3 3
4 5 9 3 6 4 3 1 5 5 5 5 5 5 5 5 5 5 5 5
7 4 6 6 2 7 7 2 7 7 7 7 7 7 7 7 7 7 7 7
3 1 2 9 7 7 1 1 3 3 3 3 3 3 3 3 3 3 3 3
4 3 9 3 6 4 4 5 5 5 5 5 5 5 5 5 5 5 5 5
5 2 7 4 9 9 8 3 9 9 9 9 9 9 9 9 9 9 9 9
8 8 10 8 10 2 2 5 11 11 11 11 11 11 11 11 11 11 11 11
10 6 8 10 1 6 5 6 13 13 13 13 13 13 13 13 13 13 13 13
1 5 5 1 8 10 4 6 15 15 15 15 15 15 15 15 15 15 15 15
6 3 4 7 4 5 3 2 17 17 17 17 17 17 17 17 17 17 17 17
2 7 1 5 3 3 6 4 19 19 19 19 19 19 19 19 19 19 19 19
3 1 2 9 7 1 2 1 1 1 1 1 1 1 1 1 1 1 1 1
11 9 11 11 11 11 9 7 21 21 10 16 12 18 6 14 8 4 20 2
13 11 13 13 13 13 11 9 22 8 21 18 16 14 12 20 10 6 2 4
15 13 15 15 15 12 13 11 8 14 22 21 18 20 10 16 12 2 4 6
17 15 17 17 16 15 12 7 20 22 14 12 21 16 4 18 2 10 6 8
19 17 19 19 14 16 10 9 6 18 16 22 20 21 14 2 4 12 8 10
21 19 21 21 12 14 14 11 14 16 6 20 22 22 2 4 18 8 10 12
22 18 16 14 17 17 15 8 10 4 18 2 8 6 21 21 20 16 12 14
12 20 18 16 19 19 17 10 12 10 4 14 2 8 22 6 21 20 18 16
14 10 20 18 21 18 19 12 16 6 8 10 4 2 20 12 22 21 14 18
16 12 22 20 22 21 18 8 18 12 2 8 10 4 16 22 6 14 21 20
18 14 12 22 20 22 16 10 2 20 12 4 6 10 18 8 14 22 16 21
20 16 14 12 18 20 20 12 4 2 20 6 14 12 8 10 16 18 22 22

SIZE: 26 x 20
METHOD: Six-block row decomposition construction (Theorem 21 and Appendix A.3), with t=4 five-column inputs of row sizes 6,6,6,8, and 15 added columns from factorized input pairs. The total added-column weight is 18.
MATRIX:
2 3 5 6 4 1 7 7 7 7 1 7 7 7 7 1 7 7 7 7
3 5 6 4 2 3 9 9 9 9 3 9 9 9 9 3 9 9 9 9
5 6 4 2 3 5 11 11 11 11 5 11 11 11 11 5 11 11 11 11
6 4 2 3 5 1 1 1 1 1 1 1 1 1 1 1 1 1 1 1
4 2 3 5 6 3 3 3 3 3 3 3 3 3 3 3 3 3 3 3
1 1 1 1 1 5 5 5 5 5 5 5 5 5 5 5 5 5 5 5
8 9 11 12 10 7 19 19 19 19 7 19 19 19 19 2 6 4 12 10
9 11 12 10 8 9 21 21 21 21 9 21 21 21 21 4 8 6 2 12
11 12 10 8 9 11 23 23 23 23 11 23 23 23 23 6 10 8 4 2
12 10 8 9 11 7 13 13 13 13 7 13 13 13 13 2 12 10 6 4
10 8 9 11 12 9 15 15 15 15 9 15 15 15 15 4 2 12 8 6
7 7 7 7 7 11 17 17 17 17 11 17 17 17 17 6 4 2 10 8
14 15 17 18 16 8 18 16 24 22 2 6 4 12 10 7 19 19 19 19
15 17 18 16 14 10 20 18 14 24 4 8 6 2 12 9 21 21 21 21
17 18 16 14 15 12 22 20 16 14 6 10 8 4 2 11 23 23 23 23
18 16 14 15 17 8 24 22 18 16 2 12 10 6 4 7 13 13 13 13
16 14 15 17 18 10 14 24 20 18 4 2 12 8 6 9 15 15 15 15
13 13 13 13 13 12 16 14 22 20 6 4 2 10 8 11 17 17 17 17
19 19 19 19 19 2 12 10 6 4 8 24 22 18 16 8 24 22 18 16
19 20 21 21 21 4 2 12 8 6 10 14 24 20 18 10 14 24 20 18
20 21 23 23 23 6 4 2 10 8 12 16 14 22 20 12 16 14 22 20
20 22 25 25 25 2 6 4 12 10 8 18 16 24 22 8 18 16 24 22
21 21 24 20 22 2 6 4 12 10 8 18 16 24 22 8 18 16 24 22
21 22 26 22 20 4 8 6 2 12 10 20 18 14 24 10 20 18 14 24
22 19 20 24 26 4 2 12 8 6 10 14 24 20 18 10 14 24 20 18
22 20 22 26 24 6 10 8 4 2 12 22 20 16 14 12 22 20 16 14

SIZE: 27 x 20
METHOD: Six-block row decomposition construction (Theorem 21 and Appendix A.3), with t=4 five-column inputs of row sizes 6,6,6,9, and 15 added columns from factorized input pairs. The total added-column weight is 18.
MATRIX:
2 3 5 6 4 1 7 7 7 7 1 7 7 7 7 1 7 7 7 7
3 5 6 4 2 3 9 9 9 9 3 9 9 9 9 3 9 9 9 9
5 6 4 2 3 5 11 11 11 11 5 11 11 11 11 5 11 11 11 11
6 4 2 3 5 1 1 1 1 1 1 1 1 1 1 1 1 1 1 1
4 2 3 5 6 3 3 3 3 3 3 3 3 3 3 3 3 3 3 3
1 1 1 1 1 5 5 5 5 5 5 5 5 5 5 5 5 5 5 5
8 9 11 12 10 7 19 19 19 19 7 19 19 19 19 2 6 4 12 10
9 11 12 10 8 9 21 21 21 21 9 21 21 21 21 4 8 6 2 12
11 12 10 8 9 11 23 23 23 23 11 23 23 23 23 6 10 8 4 2
12 10 8 9 11 7 13 13 13 13 7 13 13 13 13 2 12 10 6 4
10 8 9 11 12 9 15 15 15 15 9 15 15 15 15 4 2 12 8 6
7 7 7 7 7 11 17 17 17 17 11 17 17 17 17 6 4 2 10 8
14 15 17 18 16 8 18 16 24 22 2 6 4 12 10 7 19 19 19 19
15 17 18 16 14 10 20 18 14 24 4 8 6 2 12 9 21 21 21 21
17 18 16 14 15 12 22 20 16 14 6 10 8 4 2 11 23 23 23 23
18 16 14 15 17 8 24 22 18 16 2 12 10 6 4 7 13 13 13 13
16 14 15 17 18 10 14 24 20 18 4 2 12 8 6 9 15 15 15 15
13 13 13 13 13 12 16 14 22 20 6 4 2 10 8 11 17 17 17 17
20 21 23 24 22 6 4 2 10 8 12 16 14 22 20 12 16 14 22 20
21 23 24 22 20 6 10 8 4 2 12 22 20 16 14 12 22 20 16 14
23 24 22 20 21 4 8 6 2 12 10 20 18 14 24 10 20 18 14 24
24 22 20 21 23 2 12 10 6 4 8 24 22 18 16 8 24 22 18 16
22 20 21 23 24 4 2 12 8 6 10 14 24 20 18 10 14 24 20 18
24 19 19 23 19 2 6 4 12 10 8 18 16 24 22 8 18 16 24 22
19 21 21 24 19 4 2 12 8 6 10 14 24 20 18 10 14 24 20 18
22 22 21 24 24 6 4 2 10 8 12 16 14 22 20 12 16 14 22 20
23 22 23 19 23 2 12 10 6 4 8 24 22 18 16 8 24 22 18 16

SIZE: 28 x 20
METHOD: Six-block row decomposition construction (Theorem 21 and Appendix A.3), with t=4 five-column inputs of row sizes 6,6,6,10, and 15 added columns from factorized input pairs. The total added-column weight is 18.
MATRIX:
2 3 5 6 4 1 7 7 7 7 1 7 7 7 7 1 7 7 7 7
3 5 6 4 2 3 9 9 9 9 3 9 9 9 9 3 9 9 9 9
5 6 4 2 3 5 11 11 11 11 5 11 11 11 11 5 11 11 11 11
6 4 2 3 5 1 1 1 1 1 1 1 1 1 1 1 1 1 1 1
4 2 3 5 6 3 3 3 3 3 3 3 3 3 3 3 3 3 3 3
1 1 1 1 1 5 5 5 5 5 5 5 5 5 5 5 5 5 5 5
8 9 11 12 10 7 19 19 19 19 7 19 19 19 19 2 6 4 12 10
9 11 12 10 8 9 21 21 21 21 9 21 21 21 21 4 8 6 2 12
11 12 10 8 9 11 23 23 23 23 11 23 23 23 23 6 10 8 4 2
12 10 8 9 11 7 13 13 13 13 7 13 13 13 13 2 12 10 6 4
10 8 9 11 12 9 15 15 15 15 9 15 15 15 15 4 2 12 8 6
7 7 7 7 7 11 17 17 17 17 11 17 17 17 17 6 4 2 10 8
14 15 17 18 16 8 18 16 24 22 2 6 4 12 10 7 19 19 19 19
15 17 18 16 14 10 20 18 14 24 4 8 6 2 12 9 21 21 21 21
17 18 16 14 15 12 22 20 16 14 6 10 8 4 2 11 23 23 23 23
18 16 14 15 17 8 24 22 18 16 2 12 10 6 4 7 13 13 13 13
16 14 15 17 18 10 14 24 20 18 4 2 12 8 6 9 15 15 15 15
13 13 13 13 13 12 16 14 22 20 6 4 2 10 8 11 17 17 17 17
20 21 23 24 22 4 8 6 2 12 10 20 18 14 24 10 20 18 14 24
21 23 24 22 20 4 2 12 8 6 10 14 24 20 18 10 14 24 20 18
23 24 22 20 21 6 4 2 10 8 12 16 14 22 20 12 16 14 22 20
24 22 20 21 23 6 4 2 10 8 12 16 14 22 20 12 16 14 22 20
22 20 21 23 24 6 10 8 4 2 12 22 20 16 14 12 22 20 16 14
23 24 24 19 23 4 2 12 8 6 10 14 24 20 18 10 14 24 20 18
24 19 24 22 19 2 12 10 6 4 8 24 22 18 16 8 24 22 18 16
24 19 19 21 21 2 12 10 6 4 8 24 22 18 16 8 24 22 18 16
23 23 24 24 19 2 6 4 12 10 8 18 16 24 22 8 18 16 24 22
19 23 23 22 23 2 6 4 12 10 8 18 16 24 22 8 18 16 24 22

SIZE: 29 x 20
METHOD: Six-block row decomposition construction (Theorem 21 and Appendix A.3), with t=4 five-column inputs of row sizes 6,6,6,11, and 15 added columns from factorized input pairs. The total added-column weight is 18.
MATRIX:
2 3 5 6 4 1 7 7 7 7 1 7 7 7 7 1 7 7 7 7
3 5 6 4 2 3 9 9 9 9 3 9 9 9 9 3 9 9 9 9
5 6 4 2 3 5 11 11 11 11 5 11 11 11 11 5 11 11 11 11
6 4 2 3 5 1 1 1 1 1 1 1 1 1 1 1 1 1 1 1
4 2 3 5 6 3 3 3 3 3 3 3 3 3 3 3 3 3 3 3
1 1 1 1 1 5 5 5 5 5 5 5 5 5 5 5 5 5 5 5
8 9 11 12 10 7 19 19 19 19 7 19 19 19 19 2 6 4 12 10
9 11 12 10 8 9 21 21 21 21 9 21 21 21 21 4 8 6 2 12
11 12 10 8 9 11 23 23 23 23 11 23 23 23 23 6 10 8 4 2
12 10 8 9 11 7 13 13 13 13 7 13 13 13 13 2 12 10 6 4
10 8 9 11 12 9 15 15 15 15 9 15 15 15 15 4 2 12 8 6
7 7 7 7 7 11 17 17 17 17 11 17 17 17 17 6 4 2 10 8
14 15 17 18 16 8 18 16 24 22 2 6 4 12 10 7 19 19 19 19
15 17 18 16 14 10 20 18 14 24 4 8 6 2 12 9 21 21 21 21
17 18 16 14 15 12 22 20 16 14 6 10 8 4 2 11 23 23 23 23
18 16 14 15 17 8 24 22 18 16 2 12 10 6 4 7 13 13 13 13
16 14 15 17 18 10 14 24 20 18 4 2 12 8 6 9 15 15 15 15
13 13 13 13 13 12 16 14 22 20 6 4 2 10 8 11 17 17 17 17
20 21 23 24 22 6 4 2 10 8 12 16 14 22 20 12 16 14 22 20
21 23 24 22 20 2 12 10 6 4 8 24 22 18 16 8 24 22 18 16
23 24 22 20 21 6 10 8 4 2 12 22 20 16 14 12 22 20 16 14
24 22 20 21 23 6 4 2 10 8 12 16 14 22 20 12 16 14 22 20
22 20 21 23 24 2 12 10 6 4 8 24 22 18 16 8 24 22 18 16
22 19 24 22 22 4 8 6 2 12 10 20 18 14 24 10 20 18 14 24
21 22 19 19 19 4 2 12 8 6 10 14 24 20 18 10 14 24 20 18
22 21 21 24 21 4 8 6 2 12 10 20 18 14 24 10 20 18 14 24
22 21 22 19 21 4 2 12 8 6 10 14 24 20 18 10 14 24 20 18
21 21 21 23 19 2 6 4 12 10 8 18 16 24 22 8 18 16 24 22
19 21 23 24 22 2 6 4 12 10 8 18 16 24 22 8 18 16 24 22

SIZE: 30 x 20
METHOD: Six-block row decomposition construction (Theorem 21 and Appendix A.3), with t=4 five-column inputs of row sizes 6,6,6,12, and 15 added columns from factorized input pairs. The total added-column weight is 18.
MATRIX:
2 3 5 6 4 1 7 7 7 7 1 7 7 7 7 1 7 7 7 7
3 5 6 4 2 3 9 9 9 9 3 9 9 9 9 3 9 9 9 9
5 6 4 2 3 5 11 11 11 11 5 11 11 11 11 5 11 11 11 11
6 4 2 3 5 1 1 1 1 1 1 1 1 1 1 1 1 1 1 1
4 2 3 5 6 3 3 3 3 3 3 3 3 3 3 3 3 3 3 3
1 1 1 1 1 5 5 5 5 5 5 5 5 5 5 5 5 5 5 5
8 9 11 12 10 7 19 19 19 19 7 19 19 19 19 2 6 4 12 10
9 11 12 10 8 9 21 21 21 21 9 21 21 21 21 4 8 6 2 12
11 12 10 8 9 11 23 23 23 23 11 23 23 23 23 6 10 8 4 2
12 10 8 9 11 7 13 13 13 13 7 13 13 13 13 2 12 10 6 4
10 8 9 11 12 9 15 15 15 15 9 15 15 15 15 4 2 12 8 6
7 7 7 7 7 11 17 17 17 17 11 17 17 17 17 6 4 2 10 8
14 15 17 18 16 8 18 16 24 22 2 6 4 12 10 7 19 19 19 19
15 17 18 16 14 10 20 18 14 24 4 8 6 2 12 9 21 21 21 21
17 18 16 14 15 12 22 20 16 14 6 10 8 4 2 11 23 23 23 23
18 16 14 15 17 8 24 22 18 16 2 12 10 6 4 7 13 13 13 13
16 14 15 17 18 10 14 24 20 18 4 2 12 8 6 9 15 15 15 15
13 13 13 13 13 12 16 14 22 20 6 4 2 10 8 11 17 17 17 17
20 21 23 24 22 6 10 8 4 2 12 22 20 16 14 12 22 20 16 14
21 23 24 22 20 2 12 10 6 4 8 24 22 18 16 8 24 22 18 16
23 24 22 20 21 4 2 12 8 6 10 14 24 20 18 10 14 24 20 18
24 22 20 21 23 2 6 4 12 10 8 18 16 24 22 8 18 16 24 22
22 20 21 23 24 4 2 12 8 6 10 14 24 20 18 10 14 24 20 18
19 23 23 24 24 2 12 10 6 4 8 24 22 18 16 8 24 22 18 16
21 21 24 19 19 6 4 2 10 8 12 16 14 22 20 12 16 14 22 20
22 23 19 23 23 6 4 2 10 8 12 16 14 22 20 12 16 14 22 20
22 19 21 23 24 4 8 6 2 12 10 20 18 14 24 10 20 18 14 24
21 23 23 23 24 6 10 8 4 2 12 22 20 16 14 12 22 20 16 14
22 23 24 24 24 4 8 6 2 12 10 20 18 14 24 10 20 18 14 24
22 23 22 23 24 2 6 4 12 10 8 18 16 24 22 8 18 16 24 22

SIZE: 31 x 20
METHOD: Six-block row decomposition construction (Theorem 21 and Appendix A.3), with t=4 five-column inputs of row sizes 6,6,6,13, and 15 added columns from factorized input pairs. The total added-column weight is 18.
MATRIX:
2 3 5 6 4 1 7 7 7 7 1 7 7 7 7 1 7 7 7 7
3 5 6 4 2 3 9 9 9 9 3 9 9 9 9 3 9 9 9 9
5 6 4 2 3 5 11 11 11 11 5 11 11 11 11 5 11 11 11 11
6 4 2 3 5 1 1 1 1 1 1 1 1 1 1 1 1 1 1 1
4 2 3 5 6 3 3 3 3 3 3 3 3 3 3 3 3 3 3 3
1 1 1 1 1 5 5 5 5 5 5 5 5 5 5 5 5 5 5 5
8 9 11 12 10 7 19 19 19 19 7 19 19 19 19 2 6 4 12 10
9 11 12 10 8 9 21 21 21 21 9 21 21 21 21 4 8 6 2 12
11 12 10 8 9 11 23 23 23 23 11 23 23 23 23 6 10 8 4 2
12 10 8 9 11 7 13 13 13 13 7 13 13 13 13 2 12 10 6 4
10 8 9 11 12 9 15 15 15 15 9 15 15 15 15 4 2 12 8 6
7 7 7 7 7 11 17 17 17 17 11 17 17 17 17 6 4 2 10 8
14 15 17 18 16 8 18 16 24 22 2 6 4 12 10 7 19 19 19 19
15 17 18 16 14 10 20 18 14 24 4 8 6 2 12 9 21 21 21 21
17 18 16 14 15 12 22 20 16 14 6 10 8 4 2 11 23 23 23 23
18 16 14 15 17 8 24 22 18 16 2 12 10 6 4 7 13 13 13 13
16 14 15 17 18 10 14 24 20 18 4 2 12 8 6 9 15 15 15 15
13 13 13 13 13 12 16 14 22 20 6 4 2 10 8 11 17 17 17 17
20 21 23 24 22 6 10 8 4 2 12 22 20 16 14 12 22 20 16 14
21 23 24 22 20 4 2 12 8 6 10 14 24 20 18 10 14 24 20 18
23 24 22 20 21 6 4 2 10 8 12 16 14 22 20 12 16 14 22 20
24 22 20 21 23 6 10 8 4 2 12 22 20 16 14 12 22 20 16 14
22 20 21 23 24 4 8 6 2 12 10 20 18 14 24 10 20 18 14 24
21 21 24 19 19 2 12 10 6 4 8 24 22 18 16 8 24 22 18 16
19 23 23 24 24 4 8 6 2 12 10 20 18 14 24 10 20 18 14 24
24 22 19 21 23 6 4 2 10 8 12 16 14 22 20 12 16 14 22 20
22 19 24 22 22 2 12 10 6 4 8 24 22 18 16 8 24 22 18 16
24 22 23 22 23 2 6 4 12 10 8 18 16 24 22 8 18 16 24 22
23 22 23 19 23 4 2 12 8 6 10 14 24 20 18 10 14 24 20 18
24 19 23 23 24 2 6 4 12 10 8 18 16 24 22 8 18 16 24 22
24 21 23 23 23 2 12 10 6 4 8 24 22 18 16 8 24 22 18 16

SIZE: 32 x 20
METHOD: Six-block row decomposition construction (Theorem 21 and Appendix A.3), with t=4 five-column inputs of row sizes 6,6,6,14, and 15 added columns from factorized input pairs. The total added-column weight is 18.
MATRIX:
2 3 5 6 4 1 7 7 7 7 1 7 7 7 7 1 7 7 7 7
3 5 6 4 2 3 9 9 9 9 3 9 9 9 9 3 9 9 9 9
5 6 4 2 3 5 11 11 11 11 5 11 11 11 11 5 11 11 11 11
6 4 2 3 5 1 1 1 1 1 1 1 1 1 1 1 1 1 1 1
4 2 3 5 6 3 3 3 3 3 3 3 3 3 3 3 3 3 3 3
1 1 1 1 1 5 5 5 5 5 5 5 5 5 5 5 5 5 5 5
8 9 11 12 10 7 19 19 19 19 7 19 19 19 19 2 6 4 12 10
9 11 12 10 8 9 21 21 21 21 9 21 21 21 21 4 8 6 2 12
11 12 10 8 9 11 23 23 23 23 11 23 23 23 23 6 10 8 4 2
12 10 8 9 11 7 13 13 13 13 7 13 13 13 13 2 12 10 6 4
10 8 9 11 12 9 15 15 15 15 9 15 15 15 15 4 2 12 8 6
7 7 7 7 7 11 17 17 17 17 11 17 17 17 17 6 4 2 10 8
14 15 17 18 16 8 18 16 24 22 2 6 4 12 10 7 19 19 19 19
15 17 18 16 14 10 20 18 14 24 4 8 6 2 12 9 21 21 21 21
17 18 16 14 15 12 22 20 16 14 6 10 8 4 2 11 23 23 23 23
18 16 14 15 17 8 24 22 18 16 2 12 10 6 4 7 13 13 13 13
16 14 15 17 18 10 14 24 20 18 4 2 12 8 6 9 15 15 15 15
13 13 13 13 13 12 16 14 22 20 6 4 2 10 8 11 17 17 17 17
20 21 23 24 22 2 12 10 6 4 8 24 22 18 16 8 24 22 18 16
21 23 24 22 20 4 8 6 2 12 10 20 18 14 24 10 20 18 14 24
23 24 22 20 21 2 6 4 12 10 8 18 16 24 22 8 18 16 24 22
24 22 20 21 23 2 6 4 12 10 8 18 16 24 22 8 18 16 24 22
22 20 21 23 24 6 4 2 10 8 12 16 14 22 20 12 16 14 22 20
24 19 19 21 21 6 10 8 4 2 12 22 20 16 14 12 22 20 16 14
23 24 24 24 22 4 2 12 8 6 10 14 24 20 18 10 14 24 20 18
19 23 23 22 23 6 10 8 4 2 12 22 20 16 14 12 22 20 16 14
23 23 24 24 19 4 2 12 8 6 10 14 24 20 18 10 14 24 20 18
24 24 22 22 21 4 2 12 8 6 10 14 24 20 18 10 14 24 20 18
23 24 22 23 22 2 12 10 6 4 8 24 22 18 16 8 24 22 18 16
23 24 21 24 21 2 12 10 6 4 8 24 22 18 16 8 24 22 18 16
23 24 22 19 21 6 4 2 10 8 12 16 14 22 20 12 16 14 22 20
23 24 21 23 23 4 8 6 2 12 10 20 18 14 24 10 20 18 14 24

SIZE: 33 x 20
METHOD: Six-block row decomposition construction (Theorem 21 and Appendix A.3), with t=4 five-column inputs of row sizes 6,6,6,15, and 15 added columns from factorized input pairs. The total added-column weight is 18.
MATRIX:
2 3 5 6 4 1 7 7 7 7 1 7 7 7 7 1 7 7 7 7
3 5 6 4 2 3 9 9 9 9 3 9 9 9 9 3 9 9 9 9
5 6 4 2 3 5 11 11 11 11 5 11 11 11 11 5 11 11 11 11
6 4 2 3 5 1 1 1 1 1 1 1 1 1 1 1 1 1 1 1
4 2 3 5 6 3 3 3 3 3 3 3 3 3 3 3 3 3 3 3
1 1 1 1 1 5 5 5 5 5 5 5 5 5 5 5 5 5 5 5
8 9 11 12 10 7 19 19 19 19 7 19 19 19 19 2 6 4 12 10
9 11 12 10 8 9 21 21 21 21 9 21 21 21 21 4 8 6 2 12
11 12 10 8 9 11 23 23 23 23 11 23 23 23 23 6 10 8 4 2
12 10 8 9 11 7 13 13 13 13 7 13 13 13 13 2 12 10 6 4
10 8 9 11 12 9 15 15 15 15 9 15 15 15 15 4 2 12 8 6
7 7 7 7 7 11 17 17 17 17 11 17 17 17 17 6 4 2 10 8
14 15 17 18 16 8 18 16 24 22 2 6 4 12 10 7 19 19 19 19
15 17 18 16 14 10 20 18 14 24 4 8 6 2 12 9 21 21 21 21
17 18 16 14 15 12 22 20 16 14 6 10 8 4 2 11 23 23 23 23
18 16 14 15 17 8 24 22 18 16 2 12 10 6 4 7 13 13 13 13
16 14 15 17 18 10 14 24 20 18 4 2 12 8 6 9 15 15 15 15
13 13 13 13 13 12 16 14 22 20 6 4 2 10 8 11 17 17 17 17
20 21 23 24 22 2 6 4 12 10 8 18 16 24 22 8 18 16 24 22
21 23 24 22 20 2 12 10 6 4 8 24 22 18 16 8 24 22 18 16
23 24 22 20 21 6 10 8 4 2 12 22 20 16 14 12 22 20 16 14
24 22 20 21 23 2 12 10 6 4 8 24 22 18 16 8 24 22 18 16
22 20 21 23 24 2 12 10 6 4 8 24 22 18 16 8 24 22 18 16
24 22 23 22 23 4 2 12 8 6 10 14 24 20 18 10 14 24 20 18
19 23 19 21 23 6 4 2 10 8 12 16 14 22 20 12 16 14 22 20
23 24 21 24 21 6 4 2 10 8 12 16 14 22 20 12 16 14 22 20
23 24 22 19 21 4 8 6 2 12 10 20 18 14 24 10 20 18 14 24
21 23 24 22 19 6 4 2 10 8 12 16 14 22 20 12 16 14 22 20
22 19 24 22 22 6 10 8 4 2 12 22 20 16 14 12 22 20 16 14
21 24 21 23 24 2 6 4 12 10 8 18 16 24 22 8 18 16 24 22
24 22 23 24 24 4 2 12 8 6 10 14 24 20 18 10 14 24 20 18
21 23 24 21 24 4 8 6 2 12 10 20 18 14 24 10 20 18 14 24
21 23 23 23 24 4 2 12 8 6 10 14 24 20 18 10 14 24 20 18

SIZE: 34 x 20
METHOD: Six-block row decomposition construction (Theorem 21 and Appendix A.3), with t=4 five-column inputs of row sizes 6,6,6,16, and 15 added columns from factorized input pairs. The total added-column weight is 18.
MATRIX:
2 3 5 6 4 1 7 7 7 7 1 7 7 7 7 1 7 7 7 7
3 5 6 4 2 3 9 9 9 9 3 9 9 9 9 3 9 9 9 9
5 6 4 2 3 5 11 11 11 11 5 11 11 11 11 5 11 11 11 11
6 4 2 3 5 1 1 1 1 1 1 1 1 1 1 1 1 1 1 1
4 2 3 5 6 3 3 3 3 3 3 3 3 3 3 3 3 3 3 3
1 1 1 1 1 5 5 5 5 5 5 5 5 5 5 5 5 5 5 5
8 9 11 12 10 7 19 19 19 19 7 19 19 19 19 2 6 4 12 10
9 11 12 10 8 9 21 21 21 21 9 21 21 21 21 4 8 6 2 12
11 12 10 8 9 11 23 23 23 23 11 23 23 23 23 6 10 8 4 2
12 10 8 9 11 7 13 13 13 13 7 13 13 13 13 2 12 10 6 4
10 8 9 11 12 9 15 15 15 15 9 15 15 15 15 4 2 12 8 6
7 7 7 7 7 11 17 17 17 17 11 17 17 17 17 6 4 2 10 8
14 15 17 18 16 8 18 16 24 22 2 6 4 12 10 7 19 19 19 19
15 17 18 16 14 10 20 18 14 24 4 8 6 2 12 9 21 21 21 21
17 18 16 14 15 12 22 20 16 14 6 10 8 4 2 11 23 23 23 23
18 16 14 15 17 8 24 22 18 16 2 12 10 6 4 7 13 13 13 13
16 14 15 17 18 10 14 24 20 18 4 2 12 8 6 9 15 15 15 15
13 13 13 13 13 12 16 14 22 20 6 4 2 10 8 11 17 17 17 17
20 21 23 24 22 2 12 10 6 4 8 24 22 18 16 8 24 22 18 16
21 23 24 22 20 4 8 6 2 12 10 20 18 14 24 10 20 18 14 24
23 24 22 20 21 4 2 12 8 6 10 14 24 20 18 10 14 24 20 18
24 22 20 21 23 2 12 10 6 4 8 24 22 18 16 8 24 22 18 16
22 20 21 23 24 2 6 4 12 10 8 18 16 24 22 8 18 16 24 22
22 23 24 24 24 2 12 10 6 4 8 24 22 18 16 8 24 22 18 16
21 22 21 22 19 6 4 2 10 8 12 16 14 22 20 12 16 14 22 20
21 21 23 23 22 6 4 2 10 8 12 16 14 22 20 12 16 14 22 20
22 21 21 23 23 4 2 12 8 6 10 14 24 20 18 10 14 24 20 18
22 21 22 23 22 2 6 4 12 10 8 18 16 24 22 8 18 16 24 22
22 22 19 19 23 6 10 8 4 2 12 22 20 16 14 12 22 20 16 14
21 21 21 21 21 2 6 4 12 10 8 18 16 24 22 8 18 16 24 22
19 21 23 24 22 6 4 2 10 8 12 16 14 22 20 12 16 14 22 20
21 22 21 21 24 6 10 8 4 2 12 22 20 16 14 12 22 20 16 14
22 19 21 23 24 4 8 6 2 12 10 20 18 14 24 10 20 18 14 24
21 21 24 21 22 4 2 12 8 6 10 14 24 20 18 10 14 24 20 18

SIZE: 35 x 20
METHOD: Six-block row decomposition construction (Theorem 21 and Appendix A.3), with t=4 five-column inputs of row sizes 6,6,8,15, and 15 added columns from factorized input pairs. The total added-column weight is 18.
MATRIX:
2 3 5 6 4 1 7 7 7 7 1 7 7 7 7 1 7 7 7 7
3 5 6 4 2 3 9 9 9 9 3 9 9 9 9 3 9 9 9 9
5 6 4 2 3 5 11 11 11 11 5 11 11 11 11 5 11 11 11 11
6 4 2 3 5 1 1 1 1 1 1 1 1 1 1 1 1 1 1 1
4 2 3 5 6 3 3 3 3 3 3 3 3 3 3 3 3 3 3 3
1 1 1 1 1 5 5 5 5 5 5 5 5 5 5 5 5 5 5 5
8 9 11 12 10 7 19 19 19 19 7 19 19 19 19 2 6 4 12 10
9 11 12 10 8 9 21 21 21 21 9 21 21 21 21 4 8 6 2 12
11 12 10 8 9 11 23 23 23 23 11 23 23 23 23 6 10 8 4 2
12 10 8 9 11 7 13 13 13 13 7 13 13 13 13 2 12 10 6 4
10 8 9 11 12 9 15 15 15 15 9 15 15 15 15 4 2 12 8 6
7 7 7 7 7 11 17 17 17 17 11 17 17 17 17 6 4 2 10 8
13 13 13 13 13 8 24 22 18 16 2 12 10 6 4 7 13 13 13 13
13 14 15 15 15 10 14 24 20 18 4 2 12 8 6 9 15 15 15 15
14 15 17 17 17 12 16 14 22 20 6 4 2 10 8 11 17 17 17 17
14 16 19 19 19 8 18 16 24 22 2 6 4 12 10 7 19 19 19 19
15 15 18 14 16 8 18 16 24 22 2 6 4 12 10 7 19 19 19 19
15 16 20 16 14 10 20 18 14 24 4 8 6 2 12 9 21 21 21 21
16 13 14 18 20 10 14 24 20 18 4 2 12 8 6 9 15 15 15 15
16 14 16 20 18 12 22 20 16 14 6 10 8 4 2 11 23 23 23 23
18 19 25 26 24 2 6 4 12 10 8 18 16 24 22 8 18 16 24 22
19 21 26 24 22 2 12 10 6 4 8 24 22 18 16 8 24 22 18 16
21 22 24 22 23 6 10 8 4 2 12 22 20 16 14 12 22 20 16 14
22 20 22 23 25 2 12 10 6 4 8 24 22 18 16 8 24 22 18 16
20 18 23 25 26 2 12 10 6 4 8 24 22 18 16 8 24 22 18 16
22 20 25 24 25 4 2 12 8 6 10 14 24 20 18 10 14 24 20 18
17 21 21 23 25 6 4 2 10 8 12 16 14 22 20 12 16 14 22 20
21 22 23 26 23 6 4 2 10 8 12 16 14 22 20 12 16 14 22 20
21 22 24 21 23 4 8 6 2 12 10 20 18 14 24 10 20 18 14 24
19 21 26 24 21 6 4 2 10 8 12 16 14 22 20 12 16 14 22 20
20 17 26 24 24 6 10 8 4 2 12 22 20 16 14 12 22 20 16 14
19 22 23 25 26 2 6 4 12 10 8 18 16 24 22 8 18 16 24 22
22 20 25 26 26 4 2 12 8 6 10 14 24 20 18 10 14 24 20 18
19 21 26 23 26 4 8 6 2 12 10 20 18 14 24 10 20 18 14 24
19 21 25 25 26 4 2 12 8 6 10 14 24 20 18 10 14 24 20 18

SIZE: 36 x 20
METHOD: Six-block row decomposition construction (Theorem 21 and Appendix A.3), with t=4 five-column inputs of row sizes 6,6,8,16, and 15 added columns from factorized input pairs. The total added-column weight is 18.
MATRIX:
2 3 5 6 4 1 7 7 7 7 1 7 7 7 7 1 7 7 7 7
3 5 6 4 2 3 9 9 9 9 3 9 9 9 9 3 9 9 9 9
5 6 4 2 3 5 11 11 11 11 5 11 11 11 11 5 11 11 11 11
6 4 2 3 5 1 1 1 1 1 1 1 1 1 1 1 1 1 1 1
4 2 3 5 6 3 3 3 3 3 3 3 3 3 3 3 3 3 3 3
1 1 1 1 1 5 5 5 5 5 5 5 5 5 5 5 5 5 5 5
8 9 11 12 10 7 19 19 19 19 7 19 19 19 19 2 6 4 12 10
9 11 12 10 8 9 21 21 21 21 9 21 21 21 21 4 8 6 2 12
11 12 10 8 9 11 23 23 23 23 11 23 23 23 23 6 10 8 4 2
12 10 8 9 11 7 13 13 13 13 7 13 13 13 13 2 12 10 6 4
10 8 9 11 12 9 15 15 15 15 9 15 15 15 15 4 2 12 8 6
7 7 7 7 7 11 17 17 17 17 11 17 17 17 17 6 4 2 10 8
13 13 13 13 13 8 24 22 18 16 2 12 10 6 4 7 13 13 13 13
13 14 15 15 15 10 14 24 20 18 4 2 12 8 6 9 15 15 15 15
14 15 17 17 17 12 16 14 22 20 6 4 2 10 8 11 17 17 17 17
14 16 19 19 19 8 18 16 24 22 2 6 4 12 10 7 19 19 19 19
15 15 18 14 16 8 18 16 24 22 2 6 4 12 10 7 19 19 19 19
15 16 20 16 14 10 20 18 14 24 4 8 6 2 12 9 21 21 21 21
16 13 14 18 20 10 14 24 20 18 4 2 12 8 6 9 15 15 15 15
16 14 16 20 18 12 22 20 16 14 6 10 8 4 2 11 23 23 23 23
18 19 25 26 24 2 12 10 6 4 8 24 22 18 16 8 24 22 18 16
19 21 26 24 22 4 8 6 2 12 10 20 18 14 24 10 20 18 14 24
21 22 24 22 23 4 2 12 8 6 10 14 24 20 18 10 14 24 20 18
22 20 22 23 25 2 12 10 6 4 8 24 22 18 16 8 24 22 18 16
20 18 23 25 26 2 6 4 12 10 8 18 16 24 22 8 18 16 24 22
20 21 26 26 26 2 12 10 6 4 8 24 22 18 16 8 24 22 18 16
19 20 23 24 21 6 4 2 10 8 12 16 14 22 20 12 16 14 22 20
19 19 25 25 24 6 4 2 10 8 12 16 14 22 20 12 16 14 22 20
20 19 23 25 25 4 2 12 8 6 10 14 24 20 18 10 14 24 20 18
20 19 24 25 24 2 6 4 12 10 8 18 16 24 22 8 18 16 24 22
20 20 21 21 25 6 10 8 4 2 12 22 20 16 14 12 22 20 16 14
19 19 23 23 23 2 6 4 12 10 8 18 16 24 22 8 18 16 24 22
17 19 25 26 24 6 4 2 10 8 12 16 14 22 20 12 16 14 22 20
19 20 23 23 26 6 10 8 4 2 12 22 20 16 14 12 22 20 16 14
20 17 23 25 26 4 8 6 2 12 10 20 18 14 24 10 20 18 14 24
19 19 26 23 24 4 2 12 8 6 10 14 24 20 18 10 14 24 20 18

SIZE: 37 x 20
METHOD: Six-block row decomposition construction (Theorem 21 and Appendix A.3), with t=4 five-column inputs of row sizes 6,6,9,16, and 15 added columns from factorized input pairs. The total added-column weight is 18.
MATRIX:
2 3 5 6 4 1 7 7 7 7 1 7 7 7 7 1 7 7 7 7
3 5 6 4 2 3 9 9 9 9 3 9 9 9 9 3 9 9 9 9
5 6 4 2 3 5 11 11 11 11 5 11 11 11 11 5 11 11 11 11
6 4 2 3 5 1 1 1 1 1 1 1 1 1 1 1 1 1 1 1
4 2 3 5 6 3 3 3 3 3 3 3 3 3 3 3 3 3 3 3
1 1 1 1 1 5 5 5 5 5 5 5 5 5 5 5 5 5 5 5
8 9 11 12 10 7 19 19 19 19 7 19 19 19 19 2 6 4 12 10
9 11 12 10 8 9 21 21 21 21 9 21 21 21 21 4 8 6 2 12
11 12 10 8 9 11 23 23 23 23 11 23 23 23 23 6 10 8 4 2
12 10 8 9 11 7 13 13 13 13 7 13 13 13 13 2 12 10 6 4
10 8 9 11 12 9 15 15 15 15 9 15 15 15 15 4 2 12 8 6
7 7 7 7 7 11 17 17 17 17 11 17 17 17 17 6 4 2 10 8
14 15 17 18 16 12 16 14 22 20 6 4 2 10 8 11 17 17 17 17
15 17 18 16 14 12 22 20 16 14 6 10 8 4 2 11 23 23 23 23
17 18 16 14 15 10 20 18 14 24 4 8 6 2 12 9 21 21 21 21
18 16 14 15 17 8 24 22 18 16 2 12 10 6 4 7 13 13 13 13
16 14 15 17 18 10 14 24 20 18 4 2 12 8 6 9 15 15 15 15
18 13 13 17 13 8 18 16 24 22 2 6 4 12 10 7 19 19 19 19
13 15 15 18 13 10 14 24 20 18 4 2 12 8 6 9 15 15 15 15
16 16 15 18 18 12 16 14 22 20 6 4 2 10 8 11 17 17 17 17
17 16 17 13 17 8 24 22 18 16 2 12 10 6 4 7 13 13 13 13
20 21 23 24 22 2 12 10 6 4 8 24 22 18 16 8 24 22 18 16
21 23 24 22 20 4 8 6 2 12 10 20 18 14 24 10 20 18 14 24
23 24 22 20 21 4 2 12 8 6 10 14 24 20 18 10 14 24 20 18
24 22 20 21 23 2 12 10 6 4 8 24 22 18 16 8 24 22 18 16
22 20 21 23 24 2 6 4 12 10 8 18 16 24 22 8 18 16 24 22
22 23 24 24 24 2 12 10 6 4 8 24 22 18 16 8 24 22 18 16
21 22 21 22 19 6 4 2 10 8 12 16 14 22 20 12 16 14 22 20
21 21 23 23 22 6 4 2 10 8 12 16 14 22 20 12 16 14 22 20
22 21 21 23 23 4 2 12 8 6 10 14 24 20 18 10 14 24 20 18
22 21 22 23 22 2 6 4 12 10 8 18 16 24 22 8 18 16 24 22
22 22 19 19 23 6 10 8 4 2 12 22 20 16 14 12 22 20 16 14
21 21 21 21 21 2 6 4 12 10 8 18 16 24 22 8 18 16 24 22
19 21 23 24 22 6 4 2 10 8 12 16 14 22 20 12 16 14 22 20
21 22 21 21 24 6 10 8 4 2 12 22 20 16 14 12 22 20 16 14
22 19 21 23 24 4 8 6 2 12 10 20 18 14 24 10 20 18 14 24
21 21 24 21 22 4 2 12 8 6 10 14 24 20 18 10 14 24 20 18

SIZE: 38 x 20
METHOD: Six-block row decomposition construction (Theorem 21 and Appendix A.3), with t=4 five-column inputs of row sizes 6,6,10,16, and 15 added columns from factorized input pairs. The total added-column weight is 18.
MATRIX:
2 3 5 6 4 1 7 7 7 7 1 7 7 7 7 1 7 7 7 7
3 5 6 4 2 3 9 9 9 9 3 9 9 9 9 3 9 9 9 9
5 6 4 2 3 5 11 11 11 11 5 11 11 11 11 5 11 11 11 11
6 4 2 3 5 1 1 1 1 1 1 1 1 1 1 1 1 1 1 1
4 2 3 5 6 3 3 3 3 3 3 3 3 3 3 3 3 3 3 3
1 1 1 1 1 5 5 5 5 5 5 5 5 5 5 5 5 5 5 5
8 9 11 12 10 7 19 19 19 19 7 19 19 19 19 2 6 4 12 10
9 11 12 10 8 9 21 21 21 21 9 21 21 21 21 4 8 6 2 12
11 12 10 8 9 11 23 23 23 23 11 23 23 23 23 6 10 8 4 2
12 10 8 9 11 7 13 13 13 13 7 13 13 13 13 2 12 10 6 4
10 8 9 11 12 9 15 15 15 15 9 15 15 15 15 4 2 12 8 6
7 7 7 7 7 11 17 17 17 17 11 17 17 17 17 6 4 2 10 8
14 15 17 18 16 10 20 18 14 24 4 8 6 2 12 9 21 21 21 21
15 17 18 16 14 10 14 24 20 18 4 2 12 8 6 9 15 15 15 15
17 18 16 14 15 12 16 14 22 20 6 4 2 10 8 11 17 17 17 17
18 16 14 15 17 12 16 14 22 20 6 4 2 10 8 11 17 17 17 17
16 14 15 17 18 12 22 20 16 14 6 10 8 4 2 11 23 23 23 23
17 18 18 13 17 10 14 24 20 18 4 2 12 8 6 9 15 15 15 15
18 13 18 16 13 8 24 22 18 16 2 12 10 6 4 7 13 13 13 13
18 13 13 15 15 8 24 22 18 16 2 12 10 6 4 7 13 13 13 13
17 17 18 18 13 8 18 16 24 22 2 6 4 12 10 7 19 19 19 19
13 17 17 16 17 8 18 16 24 22 2 6 4 12 10 7 19 19 19 19
20 21 23 24 22 2 12 10 6 4 8 24 22 18 16 8 24 22 18 16
21 23 24 22 20 4 8 6 2 12 10 20 18 14 24 10 20 18 14 24
23 24 22 20 21 4 2 12 8 6 10 14 24 20 18 10 14 24 20 18
24 22 20 21 23 2 12 10 6 4 8 24 22 18 16 8 24 22 18 16
22 20 21 23 24 2 6 4 12 10 8 18 16 24 22 8 18 16 24 22
22 23 24 24 24 2 12 10 6 4 8 24 22 18 16 8 24 22 18 16
21 22 21 22 19 6 4 2 10 8 12 16 14 22 20 12 16 14 22 20
21 21 23 23 22 6 4 2 10 8 12 16 14 22 20 12 16 14 22 20
22 21 21 23 23 4 2 12 8 6 10 14 24 20 18 10 14 24 20 18
22 21 22 23 22 2 6 4 12 10 8 18 16 24 22 8 18 16 24 22
22 22 19 19 23 6 10 8 4 2 12 22 20 16 14 12 22 20 16 14
21 21 21 21 21 2 6 4 12 10 8 18 16 24 22 8 18 16 24 22
19 21 23 24 22 6 4 2 10 8 12 16 14 22 20 12 16 14 22 20
21 22 21 21 24 6 10 8 4 2 12 22 20 16 14 12 22 20 16 14
22 19 21 23 24 4 8 6 2 12 10 20 18 14 24 10 20 18 14 24
21 21 24 21 22 4 2 12 8 6 10 14 24 20 18 10 14 24 20 18

SIZE: 39 x 20
METHOD: Six-block row decomposition construction (Theorem 21 and Appendix A.3), with t=4 five-column inputs of row sizes 6,6,11,16, and 15 added columns from factorized input pairs. The total added-column weight is 18.
MATRIX:
2 3 5 6 4 1 7 7 7 7 1 7 7 7 7 1 7 7 7 7
3 5 6 4 2 3 9 9 9 9 3 9 9 9 9 3 9 9 9 9
5 6 4 2 3 5 11 11 11 11 5 11 11 11 11 5 11 11 11 11
6 4 2 3 5 1 1 1 1 1 1 1 1 1 1 1 1 1 1 1
4 2 3 5 6 3 3 3 3 3 3 3 3 3 3 3 3 3 3 3
1 1 1 1 1 5 5 5 5 5 5 5 5 5 5 5 5 5 5 5
8 9 11 12 10 7 19 19 19 19 7 19 19 19 19 2 6 4 12 10
9 11 12 10 8 9 21 21 21 21 9 21 21 21 21 4 8 6 2 12
11 12 10 8 9 11 23 23 23 23 11 23 23 23 23 6 10 8 4 2
12 10 8 9 11 7 13 13 13 13 7 13 13 13 13 2 12 10 6 4
10 8 9 11 12 9 15 15 15 15 9 15 15 15 15 4 2 12 8 6
7 7 7 7 7 11 17 17 17 17 11 17 17 17 17 6 4 2 10 8
14 15 17 18 16 12 16 14 22 20 6 4 2 10 8 11 17 17 17 17
15 17 18 16 14 8 24 22 18 16 2 12 10 6 4 7 13 13 13 13
17 18 16 14 15 12 22 20 16 14 6 10 8 4 2 11 23 23 23 23
18 16 14 15 17 12 16 14 22 20 6 4 2 10 8 11 17 17 17 17
16 14 15 17 18 8 24 22 18 16 2 12 10 6 4 7 13 13 13 13
16 13 18 16 16 10 20 18 14 24 4 8 6 2 12 9 21 21 21 21
15 16 13 13 13 10 14 24 20 18 4 2 12 8 6 9 15 15 15 15
16 15 15 18 15 10 20 18 14 24 4 8 6 2 12 9 21 21 21 21
16 15 16 13 15 10 14 24 20 18 4 2 12 8 6 9 15 15 15 15
15 15 15 17 13 8 18 16 24 22 2 6 4 12 10 7 19 19 19 19
13 15 17 18 16 8 18 16 24 22 2 6 4 12 10 7 19 19 19 19
20 21 23 24 22 2 12 10 6 4 8 24 22 18 16 8 24 22 18 16
21 23 24 22 20 4 8 6 2 12 10 20 18 14 24 10 20 18 14 24
23 24 22 20 21 4 2 12 8 6 10 14 24 20 18 10 14 24 20 18
24 22 20 21 23 2 12 10 6 4 8 24 22 18 16 8 24 22 18 16
22 20 21 23 24 2 6 4 12 10 8 18 16 24 22 8 18 16 24 22
22 23 24 24 24 2 12 10 6 4 8 24 22 18 16 8 24 22 18 16
21 22 21 22 19 6 4 2 10 8 12 16 14 22 20 12 16 14 22 20
21 21 23 23 22 6 4 2 10 8 12 16 14 22 20 12 16 14 22 20
22 21 21 23 23 4 2 12 8 6 10 14 24 20 18 10 14 24 20 18
22 21 22 23 22 2 6 4 12 10 8 18 16 24 22 8 18 16 24 22
22 22 19 19 23 6 10 8 4 2 12 22 20 16 14 12 22 20 16 14
21 21 21 21 21 2 6 4 12 10 8 18 16 24 22 8 18 16 24 22
19 21 23 24 22 6 4 2 10 8 12 16 14 22 20 12 16 14 22 20
21 22 21 21 24 6 10 8 4 2 12 22 20 16 14 12 22 20 16 14
22 19 21 23 24 4 8 6 2 12 10 20 18 14 24 10 20 18 14 24
21 21 24 21 22 4 2 12 8 6 10 14 24 20 18 10 14 24 20 18

SIZE: 40 x 20
METHOD: Six-block row decomposition construction (Theorem 21 and Appendix A.3), with t=4 five-column inputs of row sizes 6,6,12,16, and 15 added columns from factorized input pairs. The total added-column weight is 18.
MATRIX:
2 3 5 6 4 1 7 7 7 7 1 7 7 7 7 1 7 7 7 7
3 5 6 4 2 3 9 9 9 9 3 9 9 9 9 3 9 9 9 9
5 6 4 2 3 5 11 11 11 11 5 11 11 11 11 5 11 11 11 11
6 4 2 3 5 1 1 1 1 1 1 1 1 1 1 1 1 1 1 1
4 2 3 5 6 3 3 3 3 3 3 3 3 3 3 3 3 3 3 3
1 1 1 1 1 5 5 5 5 5 5 5 5 5 5 5 5 5 5 5
8 9 11 12 10 7 19 19 19 19 7 19 19 19 19 2 6 4 12 10
9 11 12 10 8 9 21 21 21 21 9 21 21 21 21 4 8 6 2 12
11 12 10 8 9 11 23 23 23 23 11 23 23 23 23 6 10 8 4 2
12 10 8 9 11 7 13 13 13 13 7 13 13 13 13 2 12 10 6 4
10 8 9 11 12 9 15 15 15 15 9 15 15 15 15 4 2 12 8 6
7 7 7 7 7 11 17 17 17 17 11 17 17 17 17 6 4 2 10 8
14 15 17 18 16 12 22 20 16 14 6 10 8 4 2 11 23 23 23 23
15 17 18 16 14 8 24 22 18 16 2 12 10 6 4 7 13 13 13 13
17 18 16 14 15 10 14 24 20 18 4 2 12 8 6 9 15 15 15 15
18 16 14 15 17 8 18 16 24 22 2 6 4 12 10 7 19 19 19 19
16 14 15 17 18 10 14 24 20 18 4 2 12 8 6 9 15 15 15 15
13 17 17 18 18 8 24 22 18 16 2 12 10 6 4 7 13 13 13 13
15 15 18 13 13 12 16 14 22 20 6 4 2 10 8 11 17 17 17 17
16 17 13 17 17 12 16 14 22 20 6 4 2 10 8 11 17 17 17 17
16 13 15 17 18 10 20 18 14 24 4 8 6 2 12 9 21 21 21 21
15 17 17 17 18 12 22 20 16 14 6 10 8 4 2 11 23 23 23 23
16 17 18 18 18 10 20 18 14 24 4 8 6 2 12 9 21 21 21 21
16 17 16 17 18 8 18 16 24 22 2 6 4 12 10 7 19 19 19 19
20 21 23 24 22 2 12 10 6 4 8 24 22 18 16 8 24 22 18 16
21 23 24 22 20 4 8 6 2 12 10 20 18 14 24 10 20 18 14 24
23 24 22 20 21 4 2 12 8 6 10 14 24 20 18 10 14 24 20 18
24 22 20 21 23 2 12 10 6 4 8 24 22 18 16 8 24 22 18 16
22 20 21 23 24 2 6 4 12 10 8 18 16 24 22 8 18 16 24 22
22 23 24 24 24 2 12 10 6 4 8 24 22 18 16 8 24 22 18 16
21 22 21 22 19 6 4 2 10 8 12 16 14 22 20 12 16 14 22 20
21 21 23 23 22 6 4 2 10 8 12 16 14 22 20 12 16 14 22 20
22 21 21 23 23 4 2 12 8 6 10 14 24 20 18 10 14 24 20 18
22 21 22 23 22 2 6 4 12 10 8 18 16 24 22 8 18 16 24 22
22 22 19 19 23 6 10 8 4 2 12 22 20 16 14 12 22 20 16 14
21 21 21 21 21 2 6 4 12 10 8 18 16 24 22 8 18 16 24 22
19 21 23 24 22 6 4 2 10 8 12 16 14 22 20 12 16 14 22 20
21 22 21 21 24 6 10 8 4 2 12 22 20 16 14 12 22 20 16 14
22 19 21 23 24 4 8 6 2 12 10 20 18 14 24 10 20 18 14 24
21 21 24 21 22 4 2 12 8 6 10 14 24 20 18 10 14 24 20 18

SIZE: 41 x 20
METHOD: Six-block row decomposition construction (Theorem 21 and Appendix A.3), with t=4 five-column inputs of row sizes 6,6,13,16, and 15 added columns from factorized input pairs. The total added-column weight is 18.
MATRIX:
2 3 5 6 4 1 7 7 7 7 1 7 7 7 7 1 7 7 7 7
3 5 6 4 2 3 9 9 9 9 3 9 9 9 9 3 9 9 9 9
5 6 4 2 3 5 11 11 11 11 5 11 11 11 11 5 11 11 11 11
6 4 2 3 5 1 1 1 1 1 1 1 1 1 1 1 1 1 1 1
4 2 3 5 6 3 3 3 3 3 3 3 3 3 3 3 3 3 3 3
1 1 1 1 1 5 5 5 5 5 5 5 5 5 5 5 5 5 5 5
8 9 11 12 10 7 19 19 19 19 7 19 19 19 19 2 6 4 12 10
9 11 12 10 8 9 21 21 21 21 9 21 21 21 21 4 8 6 2 12
11 12 10 8 9 11 23 23 23 23 11 23 23 23 23 6 10 8 4 2
12 10 8 9 11 7 13 13 13 13 7 13 13 13 13 2 12 10 6 4
10 8 9 11 12 9 15 15 15 15 9 15 15 15 15 4 2 12 8 6
7 7 7 7 7 11 17 17 17 17 11 17 17 17 17 6 4 2 10 8
14 15 17 18 16 12 22 20 16 14 6 10 8 4 2 11 23 23 23 23
15 17 18 16 14 10 14 24 20 18 4 2 12 8 6 9 15 15 15 15
17 18 16 14 15 12 16 14 22 20 6 4 2 10 8 11 17 17 17 17
18 16 14 15 17 12 22 20 16 14 6 10 8 4 2 11 23 23 23 23
16 14 15 17 18 10 20 18 14 24 4 8 6 2 12 9 21 21 21 21
15 15 18 13 13 8 24 22 18 16 2 12 10 6 4 7 13 13 13 13
13 17 17 18 18 10 20 18 14 24 4 8 6 2 12 9 21 21 21 21
18 16 13 15 17 12 16 14 22 20 6 4 2 10 8 11 17 17 17 17
16 13 18 16 16 8 24 22 18 16 2 12 10 6 4 7 13 13 13 13
18 16 17 16 17 8 18 16 24 22 2 6 4 12 10 7 19 19 19 19
17 16 17 13 17 10 14 24 20 18 4 2 12 8 6 9 15 15 15 15
18 13 17 17 18 8 18 16 24 22 2 6 4 12 10 7 19 19 19 19
18 15 17 17 17 8 24 22 18 16 2 12 10 6 4 7 13 13 13 13
20 21 23 24 22 2 12 10 6 4 8 24 22 18 16 8 24 22 18 16
21 23 24 22 20 4 8 6 2 12 10 20 18 14 24 10 20 18 14 24
23 24 22 20 21 4 2 12 8 6 10 14 24 20 18 10 14 24 20 18
24 22 20 21 23 2 12 10 6 4 8 24 22 18 16 8 24 22 18 16
22 20 21 23 24 2 6 4 12 10 8 18 16 24 22 8 18 16 24 22
22 23 24 24 24 2 12 10 6 4 8 24 22 18 16 8 24 22 18 16
21 22 21 22 19 6 4 2 10 8 12 16 14 22 20 12 16 14 22 20
21 21 23 23 22 6 4 2 10 8 12 16 14 22 20 12 16 14 22 20
22 21 21 23 23 4 2 12 8 6 10 14 24 20 18 10 14 24 20 18
22 21 22 23 22 2 6 4 12 10 8 18 16 24 22 8 18 16 24 22
22 22 19 19 23 6 10 8 4 2 12 22 20 16 14 12 22 20 16 14
21 21 21 21 21 2 6 4 12 10 8 18 16 24 22 8 18 16 24 22
19 21 23 24 22 6 4 2 10 8 12 16 14 22 20 12 16 14 22 20
21 22 21 21 24 6 10 8 4 2 12 22 20 16 14 12 22 20 16 14
22 19 21 23 24 4 8 6 2 12 10 20 18 14 24 10 20 18 14 24
21 21 24 21 22 4 2 12 8 6 10 14 24 20 18 10 14 24 20 18

SIZE: 42 x 20
METHOD: Six-block row decomposition construction (Theorem 21 and Appendix A.3), with t=4 five-column inputs of row sizes 6,6,14,16, and 15 added columns from factorized input pairs. The total added-column weight is 18.
MATRIX:
2 3 5 6 4 1 7 7 7 7 1 7 7 7 7 1 7 7 7 7
3 5 6 4 2 3 9 9 9 9 3 9 9 9 9 3 9 9 9 9
5 6 4 2 3 5 11 11 11 11 5 11 11 11 11 5 11 11 11 11
6 4 2 3 5 1 1 1 1 1 1 1 1 1 1 1 1 1 1 1
4 2 3 5 6 3 3 3 3 3 3 3 3 3 3 3 3 3 3 3
1 1 1 1 1 5 5 5 5 5 5 5 5 5 5 5 5 5 5 5
8 9 11 12 10 7 19 19 19 19 7 19 19 19 19 2 6 4 12 10
9 11 12 10 8 9 21 21 21 21 9 21 21 21 21 4 8 6 2 12
11 12 10 8 9 11 23 23 23 23 11 23 23 23 23 6 10 8 4 2
12 10 8 9 11 7 13 13 13 13 7 13 13 13 13 2 12 10 6 4
10 8 9 11 12 9 15 15 15 15 9 15 15 15 15 4 2 12 8 6
7 7 7 7 7 11 17 17 17 17 11 17 17 17 17 6 4 2 10 8
14 15 17 18 16 8 24 22 18 16 2 12 10 6 4 7 13 13 13 13
15 17 18 16 14 10 20 18 14 24 4 8 6 2 12 9 21 21 21 21
17 18 16 14 15 8 18 16 24 22 2 6 4 12 10 7 19 19 19 19
18 16 14 15 17 8 18 16 24 22 2 6 4 12 10 7 19 19 19 19
16 14 15 17 18 12 16 14 22 20 6 4 2 10 8 11 17 17 17 17
18 13 13 15 15 12 22 20 16 14 6 10 8 4 2 11 23 23 23 23
17 18 18 18 16 10 14 24 20 18 4 2 12 8 6 9 15 15 15 15
13 17 17 16 17 12 22 20 16 14 6 10 8 4 2 11 23 23 23 23
17 17 18 18 13 10 14 24 20 18 4 2 12 8 6 9 15 15 15 15
18 18 16 16 15 10 14 24 20 18 4 2 12 8 6 9 15 15 15 15
17 18 16 17 16 8 24 22 18 16 2 12 10 6 4 7 13 13 13 13
17 18 15 18 15 8 24 22 18 16 2 12 10 6 4 7 13 13 13 13
17 18 16 13 15 12 16 14 22 20 6 4 2 10 8 11 17 17 17 17
17 18 15 17 17 10 20 18 14 24 4 8 6 2 12 9 21 21 21 21
20 21 23 24 22 2 12 10 6 4 8 24 22 18 16 8 24 22 18 16
21 23 24 22 20 4 8 6 2 12 10 20 18 14 24 10 20 18 14 24
23 24 22 20 21 4 2 12 8 6 10 14 24 20 18 10 14 24 20 18
24 22 20 21 23 2 12 10 6 4 8 24 22 18 16 8 24 22 18 16
22 20 21 23 24 2 6 4 12 10 8 18 16 24 22 8 18 16 24 22
22 23 24 24 24 2 12 10 6 4 8 24 22 18 16 8 24 22 18 16
21 22 21 22 19 6 4 2 10 8 12 16 14 22 20 12 16 14 22 20
21 21 23 23 22 6 4 2 10 8 12 16 14 22 20 12 16 14 22 20
22 21 21 23 23 4 2 12 8 6 10 14 24 20 18 10 14 24 20 18
22 21 22 23 22 2 6 4 12 10 8 18 16 24 22 8 18 16 24 22
22 22 19 19 23 6 10 8 4 2 12 22 20 16 14 12 22 20 16 14
21 21 21 21 21 2 6 4 12 10 8 18 16 24 22 8 18 16 24 22
19 21 23 24 22 6 4 2 10 8 12 16 14 22 20 12 16 14 22 20
21 22 21 21 24 6 10 8 4 2 12 22 20 16 14 12 22 20 16 14
22 19 21 23 24 4 8 6 2 12 10 20 18 14 24 10 20 18 14 24
21 21 24 21 22 4 2 12 8 6 10 14 24 20 18 10 14 24 20 18

SIZE: 43 x 20
METHOD: Six-block row decomposition construction (Theorem 21 and Appendix A.3), with t=4 five-column inputs of row sizes 6,6,15,16, and 15 added columns from factorized input pairs. The total added-column weight is 18.
MATRIX:
2 3 5 6 4 1 7 7 7 7 1 7 7 7 7 1 7 7 7 7
3 5 6 4 2 3 9 9 9 9 3 9 9 9 9 3 9 9 9 9
5 6 4 2 3 5 11 11 11 11 5 11 11 11 11 5 11 11 11 11
6 4 2 3 5 1 1 1 1 1 1 1 1 1 1 1 1 1 1 1
4 2 3 5 6 3 3 3 3 3 3 3 3 3 3 3 3 3 3 3
1 1 1 1 1 5 5 5 5 5 5 5 5 5 5 5 5 5 5 5
8 9 11 12 10 7 19 19 19 19 7 19 19 19 19 2 6 4 12 10
9 11 12 10 8 9 21 21 21 21 9 21 21 21 21 4 8 6 2 12
11 12 10 8 9 11 23 23 23 23 11 23 23 23 23 6 10 8 4 2
12 10 8 9 11 7 13 13 13 13 7 13 13 13 13 2 12 10 6 4
10 8 9 11 12 9 15 15 15 15 9 15 15 15 15 4 2 12 8 6
7 7 7 7 7 11 17 17 17 17 11 17 17 17 17 6 4 2 10 8
14 15 17 18 16 8 18 16 24 22 2 6 4 12 10 7 19 19 19 19
15 17 18 16 14 8 24 22 18 16 2 12 10 6 4 7 13 13 13 13
17 18 16 14 15 12 22 20 16 14 6 10 8 4 2 11 23 23 23 23
18 16 14 15 17 8 24 22 18 16 2 12 10 6 4 7 13 13 13 13
16 14 15 17 18 8 24 22 18 16 2 12 10 6 4 7 13 13 13 13
18 16 17 16 17 10 14 24 20 18 4 2 12 8 6 9 15 15 15 15
13 17 13 15 17 12 16 14 22 20 6 4 2 10 8 11 17 17 17 17
17 18 15 18 15 12 16 14 22 20 6 4 2 10 8 11 17 17 17 17
17 18 16 13 15 10 20 18 14 24 4 8 6 2 12 9 21 21 21 21
15 17 18 16 13 12 16 14 22 20 6 4 2 10 8 11 17 17 17 17
16 13 18 16 16 12 22 20 16 14 6 10 8 4 2 11 23 23 23 23
15 18 15 17 18 8 18 16 24 22 2 6 4 12 10 7 19 19 19 19
18 16 17 18 18 10 14 24 20 18 4 2 12 8 6 9 15 15 15 15
15 17 18 15 18 10 20 18 14 24 4 8 6 2 12 9 21 21 21 21
15 17 17 17 18 10 14 24 20 18 4 2 12 8 6 9 15 15 15 15
20 21 23 24 22 2 12 10 6 4 8 24 22 18 16 8 24 22 18 16
21 23 24 22 20 4 8 6 2 12 10 20 18 14 24 10 20 18 14 24
23 24 22 20 21 4 2 12 8 6 10 14 24 20 18 10 14 24 20 18
24 22 20 21 23 2 12 10 6 4 8 24 22 18 16 8 24 22 18 16
22 20 21 23 24 2 6 4 12 10 8 18 16 24 22 8 18 16 24 22
22 23 24 24 24 2 12 10 6 4 8 24 22 18 16 8 24 22 18 16
21 22 21 22 19 6 4 2 10 8 12 16 14 22 20 12 16 14 22 20
21 21 23 23 22 6 4 2 10 8 12 16 14 22 20 12 16 14 22 20
22 21 21 23 23 4 2 12 8 6 10 14 24 20 18 10 14 24 20 18
22 21 22 23 22 2 6 4 12 10 8 18 16 24 22 8 18 16 24 22
22 22 19 19 23 6 10 8 4 2 12 22 20 16 14 12 22 20 16 14
21 21 21 21 21 2 6 4 12 10 8 18 16 24 22 8 18 16 24 22
19 21 23 24 22 6 4 2 10 8 12 16 14 22 20 12 16 14 22 20
21 22 21 21 24 6 10 8 4 2 12 22 20 16 14 12 22 20 16 14
22 19 21 23 24 4 8 6 2 12 10 20 18 14 24 10 20 18 14 24
21 21 24 21 22 4 2 12 8 6 10 14 24 20 18 10 14 24 20 18

SIZE: 44 x 20
METHOD: Six-block row decomposition construction (Theorem 21 and Appendix A.3), with t=4 five-column inputs of row sizes 6,6,16,16, and 15 added columns from factorized input pairs. The total added-column weight is 18.
MATRIX:
2 3 5 6 4 1 7 7 7 7 1 7 7 7 7 1 7 7 7 7
3 5 6 4 2 3 9 9 9 9 3 9 9 9 9 3 9 9 9 9
5 6 4 2 3 5 11 11 11 11 5 11 11 11 11 5 11 11 11 11
6 4 2 3 5 1 1 1 1 1 1 1 1 1 1 1 1 1 1 1
4 2 3 5 6 3 3 3 3 3 3 3 3 3 3 3 3 3 3 3
1 1 1 1 1 5 5 5 5 5 5 5 5 5 5 5 5 5 5 5
8 9 11 12 10 7 19 19 19 19 7 19 19 19 19 2 6 4 12 10
9 11 12 10 8 9 21 21 21 21 9 21 21 21 21 4 8 6 2 12
11 12 10 8 9 11 23 23 23 23 11 23 23 23 23 6 10 8 4 2
12 10 8 9 11 7 13 13 13 13 7 13 13 13 13 2 12 10 6 4
10 8 9 11 12 9 15 15 15 15 9 15 15 15 15 4 2 12 8 6
7 7 7 7 7 11 17 17 17 17 11 17 17 17 17 6 4 2 10 8
14 15 17 18 16 8 24 22 18 16 2 12 10 6 4 7 13 13 13 13
15 17 18 16 14 10 20 18 14 24 4 8 6 2 12 9 21 21 21 21
17 18 16 14 15 10 14 24 20 18 4 2 12 8 6 9 15 15 15 15
18 16 14 15 17 8 24 22 18 16 2 12 10 6 4 7 13 13 13 13
16 14 15 17 18 8 18 16 24 22 2 6 4 12 10 7 19 19 19 19
16 17 18 18 18 8 24 22 18 16 2 12 10 6 4 7 13 13 13 13
15 16 15 16 13 12 16 14 22 20 6 4 2 10 8 11 17 17 17 17
15 15 17 17 16 12 16 14 22 20 6 4 2 10 8 11 17 17 17 17
16 15 15 17 17 10 14 24 20 18 4 2 12 8 6 9 15 15 15 15
16 15 16 17 16 8 18 16 24 22 2 6 4 12 10 7 19 19 19 19
16 16 13 13 17 12 22 20 16 14 6 10 8 4 2 11 23 23 23 23
15 15 15 15 15 8 18 16 24 22 2 6 4 12 10 7 19 19 19 19
13 15 17 18 16 12 16 14 22 20 6 4 2 10 8 11 17 17 17 17
15 16 15 15 18 12 22 20 16 14 6 10 8 4 2 11 23 23 23 23
16 13 15 17 18 10 20 18 14 24 4 8 6 2 12 9 21 21 21 21
15 15 18 15 16 10 14 24 20 18 4 2 12 8 6 9 15 15 15 15
20 21 23 24 22 2 12 10 6 4 8 24 22 18 16 8 24 22 18 16
21 23 24 22 20 4 8 6 2 12 10 20 18 14 24 10 20 18 14 24
23 24 22 20 21 4 2 12 8 6 10 14 24 20 18 10 14 24 20 18
24 22 20 21 23 2 12 10 6 4 8 24 22 18 16 8 24 22 18 16
22 20 21 23 24 2 6 4 12 10 8 18 16 24 22 8 18 16 24 22
22 23 24 24 24 2 12 10 6 4 8 24 22 18 16 8 24 22 18 16
21 22 21 22 19 6 4 2 10 8 12 16 14 22 20 12 16 14 22 20
21 21 23 23 22 6 4 2 10 8 12 16 14 22 20 12 16 14 22 20
22 21 21 23 23 4 2 12 8 6 10 14 24 20 18 10 14 24 20 18
22 21 22 23 22 2 6 4 12 10 8 18 16 24 22 8 18 16 24 22
22 22 19 19 23 6 10 8 4 2 12 22 20 16 14 12 22 20 16 14
21 21 21 21 21 2 6 4 12 10 8 18 16 24 22 8 18 16 24 22
19 21 23 24 22 6 4 2 10 8 12 16 14 22 20 12 16 14 22 20
21 22 21 21 24 6 10 8 4 2 12 22 20 16 14 12 22 20 16 14
22 19 21 23 24 4 8 6 2 12 10 20 18 14 24 10 20 18 14 24
21 21 24 21 22 4 2 12 8 6 10 14 24 20 18 10 14 24 20 18

SIZE: 45 x 20
METHOD: Six-block row decomposition construction (Theorem 21 and Appendix A.3), with t=4 five-column inputs of row sizes 6,8,15,16, and 15 added columns from factorized input pairs. The total added-column weight is 18.
MATRIX:
2 3 5 6 4 1 7 7 7 7 1 7 7 7 7 1 7 7 7 7
3 5 6 4 2 3 9 9 9 9 3 9 9 9 9 3 9 9 9 9
5 6 4 2 3 5 11 11 11 11 5 11 11 11 11 5 11 11 11 11
6 4 2 3 5 1 1 1 1 1 1 1 1 1 1 1 1 1 1 1
4 2 3 5 6 3 3 3 3 3 3 3 3 3 3 3 3 3 3 3
1 1 1 1 1 5 5 5 5 5 5 5 5 5 5 5 5 5 5 5
7 7 7 7 7 7 13 13 13 13 7 13 13 13 13 2 12 10 6 4
7 8 9 9 9 9 15 15 15 15 9 15 15 15 15 4 2 12 8 6
8 9 11 11 11 11 17 17 17 17 11 17 17 17 17 6 4 2 10 8
8 10 13 13 13 7 19 19 19 19 7 19 19 19 19 2 6 4 12 10
9 9 12 8 10 7 19 19 19 19 7 19 19 19 19 2 6 4 12 10
9 10 14 10 8 9 21 21 21 21 9 21 21 21 21 4 8 6 2 12
10 7 8 12 14 9 15 15 15 15 9 15 15 15 15 4 2 12 8 6
10 8 10 14 12 11 23 23 23 23 11 23 23 23 23 6 10 8 4 2
12 13 19 20 18 8 18 16 24 22 2 6 4 12 10 7 19 19 19 19
13 15 20 18 16 8 24 22 18 16 2 12 10 6 4 7 13 13 13 13
15 16 18 16 17 12 22 20 16 14 6 10 8 4 2 11 23 23 23 23
16 14 16 17 19 8 24 22 18 16 2 12 10 6 4 7 13 13 13 13
14 12 17 19 20 8 24 22 18 16 2 12 10 6 4 7 13 13 13 13
16 14 19 18 19 10 14 24 20 18 4 2 12 8 6 9 15 15 15 15
11 15 15 17 19 12 16 14 22 20 6 4 2 10 8 11 17 17 17 17
15 16 17 20 17 12 16 14 22 20 6 4 2 10 8 11 17 17 17 17
15 16 18 15 17 10 20 18 14 24 4 8 6 2 12 9 21 21 21 21
13 15 20 18 15 12 16 14 22 20 6 4 2 10 8 11 17 17 17 17
14 11 20 18 18 12 22 20 16 14 6 10 8 4 2 11 23 23 23 23
13 16 17 19 20 8 18 16 24 22 2 6 4 12 10 7 19 19 19 19
16 14 19 20 20 10 14 24 20 18 4 2 12 8 6 9 15 15 15 15
13 15 20 17 20 10 20 18 14 24 4 8 6 2 12 9 21 21 21 21
13 15 19 19 20 10 14 24 20 18 4 2 12 8 6 9 15 15 15 15
18 19 25 26 24 2 12 10 6 4 8 24 22 18 16 8 24 22 18 16
19 21 26 24 22 4 8 6 2 12 10 20 18 14 24 10 20 18 14 24
21 22 24 22 23 4 2 12 8 6 10 14 24 20 18 10 14 24 20 18
22 20 22 23 25 2 12 10 6 4 8 24 22 18 16 8 24 22 18 16
20 18 23 25 26 2 6 4 12 10 8 18 16 24 22 8 18 16 24 22
20 21 26 26 26 2 12 10 6 4 8 24 22 18 16 8 24 22 18 16
19 20 23 24 21 6 4 2 10 8 12 16 14 22 20 12 16 14 22 20
19 19 25 25 24 6 4 2 10 8 12 16 14 22 20 12 16 14 22 20
20 19 23 25 25 4 2 12 8 6 10 14 24 20 18 10 14 24 20 18
20 19 24 25 24 2 6 4 12 10 8 18 16 24 22 8 18 16 24 22
20 20 21 21 25 6 10 8 4 2 12 22 20 16 14 12 22 20 16 14
19 19 23 23 23 2 6 4 12 10 8 18 16 24 22 8 18 16 24 22
17 19 25 26 24 6 4 2 10 8 12 16 14 22 20 12 16 14 22 20
19 20 23 23 26 6 10 8 4 2 12 22 20 16 14 12 22 20 16 14
20 17 23 25 26 4 8 6 2 12 10 20 18 14 24 10 20 18 14 24
19 19 26 23 24 4 2 12 8 6 10 14 24 20 18 10 14 24 20 18

SIZE: 46 x 20
METHOD: Six-block row decomposition construction (Theorem 21 and Appendix A.3), with t=4 five-column inputs of row sizes 6,8,16,16, and 15 added columns from factorized input pairs. The total added-column weight is 18.
MATRIX:
2 3 5 6 4 1 7 7 7 7 1 7 7 7 7 1 7 7 7 7
3 5 6 4 2 3 9 9 9 9 3 9 9 9 9 3 9 9 9 9
5 6 4 2 3 5 11 11 11 11 5 11 11 11 11 5 11 11 11 11
6 4 2 3 5 1 1 1 1 1 1 1 1 1 1 1 1 1 1 1
4 2 3 5 6 3 3 3 3 3 3 3 3 3 3 3 3 3 3 3
1 1 1 1 1 5 5 5 5 5 5 5 5 5 5 5 5 5 5 5
7 7 7 7 7 7 13 13 13 13 7 13 13 13 13 2 12 10 6 4
7 8 9 9 9 9 15 15 15 15 9 15 15 15 15 4 2 12 8 6
8 9 11 11 11 11 17 17 17 17 11 17 17 17 17 6 4 2 10 8
8 10 13 13 13 7 19 19 19 19 7 19 19 19 19 2 6 4 12 10
9 9 12 8 10 7 19 19 19 19 7 19 19 19 19 2 6 4 12 10
9 10 14 10 8 9 21 21 21 21 9 21 21 21 21 4 8 6 2 12
10 7 8 12 14 9 15 15 15 15 9 15 15 15 15 4 2 12 8 6
10 8 10 14 12 11 23 23 23 23 11 23 23 23 23 6 10 8 4 2
12 13 19 20 18 8 24 22 18 16 2 12 10 6 4 7 13 13 13 13
13 15 20 18 16 10 20 18 14 24 4 8 6 2 12 9 21 21 21 21
15 16 18 16 17 10 14 24 20 18 4 2 12 8 6 9 15 15 15 15
16 14 16 17 19 8 24 22 18 16 2 12 10 6 4 7 13 13 13 13
14 12 17 19 20 8 18 16 24 22 2 6 4 12 10 7 19 19 19 19
14 15 20 20 20 8 24 22 18 16 2 12 10 6 4 7 13 13 13 13
13 14 17 18 15 12 16 14 22 20 6 4 2 10 8 11 17 17 17 17
13 13 19 19 18 12 16 14 22 20 6 4 2 10 8 11 17 17 17 17
14 13 17 19 19 10 14 24 20 18 4 2 12 8 6 9 15 15 15 15
14 13 18 19 18 8 18 16 24 22 2 6 4 12 10 7 19 19 19 19
14 14 15 15 19 12 22 20 16 14 6 10 8 4 2 11 23 23 23 23
13 13 17 17 17 8 18 16 24 22 2 6 4 12 10 7 19 19 19 19
11 13 19 20 18 12 16 14 22 20 6 4 2 10 8 11 17 17 17 17
13 14 17 17 20 12 22 20 16 14 6 10 8 4 2 11 23 23 23 23
14 11 17 19 20 10 20 18 14 24 4 8 6 2 12 9 21 21 21 21
13 13 20 17 18 10 14 24 20 18 4 2 12 8 6 9 15 15 15 15
18 19 25 26 24 2 12 10 6 4 8 24 22 18 16 8 24 22 18 16
19 21 26 24 22 4 8 6 2 12 10 20 18 14 24 10 20 18 14 24
21 22 24 22 23 4 2 12 8 6 10 14 24 20 18 10 14 24 20 18
22 20 22 23 25 2 12 10 6 4 8 24 22 18 16 8 24 22 18 16
20 18 23 25 26 2 6 4 12 10 8 18 16 24 22 8 18 16 24 22
20 21 26 26 26 2 12 10 6 4 8 24 22 18 16 8 24 22 18 16
19 20 23 24 21 6 4 2 10 8 12 16 14 22 20 12 16 14 22 20
19 19 25 25 24 6 4 2 10 8 12 16 14 22 20 12 16 14 22 20
20 19 23 25 25 4 2 12 8 6 10 14 24 20 18 10 14 24 20 18
20 19 24 25 24 2 6 4 12 10 8 18 16 24 22 8 18 16 24 22
20 20 21 21 25 6 10 8 4 2 12 22 20 16 14 12 22 20 16 14
19 19 23 23 23 2 6 4 12 10 8 18 16 24 22 8 18 16 24 22
17 19 25 26 24 6 4 2 10 8 12 16 14 22 20 12 16 14 22 20
19 20 23 23 26 6 10 8 4 2 12 22 20 16 14 12 22 20 16 14
20 17 23 25 26 4 8 6 2 12 10 20 18 14 24 10 20 18 14 24
19 19 26 23 24 4 2 12 8 6 10 14 24 20 18 10 14 24 20 18

SIZE: 47 x 20
METHOD: Six-block row decomposition construction (Theorem 21 and Appendix A.3), with t=4 five-column inputs of row sizes 6,9,16,16, and 15 added columns from factorized input pairs. The total added-column weight is 18.
MATRIX:
2 3 5 6 4 1 7 7 7 7 1 7 7 7 7 1 7 7 7 7
3 5 6 4 2 3 9 9 9 9 3 9 9 9 9 3 9 9 9 9
5 6 4 2 3 5 11 11 11 11 5 11 11 11 11 5 11 11 11 11
6 4 2 3 5 1 1 1 1 1 1 1 1 1 1 1 1 1 1 1
4 2 3 5 6 3 3 3 3 3 3 3 3 3 3 3 3 3 3 3
1 1 1 1 1 5 5 5 5 5 5 5 5 5 5 5 5 5 5 5
8 9 11 12 10 11 17 17 17 17 11 17 17 17 17 6 4 2 10 8
9 11 12 10 8 11 23 23 23 23 11 23 23 23 23 6 10 8 4 2
11 12 10 8 9 9 21 21 21 21 9 21 21 21 21 4 8 6 2 12
12 10 8 9 11 7 13 13 13 13 7 13 13 13 13 2 12 10 6 4
10 8 9 11 12 9 15 15 15 15 9 15 15 15 15 4 2 12 8 6
12 7 7 11 7 7 19 19 19 19 7 19 19 19 19 2 6 4 12 10
7 9 9 12 7 9 15 15 15 15 9 15 15 15 15 4 2 12 8 6
10 10 9 12 12 11 17 17 17 17 11 17 17 17 17 6 4 2 10 8
11 10 11 7 11 7 13 13 13 13 7 13 13 13 13 2 12 10 6 4
14 15 17 18 16 8 24 22 18 16 2 12 10 6 4 7 13 13 13 13
15 17 18 16 14 10 20 18 14 24 4 8 6 2 12 9 21 21 21 21
17 18 16 14 15 10 14 24 20 18 4 2 12 8 6 9 15 15 15 15
18 16 14 15 17 8 24 22 18 16 2 12 10 6 4 7 13 13 13 13
16 14 15 17 18 8 18 16 24 22 2 6 4 12 10 7 19 19 19 19
16 17 18 18 18 8 24 22 18 16 2 12 10 6 4 7 13 13 13 13
15 16 15 16 13 12 16 14 22 20 6 4 2 10 8 11 17 17 17 17
15 15 17 17 16 12 16 14 22 20 6 4 2 10 8 11 17 17 17 17
16 15 15 17 17 10 14 24 20 18 4 2 12 8 6 9 15 15 15 15
16 15 16 17 16 8 18 16 24 22 2 6 4 12 10 7 19 19 19 19
16 16 13 13 17 12 22 20 16 14 6 10 8 4 2 11 23 23 23 23
15 15 15 15 15 8 18 16 24 22 2 6 4 12 10 7 19 19 19 19
13 15 17 18 16 12 16 14 22 20 6 4 2 10 8 11 17 17 17 17
15 16 15 15 18 12 22 20 16 14 6 10 8 4 2 11 23 23 23 23
16 13 15 17 18 10 20 18 14 24 4 8 6 2 12 9 21 21 21 21
15 15 18 15 16 10 14 24 20 18 4 2 12 8 6 9 15 15 15 15
20 21 23 24 22 2 12 10 6 4 8 24 22 18 16 8 24 22 18 16
21 23 24 22 20 4 8 6 2 12 10 20 18 14 24 10 20 18 14 24
23 24 22 20 21 4 2 12 8 6 10 14 24 20 18 10 14 24 20 18
24 22 20 21 23 2 12 10 6 4 8 24 22 18 16 8 24 22 18 16
22 20 21 23 24 2 6 4 12 10 8 18 16 24 22 8 18 16 24 22
22 23 24 24 24 2 12 10 6 4 8 24 22 18 16 8 24 22 18 16
21 22 21 22 19 6 4 2 10 8 12 16 14 22 20 12 16 14 22 20
21 21 23 23 22 6 4 2 10 8 12 16 14 22 20 12 16 14 22 20
22 21 21 23 23 4 2 12 8 6 10 14 24 20 18 10 14 24 20 18
22 21 22 23 22 2 6 4 12 10 8 18 16 24 22 8 18 16 24 22
22 22 19 19 23 6 10 8 4 2 12 22 20 16 14 12 22 20 16 14
21 21 21 21 21 2 6 4 12 10 8 18 16 24 22 8 18 16 24 22
19 21 23 24 22 6 4 2 10 8 12 16 14 22 20 12 16 14 22 20
21 22 21 21 24 6 10 8 4 2 12 22 20 16 14 12 22 20 16 14
22 19 21 23 24 4 8 6 2 12 10 20 18 14 24 10 20 18 14 24
21 21 24 21 22 4 2 12 8 6 10 14 24 20 18 10 14 24 20 18

SIZE: 48 x 20
METHOD: Six-block row decomposition construction (Theorem 21 and Appendix A.3), with t=4 five-column inputs of row sizes 6,10,16,16, and 15 added columns from factorized input pairs. The total added-column weight is 18.
MATRIX:
2 3 5 6 4 1 7 7 7 7 1 7 7 7 7 1 7 7 7 7
3 5 6 4 2 3 9 9 9 9 3 9 9 9 9 3 9 9 9 9
5 6 4 2 3 5 11 11 11 11 5 11 11 11 11 5 11 11 11 11
6 4 2 3 5 1 1 1 1 1 1 1 1 1 1 1 1 1 1 1
4 2 3 5 6 3 3 3 3 3 3 3 3 3 3 3 3 3 3 3
1 1 1 1 1 5 5 5 5 5 5 5 5 5 5 5 5 5 5 5
8 9 11 12 10 9 21 21 21 21 9 21 21 21 21 4 8 6 2 12
9 11 12 10 8 9 15 15 15 15 9 15 15 15 15 4 2 12 8 6
11 12 10 8 9 11 17 17 17 17 11 17 17 17 17 6 4 2 10 8
12 10 8 9 11 11 17 17 17 17 11 17 17 17 17 6 4 2 10 8
10 8 9 11 12 11 23 23 23 23 11 23 23 23 23 6 10 8 4 2
11 12 12 7 11 9 15 15 15 15 9 15 15 15 15 4 2 12 8 6
12 7 12 10 7 7 13 13 13 13 7 13 13 13 13 2 12 10 6 4
12 7 7 9 9 7 13 13 13 13 7 13 13 13 13 2 12 10 6 4
11 11 12 12 7 7 19 19 19 19 7 19 19 19 19 2 6 4 12 10
7 11 11 10 11 7 19 19 19 19 7 19 19 19 19 2 6 4 12 10
14 15 17 18 16 8 24 22 18 16 2 12 10 6 4 7 13 13 13 13
15 17 18 16 14 10 20 18 14 24 4 8 6 2 12 9 21 21 21 21
17 18 16 14 15 10 14 24 20 18 4 2 12 8 6 9 15 15 15 15
18 16 14 15 17 8 24 22 18 16 2 12 10 6 4 7 13 13 13 13
16 14 15 17 18 8 18 16 24 22 2 6 4 12 10 7 19 19 19 19
16 17 18 18 18 8 24 22 18 16 2 12 10 6 4 7 13 13 13 13
15 16 15 16 13 12 16 14 22 20 6 4 2 10 8 11 17 17 17 17
15 15 17 17 16 12 16 14 22 20 6 4 2 10 8 11 17 17 17 17
16 15 15 17 17 10 14 24 20 18 4 2 12 8 6 9 15 15 15 15
16 15 16 17 16 8 18 16 24 22 2 6 4 12 10 7 19 19 19 19
16 16 13 13 17 12 22 20 16 14 6 10 8 4 2 11 23 23 23 23
15 15 15 15 15 8 18 16 24 22 2 6 4 12 10 7 19 19 19 19
13 15 17 18 16 12 16 14 22 20 6 4 2 10 8 11 17 17 17 17
15 16 15 15 18 12 22 20 16 14 6 10 8 4 2 11 23 23 23 23
16 13 15 17 18 10 20 18 14 24 4 8 6 2 12 9 21 21 21 21
15 15 18 15 16 10 14 24 20 18 4 2 12 8 6 9 15 15 15 15
20 21 23 24 22 2 12 10 6 4 8 24 22 18 16 8 24 22 18 16
21 23 24 22 20 4 8 6 2 12 10 20 18 14 24 10 20 18 14 24
23 24 22 20 21 4 2 12 8 6 10 14 24 20 18 10 14 24 20 18
24 22 20 21 23 2 12 10 6 4 8 24 22 18 16 8 24 22 18 16
22 20 21 23 24 2 6 4 12 10 8 18 16 24 22 8 18 16 24 22
22 23 24 24 24 2 12 10 6 4 8 24 22 18 16 8 24 22 18 16
21 22 21 22 19 6 4 2 10 8 12 16 14 22 20 12 16 14 22 20
21 21 23 23 22 6 4 2 10 8 12 16 14 22 20 12 16 14 22 20
22 21 21 23 23 4 2 12 8 6 10 14 24 20 18 10 14 24 20 18
22 21 22 23 22 2 6 4 12 10 8 18 16 24 22 8 18 16 24 22
22 22 19 19 23 6 10 8 4 2 12 22 20 16 14 12 22 20 16 14
21 21 21 21 21 2 6 4 12 10 8 18 16 24 22 8 18 16 24 22
19 21 23 24 22 6 4 2 10 8 12 16 14 22 20 12 16 14 22 20
21 22 21 21 24 6 10 8 4 2 12 22 20 16 14 12 22 20 16 14
22 19 21 23 24 4 8 6 2 12 10 20 18 14 24 10 20 18 14 24
21 21 24 21 22 4 2 12 8 6 10 14 24 20 18 10 14 24 20 18

SIZE: 49 x 20
METHOD: Six-block row decomposition construction (Theorem 21 and Appendix A.3), with t=4 five-column inputs of row sizes 6,11,16,16, and 15 added columns from factorized input pairs. The total added-column weight is 18.
MATRIX:
2 3 5 6 4 1 7 7 7 7 1 7 7 7 7 1 7 7 7 7
3 5 6 4 2 3 9 9 9 9 3 9 9 9 9 3 9 9 9 9
5 6 4 2 3 5 11 11 11 11 5 11 11 11 11 5 11 11 11 11
6 4 2 3 5 1 1 1 1 1 1 1 1 1 1 1 1 1 1 1
4 2 3 5 6 3 3 3 3 3 3 3 3 3 3 3 3 3 3 3
1 1 1 1 1 5 5 5 5 5 5 5 5 5 5 5 5 5 5 5
8 9 11 12 10 11 17 17 17 17 11 17 17 17 17 6 4 2 10 8
9 11 12 10 8 7 13 13 13 13 7 13 13 13 13 2 12 10 6 4
11 12 10 8 9 11 23 23 23 23 11 23 23 23 23 6 10 8 4 2
12 10 8 9 11 11 17 17 17 17 11 17 17 17 17 6 4 2 10 8
10 8 9 11 12 7 13 13 13 13 7 13 13 13 13 2 12 10 6 4
10 7 12 10 10 9 21 21 21 21 9 21 21 21 21 4 8 6 2 12
9 10 7 7 7 9 15 15 15 15 9 15 15 15 15 4 2 12 8 6
10 9 9 12 9 9 21 21 21 21 9 21 21 21 21 4 8 6 2 12
10 9 10 7 9 9 15 15 15 15 9 15 15 15 15 4 2 12 8 6
9 9 9 11 7 7 19 19 19 19 7 19 19 19 19 2 6 4 12 10
7 9 11 12 10 7 19 19 19 19 7 19 19 19 19 2 6 4 12 10
14 15 17 18 16 8 24 22 18 16 2 12 10 6 4 7 13 13 13 13
15 17 18 16 14 10 20 18 14 24 4 8 6 2 12 9 21 21 21 21
17 18 16 14 15 10 14 24 20 18 4 2 12 8 6 9 15 15 15 15
18 16 14 15 17 8 24 22 18 16 2 12 10 6 4 7 13 13 13 13
16 14 15 17 18 8 18 16 24 22 2 6 4 12 10 7 19 19 19 19
16 17 18 18 18 8 24 22 18 16 2 12 10 6 4 7 13 13 13 13
15 16 15 16 13 12 16 14 22 20 6 4 2 10 8 11 17 17 17 17
15 15 17 17 16 12 16 14 22 20 6 4 2 10 8 11 17 17 17 17
16 15 15 17 17 10 14 24 20 18 4 2 12 8 6 9 15 15 15 15
16 15 16 17 16 8 18 16 24 22 2 6 4 12 10 7 19 19 19 19
16 16 13 13 17 12 22 20 16 14 6 10 8 4 2 11 23 23 23 23
15 15 15 15 15 8 18 16 24 22 2 6 4 12 10 7 19 19 19 19
13 15 17 18 16 12 16 14 22 20 6 4 2 10 8 11 17 17 17 17
15 16 15 15 18 12 22 20 16 14 6 10 8 4 2 11 23 23 23 23
16 13 15 17 18 10 20 18 14 24 4 8 6 2 12 9 21 21 21 21
15 15 18 15 16 10 14 24 20 18 4 2 12 8 6 9 15 15 15 15
20 21 23 24 22 2 12 10 6 4 8 24 22 18 16 8 24 22 18 16
21 23 24 22 20 4 8 6 2 12 10 20 18 14 24 10 20 18 14 24
23 24 22 20 21 4 2 12 8 6 10 14 24 20 18 10 14 24 20 18
24 22 20 21 23 2 12 10 6 4 8 24 22 18 16 8 24 22 18 16
22 20 21 23 24 2 6 4 12 10 8 18 16 24 22 8 18 16 24 22
22 23 24 24 24 2 12 10 6 4 8 24 22 18 16 8 24 22 18 16
21 22 21 22 19 6 4 2 10 8 12 16 14 22 20 12 16 14 22 20
21 21 23 23 22 6 4 2 10 8 12 16 14 22 20 12 16 14 22 20
22 21 21 23 23 4 2 12 8 6 10 14 24 20 18 10 14 24 20 18
22 21 22 23 22 2 6 4 12 10 8 18 16 24 22 8 18 16 24 22
22 22 19 19 23 6 10 8 4 2 12 22 20 16 14 12 22 20 16 14
21 21 21 21 21 2 6 4 12 10 8 18 16 24 22 8 18 16 24 22
19 21 23 24 22 6 4 2 10 8 12 16 14 22 20 12 16 14 22 20
21 22 21 21 24 6 10 8 4 2 12 22 20 16 14 12 22 20 16 14
22 19 21 23 24 4 8 6 2 12 10 20 18 14 24 10 20 18 14 24
21 21 24 21 22 4 2 12 8 6 10 14 24 20 18 10 14 24 20 18

SIZE: 50 x 20
METHOD: Six-block row decomposition construction (Theorem 21 and Appendix A.3), with t=4 five-column inputs of row sizes 6,12,16,16, and 15 added columns from factorized input pairs. The total added-column weight is 18.
MATRIX:
2 3 5 6 4 1 7 7 7 7 1 7 7 7 7 1 7 7 7 7
3 5 6 4 2 3 9 9 9 9 3 9 9 9 9 3 9 9 9 9
5 6 4 2 3 5 11 11 11 11 5 11 11 11 11 5 11 11 11 11
6 4 2 3 5 1 1 1 1 1 1 1 1 1 1 1 1 1 1 1
4 2 3 5 6 3 3 3 3 3 3 3 3 3 3 3 3 3 3 3
1 1 1 1 1 5 5 5 5 5 5 5 5 5 5 5 5 5 5 5
8 9 11 12 10 11 23 23 23 23 11 23 23 23 23 6 10 8 4 2
9 11 12 10 8 7 13 13 13 13 7 13 13 13 13 2 12 10 6 4
11 12 10 8 9 9 15 15 15 15 9 15 15 15 15 4 2 12 8 6
12 10 8 9 11 7 19 19 19 19 7 19 19 19 19 2 6 4 12 10
10 8 9 11 12 9 15 15 15 15 9 15 15 15 15 4 2 12 8 6
7 11 11 12 12 7 13 13 13 13 7 13 13 13 13 2 12 10 6 4
9 9 12 7 7 11 17 17 17 17 11 17 17 17 17 6 4 2 10 8
10 11 7 11 11 11 17 17 17 17 11 17 17 17 17 6 4 2 10 8
10 7 9 11 12 9 21 21 21 21 9 21 21 21 21 4 8 6 2 12
9 11 11 11 12 11 23 23 23 23 11 23 23 23 23 6 10 8 4 2
10 11 12 12 12 9 21 21 21 21 9 21 21 21 21 4 8 6 2 12
10 11 10 11 12 7 19 19 19 19 7 19 19 19 19 2 6 4 12 10
14 15 17 18 16 8 24 22 18 16 2 12 10 6 4 7 13 13 13 13
15 17 18 16 14 10 20 18 14 24 4 8 6 2 12 9 21 21 21 21
17 18 16 14 15 10 14 24 20 18 4 2 12 8 6 9 15 15 15 15
18 16 14 15 17 8 24 22 18 16 2 12 10 6 4 7 13 13 13 13
16 14 15 17 18 8 18 16 24 22 2 6 4 12 10 7 19 19 19 19
16 17 18 18 18 8 24 22 18 16 2 12 10 6 4 7 13 13 13 13
15 16 15 16 13 12 16 14 22 20 6 4 2 10 8 11 17 17 17 17
15 15 17 17 16 12 16 14 22 20 6 4 2 10 8 11 17 17 17 17
16 15 15 17 17 10 14 24 20 18 4 2 12 8 6 9 15 15 15 15
16 15 16 17 16 8 18 16 24 22 2 6 4 12 10 7 19 19 19 19
16 16 13 13 17 12 22 20 16 14 6 10 8 4 2 11 23 23 23 23
15 15 15 15 15 8 18 16 24 22 2 6 4 12 10 7 19 19 19 19
13 15 17 18 16 12 16 14 22 20 6 4 2 10 8 11 17 17 17 17
15 16 15 15 18 12 22 20 16 14 6 10 8 4 2 11 23 23 23 23
16 13 15 17 18 10 20 18 14 24 4 8 6 2 12 9 21 21 21 21
15 15 18 15 16 10 14 24 20 18 4 2 12 8 6 9 15 15 15 15
20 21 23 24 22 2 12 10 6 4 8 24 22 18 16 8 24 22 18 16
21 23 24 22 20 4 8 6 2 12 10 20 18 14 24 10 20 18 14 24
23 24 22 20 21 4 2 12 8 6 10 14 24 20 18 10 14 24 20 18
24 22 20 21 23 2 12 10 6 4 8 24 22 18 16 8 24 22 18 16
22 20 21 23 24 2 6 4 12 10 8 18 16 24 22 8 18 16 24 22
22 23 24 24 24 2 12 10 6 4 8 24 22 18 16 8 24 22 18 16
21 22 21 22 19 6 4 2 10 8 12 16 14 22 20 12 16 14 22 20
21 21 23 23 22 6 4 2 10 8 12 16 14 22 20 12 16 14 22 20
22 21 21 23 23 4 2 12 8 6 10 14 24 20 18 10 14 24 20 18
22 21 22 23 22 2 6 4 12 10 8 18 16 24 22 8 18 16 24 22
22 22 19 19 23 6 10 8 4 2 12 22 20 16 14 12 22 20 16 14
21 21 21 21 21 2 6 4 12 10 8 18 16 24 22 8 18 16 24 22
19 21 23 24 22 6 4 2 10 8 12 16 14 22 20 12 16 14 22 20
21 22 21 21 24 6 10 8 4 2 12 22 20 16 14 12 22 20 16 14
22 19 21 23 24 4 8 6 2 12 10 20 18 14 24 10 20 18 14 24
21 21 24 21 22 4 2 12 8 6 10 14 24 20 18 10 14 24 20 18

SIZE: 51 x 20
METHOD: Six-block row decomposition construction (Theorem 21 and Appendix A.3), with t=4 five-column inputs of row sizes 6,13,16,16, and 15 added columns from factorized input pairs. The total added-column weight is 18.
MATRIX:
2 3 5 6 4 1 7 7 7 7 1 7 7 7 7 1 7 7 7 7
3 5 6 4 2 3 9 9 9 9 3 9 9 9 9 3 9 9 9 9
5 6 4 2 3 5 11 11 11 11 5 11 11 11 11 5 11 11 11 11
6 4 2 3 5 1 1 1 1 1 1 1 1 1 1 1 1 1 1 1
4 2 3 5 6 3 3 3 3 3 3 3 3 3 3 3 3 3 3 3
1 1 1 1 1 5 5 5 5 5 5 5 5 5 5 5 5 5 5 5
8 9 11 12 10 11 23 23 23 23 11 23 23 23 23 6 10 8 4 2
9 11 12 10 8 9 15 15 15 15 9 15 15 15 15 4 2 12 8 6
11 12 10 8 9 11 17 17 17 17 11 17 17 17 17 6 4 2 10 8
12 10 8 9 11 11 23 23 23 23 11 23 23 23 23 6 10 8 4 2
10 8 9 11 12 9 21 21 21 21 9 21 21 21 21 4 8 6 2 12
9 9 12 7 7 7 13 13 13 13 7 13 13 13 13 2 12 10 6 4
7 11 11 12 12 9 21 21 21 21 9 21 21 21 21 4 8 6 2 12
12 10 7 9 11 11 17 17 17 17 11 17 17 17 17 6 4 2 10 8
10 7 12 10 10 7 13 13 13 13 7 13 13 13 13 2 12 10 6 4
12 10 11 10 11 7 19 19 19 19 7 19 19 19 19 2 6 4 12 10
11 10 11 7 11 9 15 15 15 15 9 15 15 15 15 4 2 12 8 6
12 7 11 11 12 7 19 19 19 19 7 19 19 19 19 2 6 4 12 10
12 9 11 11 11 7 13 13 13 13 7 13 13 13 13 2 12 10 6 4
14 15 17 18 16 8 24 22 18 16 2 12 10 6 4 7 13 13 13 13
15 17 18 16 14 10 20 18 14 24 4 8 6 2 12 9 21 21 21 21
17 18 16 14 15 10 14 24 20 18 4 2 12 8 6 9 15 15 15 15
18 16 14 15 17 8 24 22 18 16 2 12 10 6 4 7 13 13 13 13
16 14 15 17 18 8 18 16 24 22 2 6 4 12 10 7 19 19 19 19
16 17 18 18 18 8 24 22 18 16 2 12 10 6 4 7 13 13 13 13
15 16 15 16 13 12 16 14 22 20 6 4 2 10 8 11 17 17 17 17
15 15 17 17 16 12 16 14 22 20 6 4 2 10 8 11 17 17 17 17
16 15 15 17 17 10 14 24 20 18 4 2 12 8 6 9 15 15 15 15
16 15 16 17 16 8 18 16 24 22 2 6 4 12 10 7 19 19 19 19
16 16 13 13 17 12 22 20 16 14 6 10 8 4 2 11 23 23 23 23
15 15 15 15 15 8 18 16 24 22 2 6 4 12 10 7 19 19 19 19
13 15 17 18 16 12 16 14 22 20 6 4 2 10 8 11 17 17 17 17
15 16 15 15 18 12 22 20 16 14 6 10 8 4 2 11 23 23 23 23
16 13 15 17 18 10 20 18 14 24 4 8 6 2 12 9 21 21 21 21
15 15 18 15 16 10 14 24 20 18 4 2 12 8 6 9 15 15 15 15
20 21 23 24 22 2 12 10 6 4 8 24 22 18 16 8 24 22 18 16
21 23 24 22 20 4 8 6 2 12 10 20 18 14 24 10 20 18 14 24
23 24 22 20 21 4 2 12 8 6 10 14 24 20 18 10 14 24 20 18
24 22 20 21 23 2 12 10 6 4 8 24 22 18 16 8 24 22 18 16
22 20 21 23 24 2 6 4 12 10 8 18 16 24 22 8 18 16 24 22
22 23 24 24 24 2 12 10 6 4 8 24 22 18 16 8 24 22 18 16
21 22 21 22 19 6 4 2 10 8 12 16 14 22 20 12 16 14 22 20
21 21 23 23 22 6 4 2 10 8 12 16 14 22 20 12 16 14 22 20
22 21 21 23 23 4 2 12 8 6 10 14 24 20 18 10 14 24 20 18
22 21 22 23 22 2 6 4 12 10 8 18 16 24 22 8 18 16 24 22
22 22 19 19 23 6 10 8 4 2 12 22 20 16 14 12 22 20 16 14
21 21 21 21 21 2 6 4 12 10 8 18 16 24 22 8 18 16 24 22
19 21 23 24 22 6 4 2 10 8 12 16 14 22 20 12 16 14 22 20
21 22 21 21 24 6 10 8 4 2 12 22 20 16 14 12 22 20 16 14
22 19 21 23 24 4 8 6 2 12 10 20 18 14 24 10 20 18 14 24
21 21 24 21 22 4 2 12 8 6 10 14 24 20 18 10 14 24 20 18

SIZE: 52 x 20
METHOD: Six-block row decomposition construction (Theorem 21 and Appendix A.3), with t=4 five-column inputs of row sizes 6,14,16,16, and 15 added columns from factorized input pairs. The total added-column weight is 18.
MATRIX:
2 3 5 6 4 1 7 7 7 7 1 7 7 7 7 1 7 7 7 7
3 5 6 4 2 3 9 9 9 9 3 9 9 9 9 3 9 9 9 9
5 6 4 2 3 5 11 11 11 11 5 11 11 11 11 5 11 11 11 11
6 4 2 3 5 1 1 1 1 1 1 1 1 1 1 1 1 1 1 1
4 2 3 5 6 3 3 3 3 3 3 3 3 3 3 3 3 3 3 3
1 1 1 1 1 5 5 5 5 5 5 5 5 5 5 5 5 5 5 5
8 9 11 12 10 7 13 13 13 13 7 13 13 13 13 2 12 10 6 4
9 11 12 10 8 9 21 21 21 21 9 21 21 21 21 4 8 6 2 12
11 12 10 8 9 7 19 19 19 19 7 19 19 19 19 2 6 4 12 10
12 10 8 9 11 7 19 19 19 19 7 19 19 19 19 2 6 4 12 10
10 8 9 11 12 11 17 17 17 17 11 17 17 17 17 6 4 2 10 8
12 7 7 9 9 11 23 23 23 23 11 23 23 23 23 6 10 8 4 2
11 12 12 12 10 9 15 15 15 15 9 15 15 15 15 4 2 12 8 6
7 11 11 10 11 11 23 23 23 23 11 23 23 23 23 6 10 8 4 2
11 11 12 12 7 9 15 15 15 15 9 15 15 15 15 4 2 12 8 6
12 12 10 10 9 9 15 15 15 15 9 15 15 15 15 4 2 12 8 6
11 12 10 11 10 7 13 13 13 13 7 13 13 13 13 2 12 10 6 4
11 12 9 12 9 7 13 13 13 13 7 13 13 13 13 2 12 10 6 4
11 12 10 7 9 11 17 17 17 17 11 17 17 17 17 6 4 2 10 8
11 12 9 11 11 9 21 21 21 21 9 21 21 21 21 4 8 6 2 12
14 15 17 18 16 8 24 22 18 16 2 12 10 6 4 7 13 13 13 13
15 17 18 16 14 10 20 18 14 24 4 8 6 2 12 9 21 21 21 21
17 18 16 14 15 10 14 24 20 18 4 2 12 8 6 9 15 15 15 15
18 16 14 15 17 8 24 22 18 16 2 12 10 6 4 7 13 13 13 13
16 14 15 17 18 8 18 16 24 22 2 6 4 12 10 7 19 19 19 19
16 17 18 18 18 8 24 22 18 16 2 12 10 6 4 7 13 13 13 13
15 16 15 16 13 12 16 14 22 20 6 4 2 10 8 11 17 17 17 17
15 15 17 17 16 12 16 14 22 20 6 4 2 10 8 11 17 17 17 17
16 15 15 17 17 10 14 24 20 18 4 2 12 8 6 9 15 15 15 15
16 15 16 17 16 8 18 16 24 22 2 6 4 12 10 7 19 19 19 19
16 16 13 13 17 12 22 20 16 14 6 10 8 4 2 11 23 23 23 23
15 15 15 15 15 8 18 16 24 22 2 6 4 12 10 7 19 19 19 19
13 15 17 18 16 12 16 14 22 20 6 4 2 10 8 11 17 17 17 17
15 16 15 15 18 12 22 20 16 14 6 10 8 4 2 11 23 23 23 23
16 13 15 17 18 10 20 18 14 24 4 8 6 2 12 9 21 21 21 21
15 15 18 15 16 10 14 24 20 18 4 2 12 8 6 9 15 15 15 15
20 21 23 24 22 2 12 10 6 4 8 24 22 18 16 8 24 22 18 16
21 23 24 22 20 4 8 6 2 12 10 20 18 14 24 10 20 18 14 24
23 24 22 20 21 4 2 12 8 6 10 14 24 20 18 10 14 24 20 18
24 22 20 21 23 2 12 10 6 4 8 24 22 18 16 8 24 22 18 16
22 20 21 23 24 2 6 4 12 10 8 18 16 24 22 8 18 16 24 22
22 23 24 24 24 2 12 10 6 4 8 24 22 18 16 8 24 22 18 16
21 22 21 22 19 6 4 2 10 8 12 16 14 22 20 12 16 14 22 20
21 21 23 23 22 6 4 2 10 8 12 16 14 22 20 12 16 14 22 20
22 21 21 23 23 4 2 12 8 6 10 14 24 20 18 10 14 24 20 18
22 21 22 23 22 2 6 4 12 10 8 18 16 24 22 8 18 16 24 22
22 22 19 19 23 6 10 8 4 2 12 22 20 16 14 12 22 20 16 14
21 21 21 21 21 2 6 4 12 10 8 18 16 24 22 8 18 16 24 22
19 21 23 24 22 6 4 2 10 8 12 16 14 22 20 12 16 14 22 20
21 22 21 21 24 6 10 8 4 2 12 22 20 16 14 12 22 20 16 14
22 19 21 23 24 4 8 6 2 12 10 20 18 14 24 10 20 18 14 24
21 21 24 21 22 4 2 12 8 6 10 14 24 20 18 10 14 24 20 18

SIZE: 53 x 20
METHOD: Six-block row decomposition construction (Theorem 21 and Appendix A.3), with t=4 five-column inputs of row sizes 6,15,16,16, and 15 added columns from factorized input pairs. The total added-column weight is 18.
MATRIX:
2 3 5 6 4 1 7 7 7 7 1 7 7 7 7 1 7 7 7 7
3 5 6 4 2 3 9 9 9 9 3 9 9 9 9 3 9 9 9 9
5 6 4 2 3 5 11 11 11 11 5 11 11 11 11 5 11 11 11 11
6 4 2 3 5 1 1 1 1 1 1 1 1 1 1 1 1 1 1 1
4 2 3 5 6 3 3 3 3 3 3 3 3 3 3 3 3 3 3 3
1 1 1 1 1 5 5 5 5 5 5 5 5 5 5 5 5 5 5 5
8 9 11 12 10 7 19 19 19 19 7 19 19 19 19 2 6 4 12 10
9 11 12 10 8 7 13 13 13 13 7 13 13 13 13 2 12 10 6 4
11 12 10 8 9 11 23 23 23 23 11 23 23 23 23 6 10 8 4 2
12 10 8 9 11 7 13 13 13 13 7 13 13 13 13 2 12 10 6 4
10 8 9 11 12 7 13 13 13 13 7 13 13 13 13 2 12 10 6 4
12 10 11 10 11 9 15 15 15 15 9 15 15 15 15 4 2 12 8 6
7 11 7 9 11 11 17 17 17 17 11 17 17 17 17 6 4 2 10 8
11 12 9 12 9 11 17 17 17 17 11 17 17 17 17 6 4 2 10 8
11 12 10 7 9 9 21 21 21 21 9 21 21 21 21 4 8 6 2 12
9 11 12 10 7 11 17 17 17 17 11 17 17 17 17 6 4 2 10 8
10 7 12 10 10 11 23 23 23 23 11 23 23 23 23 6 10 8 4 2
9 12 9 11 12 7 19 19 19 19 7 19 19 19 19 2 6 4 12 10
12 10 11 12 12 9 15 15 15 15 9 15 15 15 15 4 2 12 8 6
9 11 12 9 12 9 21 21 21 21 9 21 21 21 21 4 8 6 2 12
9 11 11 11 12 9 15 15 15 15 9 15 15 15 15 4 2 12 8 6
14 15 17 18 16 8 24 22 18 16 2 12 10 6 4 7 13 13 13 13
15 17 18 16 14 10 20 18 14 24 4 8 6 2 12 9 21 21 21 21
17 18 16 14 15 10 14 24 20 18 4 2 12 8 6 9 15 15 15 15
18 16 14 15 17 8 24 22 18 16 2 12 10 6 4 7 13 13 13 13
16 14 15 17 18 8 18 16 24 22 2 6 4 12 10 7 19 19 19 19
16 17 18 18 18 8 24 22 18 16 2 12 10 6 4 7 13 13 13 13
15 16 15 16 13 12 16 14 22 20 6 4 2 10 8 11 17 17 17 17
15 15 17 17 16 12 16 14 22 20 6 4 2 10 8 11 17 17 17 17
16 15 15 17 17 10 14 24 20 18 4 2 12 8 6 9 15 15 15 15
16 15 16 17 16 8 18 16 24 22 2 6 4 12 10 7 19 19 19 19
16 16 13 13 17 12 22 20 16 14 6 10 8 4 2 11 23 23 23 23
15 15 15 15 15 8 18 16 24 22 2 6 4 12 10 7 19 19 19 19
13 15 17 18 16 12 16 14 22 20 6 4 2 10 8 11 17 17 17 17
15 16 15 15 18 12 22 20 16 14 6 10 8 4 2 11 23 23 23 23
16 13 15 17 18 10 20 18 14 24 4 8 6 2 12 9 21 21 21 21
15 15 18 15 16 10 14 24 20 18 4 2 12 8 6 9 15 15 15 15
20 21 23 24 22 2 12 10 6 4 8 24 22 18 16 8 24 22 18 16
21 23 24 22 20 4 8 6 2 12 10 20 18 14 24 10 20 18 14 24
23 24 22 20 21 4 2 12 8 6 10 14 24 20 18 10 14 24 20 18
24 22 20 21 23 2 12 10 6 4 8 24 22 18 16 8 24 22 18 16
22 20 21 23 24 2 6 4 12 10 8 18 16 24 22 8 18 16 24 22
22 23 24 24 24 2 12 10 6 4 8 24 22 18 16 8 24 22 18 16
21 22 21 22 19 6 4 2 10 8 12 16 14 22 20 12 16 14 22 20
21 21 23 23 22 6 4 2 10 8 12 16 14 22 20 12 16 14 22 20
22 21 21 23 23 4 2 12 8 6 10 14 24 20 18 10 14 24 20 18
22 21 22 23 22 2 6 4 12 10 8 18 16 24 22 8 18 16 24 22
22 22 19 19 23 6 10 8 4 2 12 22 20 16 14 12 22 20 16 14
21 21 21 21 21 2 6 4 12 10 8 18 16 24 22 8 18 16 24 22
19 21 23 24 22 6 4 2 10 8 12 16 14 22 20 12 16 14 22 20
21 22 21 21 24 6 10 8 4 2 12 22 20 16 14 12 22 20 16 14
22 19 21 23 24 4 8 6 2 12 10 20 18 14 24 10 20 18 14 24
21 21 24 21 22 4 2 12 8 6 10 14 24 20 18 10 14 24 20 18

SIZE: 54 x 20
METHOD: Six-block row decomposition construction (Theorem 21 and Appendix A.3), with t=4 five-column inputs of row sizes 6,16,16,16, and 15 added columns from factorized input pairs. The total added-column weight is 18.
MATRIX:
2 3 5 6 4 1 7 7 7 7 1 7 7 7 7 1 7 7 7 7
3 5 6 4 2 3 9 9 9 9 3 9 9 9 9 3 9 9 9 9
5 6 4 2 3 5 11 11 11 11 5 11 11 11 11 5 11 11 11 11
6 4 2 3 5 1 1 1 1 1 1 1 1 1 1 1 1 1 1 1
4 2 3 5 6 3 3 3 3 3 3 3 3 3 3 3 3 3 3 3
1 1 1 1 1 5 5 5 5 5 5 5 5 5 5 5 5 5 5 5
8 9 11 12 10 7 13 13 13 13 7 13 13 13 13 2 12 10 6 4
9 11 12 10 8 9 21 21 21 21 9 21 21 21 21 4 8 6 2 12
11 12 10 8 9 9 15 15 15 15 9 15 15 15 15 4 2 12 8 6
12 10 8 9 11 7 13 13 13 13 7 13 13 13 13 2 12 10 6 4
10 8 9 11 12 7 19 19 19 19 7 19 19 19 19 2 6 4 12 10
10 11 12 12 12 7 13 13 13 13 7 13 13 13 13 2 12 10 6 4
9 10 9 10 7 11 17 17 17 17 11 17 17 17 17 6 4 2 10 8
9 9 11 11 10 11 17 17 17 17 11 17 17 17 17 6 4 2 10 8
10 9 9 11 11 9 15 15 15 15 9 15 15 15 15 4 2 12 8 6
10 9 10 11 10 7 19 19 19 19 7 19 19 19 19 2 6 4 12 10
10 10 7 7 11 11 23 23 23 23 11 23 23 23 23 6 10 8 4 2
9 9 9 9 9 7 19 19 19 19 7 19 19 19 19 2 6 4 12 10
7 9 11 12 10 11 17 17 17 17 11 17 17 17 17 6 4 2 10 8
9 10 9 9 12 11 23 23 23 23 11 23 23 23 23 6 10 8 4 2
10 7 9 11 12 9 21 21 21 21 9 21 21 21 21 4 8 6 2 12
9 9 12 9 10 9 15 15 15 15 9 15 15 15 15 4 2 12 8 6
14 15 17 18 16 8 24 22 18 16 2 12 10 6 4 7 13 13 13 13
15 17 18 16 14 10 20 18 14 24 4 8 6 2 12 9 21 21 21 21
17 18 16 14 15 10 14 24 20 18 4 2 12 8 6 9 15 15 15 15
18 16 14 15 17 8 24 22 18 16 2 12 10 6 4 7 13 13 13 13
16 14 15 17 18 8 18 16 24 22 2 6 4 12 10 7 19 19 19 19
16 17 18 18 18 8 24 22 18 16 2 12 10 6 4 7 13 13 13 13
15 16 15 16 13 12 16 14 22 20 6 4 2 10 8 11 17 17 17 17
15 15 17 17 16 12 16 14 22 20 6 4 2 10 8 11 17 17 17 17
16 15 15 17 17 10 14 24 20 18 4 2 12 8 6 9 15 15 15 15
16 15 16 17 16 8 18 16 24 22 2 6 4 12 10 7 19 19 19 19
16 16 13 13 17 12 22 20 16 14 6 10 8 4 2 11 23 23 23 23
15 15 15 15 15 8 18 16 24 22 2 6 4 12 10 7 19 19 19 19
13 15 17 18 16 12 16 14 22 20 6 4 2 10 8 11 17 17 17 17
15 16 15 15 18 12 22 20 16 14 6 10 8 4 2 11 23 23 23 23
16 13 15 17 18 10 20 18 14 24 4 8 6 2 12 9 21 21 21 21
15 15 18 15 16 10 14 24 20 18 4 2 12 8 6 9 15 15 15 15
20 21 23 24 22 2 12 10 6 4 8 24 22 18 16 8 24 22 18 16
21 23 24 22 20 4 8 6 2 12 10 20 18 14 24 10 20 18 14 24
23 24 22 20 21 4 2 12 8 6 10 14 24 20 18 10 14 24 20 18
24 22 20 21 23 2 12 10 6 4 8 24 22 18 16 8 24 22 18 16
22 20 21 23 24 2 6 4 12 10 8 18 16 24 22 8 18 16 24 22
22 23 24 24 24 2 12 10 6 4 8 24 22 18 16 8 24 22 18 16
21 22 21 22 19 6 4 2 10 8 12 16 14 22 20 12 16 14 22 20
21 21 23 23 22 6 4 2 10 8 12 16 14 22 20 12 16 14 22 20
22 21 21 23 23 4 2 12 8 6 10 14 24 20 18 10 14 24 20 18
22 21 22 23 22 2 6 4 12 10 8 18 16 24 22 8 18 16 24 22
22 22 19 19 23 6 10 8 4 2 12 22 20 16 14 12 22 20 16 14
21 21 21 21 21 2 6 4 12 10 8 18 16 24 22 8 18 16 24 22
19 21 23 24 22 6 4 2 10 8 12 16 14 22 20 12 16 14 22 20
21 22 21 21 24 6 10 8 4 2 12 22 20 16 14 12 22 20 16 14
22 19 21 23 24 4 8 6 2 12 10 20 18 14 24 10 20 18 14 24
21 21 24 21 22 4 2 12 8 6 10 14 24 20 18 10 14 24 20 18

SIZE: 55 x 20
METHOD: Six-block row decomposition construction (Theorem 21 and Appendix A.3), with t=4 five-column inputs of row sizes 8,15,16,16, and 15 added columns from factorized input pairs. The total added-column weight is 18.
MATRIX:
1 1 1 1 1 1 1 1 1 1 1 1 1 1 1 1 1 1 1 1
1 2 3 3 3 3 3 3 3 3 3 3 3 3 3 3 3 3 3 3
2 3 5 5 5 5 5 5 5 5 5 5 5 5 5 5 5 5 5 5
2 4 7 7 7 1 7 7 7 7 1 7 7 7 7 1 7 7 7 7
3 3 6 2 4 1 7 7 7 7 1 7 7 7 7 1 7 7 7 7
3 4 8 4 2 3 9 9 9 9 3 9 9 9 9 3 9 9 9 9
4 1 2 6 8 3 3 3 3 3 3 3 3 3 3 3 3 3 3 3
4 2 4 8 6 5 11 11 11 11 5 11 11 11 11 5 11 11 11 11
6 7 13 14 12 7 19 19 19 19 7 19 19 19 19 2 6 4 12 10
7 9 14 12 10 7 13 13 13 13 7 13 13 13 13 2 12 10 6 4
9 10 12 10 11 11 23 23 23 23 11 23 23 23 23 6 10 8 4 2
10 8 10 11 13 7 13 13 13 13 7 13 13 13 13 2 12 10 6 4
8 6 11 13 14 7 13 13 13 13 7 13 13 13 13 2 12 10 6 4
10 8 13 12 13 9 15 15 15 15 9 15 15 15 15 4 2 12 8 6
5 9 9 11 13 11 17 17 17 17 11 17 17 17 17 6 4 2 10 8
9 10 11 14 11 11 17 17 17 17 11 17 17 17 17 6 4 2 10 8
9 10 12 9 11 9 21 21 21 21 9 21 21 21 21 4 8 6 2 12
7 9 14 12 9 11 17 17 17 17 11 17 17 17 17 6 4 2 10 8
8 5 14 12 12 11 23 23 23 23 11 23 23 23 23 6 10 8 4 2
7 10 11 13 14 7 19 19 19 19 7 19 19 19 19 2 6 4 12 10
10 8 13 14 14 9 15 15 15 15 9 15 15 15 15 4 2 12 8 6
7 9 14 11 14 9 21 21 21 21 9 21 21 21 21 4 8 6 2 12
7 9 13 13 14 9 15 15 15 15 9 15 15 15 15 4 2 12 8 6
12 13 19 20 18 8 24 22 18 16 2 12 10 6 4 7 13 13 13 13
13 15 20 18 16 10 20 18 14 24 4 8 6 2 12 9 21 21 21 21
15 16 18 16 17 10 14 24 20 18 4 2 12 8 6 9 15 15 15 15
16 14 16 17 19 8 24 22 18 16 2 12 10 6 4 7 13 13 13 13
14 12 17 19 20 8 18 16 24 22 2 6 4 12 10 7 19 19 19 19
14 15 20 20 20 8 24 22 18 16 2 12 10 6 4 7 13 13 13 13
13 14 17 18 15 12 16 14 22 20 6 4 2 10 8 11 17 17 17 17
13 13 19 19 18 12 16 14 22 20 6 4 2 10 8 11 17 17 17 17
14 13 17 19 19 10 14 24 20 18 4 2 12 8 6 9 15 15 15 15
14 13 18 19 18 8 18 16 24 22 2 6 4 12 10 7 19 19 19 19
14 14 15 15 19 12 22 20 16 14 6 10 8 4 2 11 23 23 23 23
13 13 17 17 17 8 18 16 24 22 2 6 4 12 10 7 19 19 19 19
11 13 19 20 18 12 16 14 22 20 6 4 2 10 8 11 17 17 17 17
13 14 17 17 20 12 22 20 16 14 6 10 8 4 2 11 23 23 23 23
14 11 17 19 20 10 20 18 14 24 4 8 6 2 12 9 21 21 21 21
13 13 20 17 18 10 14 24 20 18 4 2 12 8 6 9 15 15 15 15
18 19 25 26 24 2 12 10 6 4 8 24 22 18 16 8 24 22 18 16
19 21 26 24 22 4 8 6 2 12 10 20 18 14 24 10 20 18 14 24
21 22 24 22 23 4 2 12 8 6 10 14 24 20 18 10 14 24 20 18
22 20 22 23 25 2 12 10 6 4 8 24 22 18 16 8 24 22 18 16
20 18 23 25 26 2 6 4 12 10 8 18 16 24 22 8 18 16 24 22
20 21 26 26 26 2 12 10 6 4 8 24 22 18 16 8 24 22 18 16
19 20 23 24 21 6 4 2 10 8 12 16 14 22 20 12 16 14 22 20
19 19 25 25 24 6 4 2 10 8 12 16 14 22 20 12 16 14 22 20
20 19 23 25 25 4 2 12 8 6 10 14 24 20 18 10 14 24 20 18
20 19 24 25 24 2 6 4 12 10 8 18 16 24 22 8 18 16 24 22
20 20 21 21 25 6 10 8 4 2 12 22 20 16 14 12 22 20 16 14
19 19 23 23 23 2 6 4 12 10 8 18 16 24 22 8 18 16 24 22
17 19 25 26 24 6 4 2 10 8 12 16 14 22 20 12 16 14 22 20
19 20 23 23 26 6 10 8 4 2 12 22 20 16 14 12 22 20 16 14
20 17 23 25 26 4 8 6 2 12 10 20 18 14 24 10 20 18 14 24
19 19 26 23 24 4 2 12 8 6 10 14 24 20 18 10 14 24 20 18

SIZE: 56 x 20
METHOD: Six-block row decomposition construction (Theorem 21 and Appendix A.3), with t=4 five-column inputs of row sizes 8,16,16,16, and 15 added columns from factorized input pairs. The total added-column weight is 18.
MATRIX:
1 1 1 1 1 1 1 1 1 1 1 1 1 1 1 1 1 1 1 1
1 2 3 3 3 3 3 3 3 3 3 3 3 3 3 3 3 3 3 3
2 3 5 5 5 5 5 5 5 5 5 5 5 5 5 5 5 5 5 5
2 4 7 7 7 1 7 7 7 7 1 7 7 7 7 1 7 7 7 7
3 3 6 2 4 1 7 7 7 7 1 7 7 7 7 1 7 7 7 7
3 4 8 4 2 3 9 9 9 9 3 9 9 9 9 3 9 9 9 9
4 1 2 6 8 3 3 3 3 3 3 3 3 3 3 3 3 3 3 3
4 2 4 8 6 5 11 11 11 11 5 11 11 11 11 5 11 11 11 11
6 7 13 14 12 7 13 13 13 13 7 13 13 13 13 2 12 10 6 4
7 9 14 12 10 9 21 21 21 21 9 21 21 21 21 4 8 6 2 12
9 10 12 10 11 9 15 15 15 15 9 15 15 15 15 4 2 12 8 6
10 8 10 11 13 7 13 13 13 13 7 13 13 13 13 2 12 10 6 4
8 6 11 13 14 7 19 19 19 19 7 19 19 19 19 2 6 4 12 10
8 9 14 14 14 7 13 13 13 13 7 13 13 13 13 2 12 10 6 4
7 8 11 12 9 11 17 17 17 17 11 17 17 17 17 6 4 2 10 8
7 7 13 13 12 11 17 17 17 17 11 17 17 17 17 6 4 2 10 8
8 7 11 13 13 9 15 15 15 15 9 15 15 15 15 4 2 12 8 6
8 7 12 13 12 7 19 19 19 19 7 19 19 19 19 2 6 4 12 10
8 8 9 9 13 11 23 23 23 23 11 23 23 23 23 6 10 8 4 2
7 7 11 11 11 7 19 19 19 19 7 19 19 19 19 2 6 4 12 10
5 7 13 14 12 11 17 17 17 17 11 17 17 17 17 6 4 2 10 8
7 8 11 11 14 11 23 23 23 23 11 23 23 23 23 6 10 8 4 2
8 5 11 13 14 9 21 21 21 21 9 21 21 21 21 4 8 6 2 12
7 7 14 11 12 9 15 15 15 15 9 15 15 15 15 4 2 12 8 6
12 13 19 20 18 8 24 22 18 16 2 12 10 6 4 7 13 13 13 13
13 15 20 18 16 10 20 18 14 24 4 8 6 2 12 9 21 21 21 21
15 16 18 16 17 10 14 24 20 18 4 2 12 8 6 9 15 15 15 15
16 14 16 17 19 8 24 22 18 16 2 12 10 6 4 7 13 13 13 13
14 12 17 19 20 8 18 16 24 22 2 6 4 12 10 7 19 19 19 19
14 15 20 20 20 8 24 22 18 16 2 12 10 6 4 7 13 13 13 13
13 14 17 18 15 12 16 14 22 20 6 4 2 10 8 11 17 17 17 17
13 13 19 19 18 12 16 14 22 20 6 4 2 10 8 11 17 17 17 17
14 13 17 19 19 10 14 24 20 18 4 2 12 8 6 9 15 15 15 15
14 13 18 19 18 8 18 16 24 22 2 6 4 12 10 7 19 19 19 19
14 14 15 15 19 12 22 20 16 14 6 10 8 4 2 11 23 23 23 23
13 13 17 17 17 8 18 16 24 22 2 6 4 12 10 7 19 19 19 19
11 13 19 20 18 12 16 14 22 20 6 4 2 10 8 11 17 17 17 17
13 14 17 17 20 12 22 20 16 14 6 10 8 4 2 11 23 23 23 23
14 11 17 19 20 10 20 18 14 24 4 8 6 2 12 9 21 21 21 21
13 13 20 17 18 10 14 24 20 18 4 2 12 8 6 9 15 15 15 15
18 19 25 26 24 2 12 10 6 4 8 24 22 18 16 8 24 22 18 16
19 21 26 24 22 4 8 6 2 12 10 20 18 14 24 10 20 18 14 24
21 22 24 22 23 4 2 12 8 6 10 14 24 20 18 10 14 24 20 18
22 20 22 23 25 2 12 10 6 4 8 24 22 18 16 8 24 22 18 16
20 18 23 25 26 2 6 4 12 10 8 18 16 24 22 8 18 16 24 22
20 21 26 26 26 2 12 10 6 4 8 24 22 18 16 8 24 22 18 16
19 20 23 24 21 6 4 2 10 8 12 16 14 22 20 12 16 14 22 20
19 19 25 25 24 6 4 2 10 8 12 16 14 22 20 12 16 14 22 20
20 19 23 25 25 4 2 12 8 6 10 14 24 20 18 10 14 24 20 18
20 19 24 25 24 2 6 4 12 10 8 18 16 24 22 8 18 16 24 22
20 20 21 21 25 6 10 8 4 2 12 22 20 16 14 12 22 20 16 14
19 19 23 23 23 2 6 4 12 10 8 18 16 24 22 8 18 16 24 22
17 19 25 26 24 6 4 2 10 8 12 16 14 22 20 12 16 14 22 20
19 20 23 23 26 6 10 8 4 2 12 22 20 16 14 12 22 20 16 14
20 17 23 25 26 4 8 6 2 12 10 20 18 14 24 10 20 18 14 24
19 19 26 23 24 4 2 12 8 6 10 14 24 20 18 10 14 24 20 18

SIZE: 57 x 20
METHOD: Six-block row decomposition construction (Theorem 21 and Appendix A.3), with t=4 five-column inputs of row sizes 9,16,16,16, and 15 added columns from factorized input pairs. The total added-column weight is 18.
MATRIX:
2 3 5 6 4 5 5 5 5 5 5 5 5 5 5 5 5 5 5 5
3 5 6 4 2 5 11 11 11 11 5 11 11 11 11 5 11 11 11 11
5 6 4 2 3 3 9 9 9 9 3 9 9 9 9 3 9 9 9 9
6 4 2 3 5 1 1 1 1 1 1 1 1 1 1 1 1 1 1 1
4 2 3 5 6 3 3 3 3 3 3 3 3 3 3 3 3 3 3 3
6 1 1 5 1 1 7 7 7 7 1 7 7 7 7 1 7 7 7 7
1 3 3 6 1 3 3 3 3 3 3 3 3 3 3 3 3 3 3 3
4 4 3 6 6 5 5 5 5 5 5 5 5 5 5 5 5 5 5 5
5 4 5 1 5 1 1 1 1 1 1 1 1 1 1 1 1 1 1 1
8 9 11 12 10 7 13 13 13 13 7 13 13 13 13 2 12 10 6 4
9 11 12 10 8 9 21 21 21 21 9 21 21 21 21 4 8 6 2 12
11 12 10 8 9 9 15 15 15 15 9 15 15 15 15 4 2 12 8 6
12 10 8 9 11 7 13 13 13 13 7 13 13 13 13 2 12 10 6 4
10 8 9 11 12 7 19 19 19 19 7 19 19 19 19 2 6 4 12 10
10 11 12 12 12 7 13 13 13 13 7 13 13 13 13 2 12 10 6 4
9 10 9 10 7 11 17 17 17 17 11 17 17 17 17 6 4 2 10 8
9 9 11 11 10 11 17 17 17 17 11 17 17 17 17 6 4 2 10 8
10 9 9 11 11 9 15 15 15 15 9 15 15 15 15 4 2 12 8 6
10 9 10 11 10 7 19 19 19 19 7 19 19 19 19 2 6 4 12 10
10 10 7 7 11 11 23 23 23 23 11 23 23 23 23 6 10 8 4 2
9 9 9 9 9 7 19 19 19 19 7 19 19 19 19 2 6 4 12 10
7 9 11 12 10 11 17 17 17 17 11 17 17 17 17 6 4 2 10 8
9 10 9 9 12 11 23 23 23 23 11 23 23 23 23 6 10 8 4 2
10 7 9 11 12 9 21 21 21 21 9 21 21 21 21 4 8 6 2 12
9 9 12 9 10 9 15 15 15 15 9 15 15 15 15 4 2 12 8 6
14 15 17 18 16 8 24 22 18 16 2 12 10 6 4 7 13 13 13 13
15 17 18 16 14 10 20 18 14 24 4 8 6 2 12 9 21 21 21 21
17 18 16 14 15 10 14 24 20 18 4 2 12 8 6 9 15 15 15 15
18 16 14 15 17 8 24 22 18 16 2 12 10 6 4 7 13 13 13 13
16 14 15 17 18 8 18 16 24 22 2 6 4 12 10 7 19 19 19 19
16 17 18 18 18 8 24 22 18 16 2 12 10 6 4 7 13 13 13 13
15 16 15 16 13 12 16 14 22 20 6 4 2 10 8 11 17 17 17 17
15 15 17 17 16 12 16 14 22 20 6 4 2 10 8 11 17 17 17 17
16 15 15 17 17 10 14 24 20 18 4 2 12 8 6 9 15 15 15 15
16 15 16 17 16 8 18 16 24 22 2 6 4 12 10 7 19 19 19 19
16 16 13 13 17 12 22 20 16 14 6 10 8 4 2 11 23 23 23 23
15 15 15 15 15 8 18 16 24 22 2 6 4 12 10 7 19 19 19 19
13 15 17 18 16 12 16 14 22 20 6 4 2 10 8 11 17 17 17 17
15 16 15 15 18 12 22 20 16 14 6 10 8 4 2 11 23 23 23 23
16 13 15 17 18 10 20 18 14 24 4 8 6 2 12 9 21 21 21 21
15 15 18 15 16 10 14 24 20 18 4 2 12 8 6 9 15 15 15 15
20 21 23 24 22 2 12 10 6 4 8 24 22 18 16 8 24 22 18 16
21 23 24 22 20 4 8 6 2 12 10 20 18 14 24 10 20 18 14 24
23 24 22 20 21 4 2 12 8 6 10 14 24 20 18 10 14 24 20 18
24 22 20 21 23 2 12 10 6 4 8 24 22 18 16 8 24 22 18 16
22 20 21 23 24 2 6 4 12 10 8 18 16 24 22 8 18 16 24 22
22 23 24 24 24 2 12 10 6 4 8 24 22 18 16 8 24 22 18 16
21 22 21 22 19 6 4 2 10 8 12 16 14 22 20 12 16 14 22 20
21 21 23 23 22 6 4 2 10 8 12 16 14 22 20 12 16 14 22 20
22 21 21 23 23 4 2 12 8 6 10 14 24 20 18 10 14 24 20 18
22 21 22 23 22 2 6 4 12 10 8 18 16 24 22 8 18 16 24 22
22 22 19 19 23 6 10 8 4 2 12 22 20 16 14 12 22 20 16 14
21 21 21 21 21 2 6 4 12 10 8 18 16 24 22 8 18 16 24 22
19 21 23 24 22 6 4 2 10 8 12 16 14 22 20 12 16 14 22 20
21 22 21 21 24 6 10 8 4 2 12 22 20 16 14 12 22 20 16 14
22 19 21 23 24 4 8 6 2 12 10 20 18 14 24 10 20 18 14 24
21 21 24 21 22 4 2 12 8 6 10 14 24 20 18 10 14 24 20 18

SIZE: 58 x 20
METHOD: Six-block row decomposition construction (Theorem 21 and Appendix A.3), with t=4 five-column inputs of row sizes 10,16,16,16, and 15 added columns from factorized input pairs. The total added-column weight is 18.
MATRIX:
2 3 5 6 4 3 9 9 9 9 3 9 9 9 9 3 9 9 9 9
3 5 6 4 2 3 3 3 3 3 3 3 3 3 3 3 3 3 3 3
5 6 4 2 3 5 5 5 5 5 5 5 5 5 5 5 5 5 5 5
6 4 2 3 5 5 5 5 5 5 5 5 5 5 5 5 5 5 5 5
4 2 3 5 6 5 11 11 11 11 5 11 11 11 11 5 11 11 11 11
5 6 6 1 5 3 3 3 3 3 3 3 3 3 3 3 3 3 3 3
6 1 6 4 1 1 1 1 1 1 1 1 1 1 1 1 1 1 1 1
6 1 1 3 3 1 1 1 1 1 1 1 1 1 1 1 1 1 1 1
5 5 6 6 1 1 7 7 7 7 1 7 7 7 7 1 7 7 7 7
1 5 5 4 5 1 7 7 7 7 1 7 7 7 7 1 7 7 7 7
8 9 11 12 10 7 13 13 13 13 7 13 13 13 13 2 12 10 6 4
9 11 12 10 8 9 21 21 21 21 9 21 21 21 21 4 8 6 2 12
11 12 10 8 9 9 15 15 15 15 9 15 15 15 15 4 2 12 8 6
12 10 8 9 11 7 13 13 13 13 7 13 13 13 13 2 12 10 6 4
10 8 9 11 12 7 19 19 19 19 7 19 19 19 19 2 6 4 12 10
10 11 12 12 12 7 13 13 13 13 7 13 13 13 13 2 12 10 6 4
9 10 9 10 7 11 17 17 17 17 11 17 17 17 17 6 4 2 10 8
9 9 11 11 10 11 17 17 17 17 11 17 17 17 17 6 4 2 10 8
10 9 9 11 11 9 15 15 15 15 9 15 15 15 15 4 2 12 8 6
10 9 10 11 10 7 19 19 19 19 7 19 19 19 19 2 6 4 12 10
10 10 7 7 11 11 23 23 23 23 11 23 23 23 23 6 10 8 4 2
9 9 9 9 9 7 19 19 19 19 7 19 19 19 19 2 6 4 12 10
7 9 11 12 10 11 17 17 17 17 11 17 17 17 17 6 4 2 10 8
9 10 9 9 12 11 23 23 23 23 11 23 23 23 23 6 10 8 4 2
10 7 9 11 12 9 21 21 21 21 9 21 21 21 21 4 8 6 2 12
9 9 12 9 10 9 15 15 15 15 9 15 15 15 15 4 2 12 8 6
14 15 17 18 16 8 24 22 18 16 2 12 10 6 4 7 13 13 13 13
15 17 18 16 14 10 20 18 14 24 4 8 6 2 12 9 21 21 21 21
17 18 16 14 15 10 14 24 20 18 4 2 12 8 6 9 15 15 15 15
18 16 14 15 17 8 24 22 18 16 2 12 10 6 4 7 13 13 13 13
16 14 15 17 18 8 18 16 24 22 2 6 4 12 10 7 19 19 19 19
16 17 18 18 18 8 24 22 18 16 2 12 10 6 4 7 13 13 13 13
15 16 15 16 13 12 16 14 22 20 6 4 2 10 8 11 17 17 17 17
15 15 17 17 16 12 16 14 22 20 6 4 2 10 8 11 17 17 17 17
16 15 15 17 17 10 14 24 20 18 4 2 12 8 6 9 15 15 15 15
16 15 16 17 16 8 18 16 24 22 2 6 4 12 10 7 19 19 19 19
16 16 13 13 17 12 22 20 16 14 6 10 8 4 2 11 23 23 23 23
15 15 15 15 15 8 18 16 24 22 2 6 4 12 10 7 19 19 19 19
13 15 17 18 16 12 16 14 22 20 6 4 2 10 8 11 17 17 17 17
15 16 15 15 18 12 22 20 16 14 6 10 8 4 2 11 23 23 23 23
16 13 15 17 18 10 20 18 14 24 4 8 6 2 12 9 21 21 21 21
15 15 18 15 16 10 14 24 20 18 4 2 12 8 6 9 15 15 15 15
20 21 23 24 22 2 12 10 6 4 8 24 22 18 16 8 24 22 18 16
21 23 24 22 20 4 8 6 2 12 10 20 18 14 24 10 20 18 14 24
23 24 22 20 21 4 2 12 8 6 10 14 24 20 18 10 14 24 20 18
24 22 20 21 23 2 12 10 6 4 8 24 22 18 16 8 24 22 18 16
22 20 21 23 24 2 6 4 12 10 8 18 16 24 22 8 18 16 24 22
22 23 24 24 24 2 12 10 6 4 8 24 22 18 16 8 24 22 18 16
21 22 21 22 19 6 4 2 10 8 12 16 14 22 20 12 16 14 22 20
21 21 23 23 22 6 4 2 10 8 12 16 14 22 20 12 16 14 22 20
22 21 21 23 23 4 2 12 8 6 10 14 24 20 18 10 14 24 20 18
22 21 22 23 22 2 6 4 12 10 8 18 16 24 22 8 18 16 24 22
22 22 19 19 23 6 10 8 4 2 12 22 20 16 14 12 22 20 16 14
21 21 21 21 21 2 6 4 12 10 8 18 16 24 22 8 18 16 24 22
19 21 23 24 22 6 4 2 10 8 12 16 14 22 20 12 16 14 22 20
21 22 21 21 24 6 10 8 4 2 12 22 20 16 14 12 22 20 16 14
22 19 21 23 24 4 8 6 2 12 10 20 18 14 24 10 20 18 14 24
21 21 24 21 22 4 2 12 8 6 10 14 24 20 18 10 14 24 20 18

SIZE: 59 x 20
METHOD: Six-block row decomposition construction (Theorem 21 and Appendix A.3), with t=4 five-column inputs of row sizes 11,16,16,16, and 15 added columns from factorized input pairs. The total added-column weight is 18.
MATRIX:
2 3 5 6 4 5 5 5 5 5 5 5 5 5 5 5 5 5 5 5
3 5 6 4 2 1 1 1 1 1 1 1 1 1 1 1 1 1 1 1
5 6 4 2 3 5 11 11 11 11 5 11 11 11 11 5 11 11 11 11
6 4 2 3 5 5 5 5 5 5 5 5 5 5 5 5 5 5 5 5
4 2 3 5 6 1 1 1 1 1 1 1 1 1 1 1 1 1 1 1
4 1 6 4 4 3 9 9 9 9 3 9 9 9 9 3 9 9 9 9
3 4 1 1 1 3 3 3 3 3 3 3 3 3 3 3 3 3 3 3
4 3 3 6 3 3 9 9 9 9 3 9 9 9 9 3 9 9 9 9
4 3 4 1 3 3 3 3 3 3 3 3 3 3 3 3 3 3 3 3
3 3 3 5 1 1 7 7 7 7 1 7 7 7 7 1 7 7 7 7
1 3 5 6 4 1 7 7 7 7 1 7 7 7 7 1 7 7 7 7
8 9 11 12 10 7 13 13 13 13 7 13 13 13 13 2 12 10 6 4
9 11 12 10 8 9 21 21 21 21 9 21 21 21 21 4 8 6 2 12
11 12 10 8 9 9 15 15 15 15 9 15 15 15 15 4 2 12 8 6
12 10 8 9 11 7 13 13 13 13 7 13 13 13 13 2 12 10 6 4
10 8 9 11 12 7 19 19 19 19 7 19 19 19 19 2 6 4 12 10
10 11 12 12 12 7 13 13 13 13 7 13 13 13 13 2 12 10 6 4
9 10 9 10 7 11 17 17 17 17 11 17 17 17 17 6 4 2 10 8
9 9 11 11 10 11 17 17 17 17 11 17 17 17 17 6 4 2 10 8
10 9 9 11 11 9 15 15 15 15 9 15 15 15 15 4 2 12 8 6
10 9 10 11 10 7 19 19 19 19 7 19 19 19 19 2 6 4 12 10
10 10 7 7 11 11 23 23 23 23 11 23 23 23 23 6 10 8 4 2
9 9 9 9 9 7 19 19 19 19 7 19 19 19 19 2 6 4 12 10
7 9 11 12 10 11 17 17 17 17 11 17 17 17 17 6 4 2 10 8
9 10 9 9 12 11 23 23 23 23 11 23 23 23 23 6 10 8 4 2
10 7 9 11 12 9 21 21 21 21 9 21 21 21 21 4 8 6 2 12
9 9 12 9 10 9 15 15 15 15 9 15 15 15 15 4 2 12 8 6
14 15 17 18 16 8 24 22 18 16 2 12 10 6 4 7 13 13 13 13
15 17 18 16 14 10 20 18 14 24 4 8 6 2 12 9 21 21 21 21
17 18 16 14 15 10 14 24 20 18 4 2 12 8 6 9 15 15 15 15
18 16 14 15 17 8 24 22 18 16 2 12 10 6 4 7 13 13 13 13
16 14 15 17 18 8 18 16 24 22 2 6 4 12 10 7 19 19 19 19
16 17 18 18 18 8 24 22 18 16 2 12 10 6 4 7 13 13 13 13
15 16 15 16 13 12 16 14 22 20 6 4 2 10 8 11 17 17 17 17
15 15 17 17 16 12 16 14 22 20 6 4 2 10 8 11 17 17 17 17
16 15 15 17 17 10 14 24 20 18 4 2 12 8 6 9 15 15 15 15
16 15 16 17 16 8 18 16 24 22 2 6 4 12 10 7 19 19 19 19
16 16 13 13 17 12 22 20 16 14 6 10 8 4 2 11 23 23 23 23
15 15 15 15 15 8 18 16 24 22 2 6 4 12 10 7 19 19 19 19
13 15 17 18 16 12 16 14 22 20 6 4 2 10 8 11 17 17 17 17
15 16 15 15 18 12 22 20 16 14 6 10 8 4 2 11 23 23 23 23
16 13 15 17 18 10 20 18 14 24 4 8 6 2 12 9 21 21 21 21
15 15 18 15 16 10 14 24 20 18 4 2 12 8 6 9 15 15 15 15
20 21 23 24 22 2 12 10 6 4 8 24 22 18 16 8 24 22 18 16
21 23 24 22 20 4 8 6 2 12 10 20 18 14 24 10 20 18 14 24
23 24 22 20 21 4 2 12 8 6 10 14 24 20 18 10 14 24 20 18
24 22 20 21 23 2 12 10 6 4 8 24 22 18 16 8 24 22 18 16
22 20 21 23 24 2 6 4 12 10 8 18 16 24 22 8 18 16 24 22
22 23 24 24 24 2 12 10 6 4 8 24 22 18 16 8 24 22 18 16
21 22 21 22 19 6 4 2 10 8 12 16 14 22 20 12 16 14 22 20
21 21 23 23 22 6 4 2 10 8 12 16 14 22 20 12 16 14 22 20
22 21 21 23 23 4 2 12 8 6 10 14 24 20 18 10 14 24 20 18
22 21 22 23 22 2 6 4 12 10 8 18 16 24 22 8 18 16 24 22
22 22 19 19 23 6 10 8 4 2 12 22 20 16 14 12 22 20 16 14
21 21 21 21 21 2 6 4 12 10 8 18 16 24 22 8 18 16 24 22
19 21 23 24 22 6 4 2 10 8 12 16 14 22 20 12 16 14 22 20
21 22 21 21 24 6 10 8 4 2 12 22 20 16 14 12 22 20 16 14
22 19 21 23 24 4 8 6 2 12 10 20 18 14 24 10 20 18 14 24
21 21 24 21 22 4 2 12 8 6 10 14 24 20 18 10 14 24 20 18

SIZE: 60 x 20
METHOD: Six-block row decomposition construction (Theorem 21 and Appendix A.3), with t=4 five-column inputs of row sizes 12,16,16,16, and 15 added columns from factorized input pairs. The total added-column weight is 18.
MATRIX:
2 3 5 6 4 5 11 11 11 11 5 11 11 11 11 5 11 11 11 11
3 5 6 4 2 1 1 1 1 1 1 1 1 1 1 1 1 1 1 1
5 6 4 2 3 3 3 3 3 3 3 3 3 3 3 3 3 3 3 3
6 4 2 3 5 1 7 7 7 7 1 7 7 7 7 1 7 7 7 7
4 2 3 5 6 3 3 3 3 3 3 3 3 3 3 3 3 3 3 3
1 5 5 6 6 1 1 1 1 1 1 1 1 1 1 1 1 1 1 1
3 3 6 1 1 5 5 5 5 5 5 5 5 5 5 5 5 5 5 5
4 5 1 5 5 5 5 5 5 5 5 5 5 5 5 5 5 5 5 5
4 1 3 5 6 3 9 9 9 9 3 9 9 9 9 3 9 9 9 9
3 5 5 5 6 5 11 11 11 11 5 11 11 11 11 5 11 11 11 11
4 5 6 6 6 3 9 9 9 9 3 9 9 9 9 3 9 9 9 9
4 5 4 5 6 1 7 7 7 7 1 7 7 7 7 1 7 7 7 7
8 9 11 12 10 7 13 13 13 13 7 13 13 13 13 2 12 10 6 4
9 11 12 10 8 9 21 21 21 21 9 21 21 21 21 4 8 6 2 12
11 12 10 8 9 9 15 15 15 15 9 15 15 15 15 4 2 12 8 6
12 10 8 9 11 7 13 13 13 13 7 13 13 13 13 2 12 10 6 4
10 8 9 11 12 7 19 19 19 19 7 19 19 19 19 2 6 4 12 10
10 11 12 12 12 7 13 13 13 13 7 13 13 13 13 2 12 10 6 4
9 10 9 10 7 11 17 17 17 17 11 17 17 17 17 6 4 2 10 8
9 9 11 11 10 11 17 17 17 17 11 17 17 17 17 6 4 2 10 8
10 9 9 11 11 9 15 15 15 15 9 15 15 15 15 4 2 12 8 6
10 9 10 11 10 7 19 19 19 19 7 19 19 19 19 2 6 4 12 10
10 10 7 7 11 11 23 23 23 23 11 23 23 23 23 6 10 8 4 2
9 9 9 9 9 7 19 19 19 19 7 19 19 19 19 2 6 4 12 10
7 9 11 12 10 11 17 17 17 17 11 17 17 17 17 6 4 2 10 8
9 10 9 9 12 11 23 23 23 23 11 23 23 23 23 6 10 8 4 2
10 7 9 11 12 9 21 21 21 21 9 21 21 21 21 4 8 6 2 12
9 9 12 9 10 9 15 15 15 15 9 15 15 15 15 4 2 12 8 6
14 15 17 18 16 8 24 22 18 16 2 12 10 6 4 7 13 13 13 13
15 17 18 16 14 10 20 18 14 24 4 8 6 2 12 9 21 21 21 21
17 18 16 14 15 10 14 24 20 18 4 2 12 8 6 9 15 15 15 15
18 16 14 15 17 8 24 22 18 16 2 12 10 6 4 7 13 13 13 13
16 14 15 17 18 8 18 16 24 22 2 6 4 12 10 7 19 19 19 19
16 17 18 18 18 8 24 22 18 16 2 12 10 6 4 7 13 13 13 13
15 16 15 16 13 12 16 14 22 20 6 4 2 10 8 11 17 17 17 17
15 15 17 17 16 12 16 14 22 20 6 4 2 10 8 11 17 17 17 17
16 15 15 17 17 10 14 24 20 18 4 2 12 8 6 9 15 15 15 15
16 15 16 17 16 8 18 16 24 22 2 6 4 12 10 7 19 19 19 19
16 16 13 13 17 12 22 20 16 14 6 10 8 4 2 11 23 23 23 23
15 15 15 15 15 8 18 16 24 22 2 6 4 12 10 7 19 19 19 19
13 15 17 18 16 12 16 14 22 20 6 4 2 10 8 11 17 17 17 17
15 16 15 15 18 12 22 20 16 14 6 10 8 4 2 11 23 23 23 23
16 13 15 17 18 10 20 18 14 24 4 8 6 2 12 9 21 21 21 21
15 15 18 15 16 10 14 24 20 18 4 2 12 8 6 9 15 15 15 15
20 21 23 24 22 2 12 10 6 4 8 24 22 18 16 8 24 22 18 16
21 23 24 22 20 4 8 6 2 12 10 20 18 14 24 10 20 18 14 24
23 24 22 20 21 4 2 12 8 6 10 14 24 20 18 10 14 24 20 18
24 22 20 21 23 2 12 10 6 4 8 24 22 18 16 8 24 22 18 16
22 20 21 23 24 2 6 4 12 10 8 18 16 24 22 8 18 16 24 22
22 23 24 24 24 2 12 10 6 4 8 24 22 18 16 8 24 22 18 16
21 22 21 22 19 6 4 2 10 8 12 16 14 22 20 12 16 14 22 20
21 21 23 23 22 6 4 2 10 8 12 16 14 22 20 12 16 14 22 20
22 21 21 23 23 4 2 12 8 6 10 14 24 20 18 10 14 24 20 18
22 21 22 23 22 2 6 4 12 10 8 18 16 24 22 8 18 16 24 22
22 22 19 19 23 6 10 8 4 2 12 22 20 16 14 12 22 20 16 14
21 21 21 21 21 2 6 4 12 10 8 18 16 24 22 8 18 16 24 22
19 21 23 24 22 6 4 2 10 8 12 16 14 22 20 12 16 14 22 20
21 22 21 21 24 6 10 8 4 2 12 22 20 16 14 12 22 20 16 14
22 19 21 23 24 4 8 6 2 12 10 20 18 14 24 10 20 18 14 24
21 21 24 21 22 4 2 12 8 6 10 14 24 20 18 10 14 24 20 18

SIZE: 61 x 20
METHOD: Six-block row decomposition construction (Theorem 21 and Appendix A.3), with t=4 five-column inputs of row sizes 13,16,16,16, and 15 added columns from factorized input pairs. The total added-column weight is 18.
MATRIX:
2 3 5 6 4 5 11 11 11 11 5 11 11 11 11 5 11 11 11 11
3 5 6 4 2 3 3 3 3 3 3 3 3 3 3 3 3 3 3 3
5 6 4 2 3 5 5 5 5 5 5 5 5 5 5 5 5 5 5 5
6 4 2 3 5 5 11 11 11 11 5 11 11 11 11 5 11 11 11 11
4 2 3 5 6 3 9 9 9 9 3 9 9 9 9 3 9 9 9 9
3 3 6 1 1 1 1 1 1 1 1 1 1 1 1 1 1 1 1 1
1 5 5 6 6 3 9 9 9 9 3 9 9 9 9 3 9 9 9 9
6 4 1 3 5 5 5 5 5 5 5 5 5 5 5 5 5 5 5 5
4 1 6 4 4 1 1 1 1 1 1 1 1 1 1 1 1 1 1 1
6 4 5 4 5 1 7 7 7 7 1 7 7 7 7 1 7 7 7 7
5 4 5 1 5 3 3 3 3 3 3 3 3 3 3 3 3 3 3 3
6 1 5 5 6 1 7 7 7 7 1 7 7 7 7 1 7 7 7 7
6 3 5 5 5 1 1 1 1 1 1 1 1 1 1 1 1 1 1 1
8 9 11 12 10 7 13 13 13 13 7 13 13 13 13 2 12 10 6 4
9 11 12 10 8 9 21 21 21 21 9 21 21 21 21 4 8 6 2 12
11 12 10 8 9 9 15 15 15 15 9 15 15 15 15 4 2 12 8 6
12 10 8 9 11 7 13 13 13 13 7 13 13 13 13 2 12 10 6 4
10 8 9 11 12 7 19 19 19 19 7 19 19 19 19 2 6 4 12 10
10 11 12 12 12 7 13 13 13 13 7 13 13 13 13 2 12 10 6 4
9 10 9 10 7 11 17 17 17 17 11 17 17 17 17 6 4 2 10 8
9 9 11 11 10 11 17 17 17 17 11 17 17 17 17 6 4 2 10 8
10 9 9 11 11 9 15 15 15 15 9 15 15 15 15 4 2 12 8 6
10 9 10 11 10 7 19 19 19 19 7 19 19 19 19 2 6 4 12 10
10 10 7 7 11 11 23 23 23 23 11 23 23 23 23 6 10 8 4 2
9 9 9 9 9 7 19 19 19 19 7 19 19 19 19 2 6 4 12 10
7 9 11 12 10 11 17 17 17 17 11 17 17 17 17 6 4 2 10 8
9 10 9 9 12 11 23 23 23 23 11 23 23 23 23 6 10 8 4 2
10 7 9 11 12 9 21 21 21 21 9 21 21 21 21 4 8 6 2 12
9 9 12 9 10 9 15 15 15 15 9 15 15 15 15 4 2 12 8 6
14 15 17 18 16 8 24 22 18 16 2 12 10 6 4 7 13 13 13 13
15 17 18 16 14 10 20 18 14 24 4 8 6 2 12 9 21 21 21 21
17 18 16 14 15 10 14 24 20 18 4 2 12 8 6 9 15 15 15 15
18 16 14 15 17 8 24 22 18 16 2 12 10 6 4 7 13 13 13 13
16 14 15 17 18 8 18 16 24 22 2 6 4 12 10 7 19 19 19 19
16 17 18 18 18 8 24 22 18 16 2 12 10 6 4 7 13 13 13 13
15 16 15 16 13 12 16 14 22 20 6 4 2 10 8 11 17 17 17 17
15 15 17 17 16 12 16 14 22 20 6 4 2 10 8 11 17 17 17 17
16 15 15 17 17 10 14 24 20 18 4 2 12 8 6 9 15 15 15 15
16 15 16 17 16 8 18 16 24 22 2 6 4 12 10 7 19 19 19 19
16 16 13 13 17 12 22 20 16 14 6 10 8 4 2 11 23 23 23 23
15 15 15 15 15 8 18 16 24 22 2 6 4 12 10 7 19 19 19 19
13 15 17 18 16 12 16 14 22 20 6 4 2 10 8 11 17 17 17 17
15 16 15 15 18 12 22 20 16 14 6 10 8 4 2 11 23 23 23 23
16 13 15 17 18 10 20 18 14 24 4 8 6 2 12 9 21 21 21 21
15 15 18 15 16 10 14 24 20 18 4 2 12 8 6 9 15 15 15 15
20 21 23 24 22 2 12 10 6 4 8 24 22 18 16 8 24 22 18 16
21 23 24 22 20 4 8 6 2 12 10 20 18 14 24 10 20 18 14 24
23 24 22 20 21 4 2 12 8 6 10 14 24 20 18 10 14 24 20 18
24 22 20 21 23 2 12 10 6 4 8 24 22 18 16 8 24 22 18 16
22 20 21 23 24 2 6 4 12 10 8 18 16 24 22 8 18 16 24 22
22 23 24 24 24 2 12 10 6 4 8 24 22 18 16 8 24 22 18 16
21 22 21 22 19 6 4 2 10 8 12 16 14 22 20 12 16 14 22 20
21 21 23 23 22 6 4 2 10 8 12 16 14 22 20 12 16 14 22 20
22 21 21 23 23 4 2 12 8 6 10 14 24 20 18 10 14 24 20 18
22 21 22 23 22 2 6 4 12 10 8 18 16 24 22 8 18 16 24 22
22 22 19 19 23 6 10 8 4 2 12 22 20 16 14 12 22 20 16 14
21 21 21 21 21 2 6 4 12 10 8 18 16 24 22 8 18 16 24 22
19 21 23 24 22 6 4 2 10 8 12 16 14 22 20 12 16 14 22 20
21 22 21 21 24 6 10 8 4 2 12 22 20 16 14 12 22 20 16 14
22 19 21 23 24 4 8 6 2 12 10 20 18 14 24 10 20 18 14 24
21 21 24 21 22 4 2 12 8 6 10 14 24 20 18 10 14 24 20 18

SIZE: 62 x 20
METHOD: Six-block row decomposition construction (Theorem 21 and Appendix A.3), with t=4 five-column inputs of row sizes 14,16,16,16, and 15 added columns from factorized input pairs. The total added-column weight is 18.
MATRIX:
2 3 5 6 4 1 1 1 1 1 1 1 1 1 1 1 1 1 1 1
3 5 6 4 2 3 9 9 9 9 3 9 9 9 9 3 9 9 9 9
5 6 4 2 3 1 7 7 7 7 1 7 7 7 7 1 7 7 7 7
6 4 2 3 5 1 7 7 7 7 1 7 7 7 7 1 7 7 7 7
4 2 3 5 6 5 5 5 5 5 5 5 5 5 5 5 5 5 5 5
6 1 1 3 3 5 11 11 11 11 5 11 11 11 11 5 11 11 11 11
5 6 6 6 4 3 3 3 3 3 3 3 3 3 3 3 3 3 3 3
1 5 5 4 5 5 11 11 11 11 5 11 11 11 11 5 11 11 11 11
5 5 6 6 1 3 3 3 3 3 3 3 3 3 3 3 3 3 3 3
6 6 4 4 3 3 3 3 3 3 3 3 3 3 3 3 3 3 3 3
5 6 4 5 4 1 1 1 1 1 1 1 1 1 1 1 1 1 1 1
5 6 3 6 3 1 1 1 1 1 1 1 1 1 1 1 1 1 1 1
5 6 4 1 3 5 5 5 5 5 5 5 5 5 5 5 5 5 5 5
5 6 3 5 5 3 9 9 9 9 3 9 9 9 9 3 9 9 9 9
8 9 11 12 10 7 13 13 13 13 7 13 13 13 13 2 12 10 6 4
9 11 12 10 8 9 21 21 21 21 9 21 21 21 21 4 8 6 2 12
11 12 10 8 9 9 15 15 15 15 9 15 15 15 15 4 2 12 8 6
12 10 8 9 11 7 13 13 13 13 7 13 13 13 13 2 12 10 6 4
10 8 9 11 12 7 19 19 19 19 7 19 19 19 19 2 6 4 12 10
10 11 12 12 12 7 13 13 13 13 7 13 13 13 13 2 12 10 6 4
9 10 9 10 7 11 17 17 17 17 11 17 17 17 17 6 4 2 10 8
9 9 11 11 10 11 17 17 17 17 11 17 17 17 17 6 4 2 10 8
10 9 9 11 11 9 15 15 15 15 9 15 15 15 15 4 2 12 8 6
10 9 10 11 10 7 19 19 19 19 7 19 19 19 19 2 6 4 12 10
10 10 7 7 11 11 23 23 23 23 11 23 23 23 23 6 10 8 4 2
9 9 9 9 9 7 19 19 19 19 7 19 19 19 19 2 6 4 12 10
7 9 11 12 10 11 17 17 17 17 11 17 17 17 17 6 4 2 10 8
9 10 9 9 12 11 23 23 23 23 11 23 23 23 23 6 10 8 4 2
10 7 9 11 12 9 21 21 21 21 9 21 21 21 21 4 8 6 2 12
9 9 12 9 10 9 15 15 15 15 9 15 15 15 15 4 2 12 8 6
14 15 17 18 16 8 24 22 18 16 2 12 10 6 4 7 13 13 13 13
15 17 18 16 14 10 20 18 14 24 4 8 6 2 12 9 21 21 21 21
17 18 16 14 15 10 14 24 20 18 4 2 12 8 6 9 15 15 15 15
18 16 14 15 17 8 24 22 18 16 2 12 10 6 4 7 13 13 13 13
16 14 15 17 18 8 18 16 24 22 2 6 4 12 10 7 19 19 19 19
16 17 18 18 18 8 24 22 18 16 2 12 10 6 4 7 13 13 13 13
15 16 15 16 13 12 16 14 22 20 6 4 2 10 8 11 17 17 17 17
15 15 17 17 16 12 16 14 22 20 6 4 2 10 8 11 17 17 17 17
16 15 15 17 17 10 14 24 20 18 4 2 12 8 6 9 15 15 15 15
16 15 16 17 16 8 18 16 24 22 2 6 4 12 10 7 19 19 19 19
16 16 13 13 17 12 22 20 16 14 6 10 8 4 2 11 23 23 23 23
15 15 15 15 15 8 18 16 24 22 2 6 4 12 10 7 19 19 19 19
13 15 17 18 16 12 16 14 22 20 6 4 2 10 8 11 17 17 17 17
15 16 15 15 18 12 22 20 16 14 6 10 8 4 2 11 23 23 23 23
16 13 15 17 18 10 20 18 14 24 4 8 6 2 12 9 21 21 21 21
15 15 18 15 16 10 14 24 20 18 4 2 12 8 6 9 15 15 15 15
20 21 23 24 22 2 12 10 6 4 8 24 22 18 16 8 24 22 18 16
21 23 24 22 20 4 8 6 2 12 10 20 18 14 24 10 20 18 14 24
23 24 22 20 21 4 2 12 8 6 10 14 24 20 18 10 14 24 20 18
24 22 20 21 23 2 12 10 6 4 8 24 22 18 16 8 24 22 18 16
22 20 21 23 24 2 6 4 12 10 8 18 16 24 22 8 18 16 24 22
22 23 24 24 24 2 12 10 6 4 8 24 22 18 16 8 24 22 18 16
21 22 21 22 19 6 4 2 10 8 12 16 14 22 20 12 16 14 22 20
21 21 23 23 22 6 4 2 10 8 12 16 14 22 20 12 16 14 22 20
22 21 21 23 23 4 2 12 8 6 10 14 24 20 18 10 14 24 20 18
22 21 22 23 22 2 6 4 12 10 8 18 16 24 22 8 18 16 24 22
22 22 19 19 23 6 10 8 4 2 12 22 20 16 14 12 22 20 16 14
21 21 21 21 21 2 6 4 12 10 8 18 16 24 22 8 18 16 24 22
19 21 23 24 22 6 4 2 10 8 12 16 14 22 20 12 16 14 22 20
21 22 21 21 24 6 10 8 4 2 12 22 20 16 14 12 22 20 16 14
22 19 21 23 24 4 8 6 2 12 10 20 18 14 24 10 20 18 14 24
21 21 24 21 22 4 2 12 8 6 10 14 24 20 18 10 14 24 20 18

SIZE: 63 x 20
METHOD: Six-block row decomposition construction (Theorem 21 and Appendix A.3), with t=4 five-column inputs of row sizes 15,16,16,16, and 15 added columns from factorized input pairs. The total added-column weight is 18.
MATRIX:
2 3 5 6 4 1 7 7 7 7 1 7 7 7 7 1 7 7 7 7
3 5 6 4 2 1 1 1 1 1 1 1 1 1 1 1 1 1 1 1
5 6 4 2 3 5 11 11 11 11 5 11 11 11 11 5 11 11 11 11
6 4 2 3 5 1 1 1 1 1 1 1 1 1 1 1 1 1 1 1
4 2 3 5 6 1 1 1 1 1 1 1 1 1 1 1 1 1 1 1
6 4 5 4 5 3 3 3 3 3 3 3 3 3 3 3 3 3 3 3
1 5 1 3 5 5 5 5 5 5 5 5 5 5 5 5 5 5 5 5
5 6 3 6 3 5 5 5 5 5 5 5 5 5 5 5 5 5 5 5
5 6 4 1 3 3 9 9 9 9 3 9 9 9 9 3 9 9 9 9
3 5 6 4 1 5 5 5 5 5 5 5 5 5 5 5 5 5 5 5
4 1 6 4 4 5 11 11 11 11 5 11 11 11 11 5 11 11 11 11
3 6 3 5 6 1 7 7 7 7 1 7 7 7 7 1 7 7 7 7
6 4 5 6 6 3 3 3 3 3 3 3 3 3 3 3 3 3 3 3
3 5 6 3 6 3 9 9 9 9 3 9 9 9 9 3 9 9 9 9
3 5 5 5 6 3 3 3 3 3 3 3 3 3 3 3 3 3 3 3
8 9 11 12 10 7 13 13 13 13 7 13 13 13 13 2 12 10 6 4
9 11 12 10 8 9 21 21 21 21 9 21 21 21 21 4 8 6 2 12
11 12 10 8 9 9 15 15 15 15 9 15 15 15 15 4 2 12 8 6
12 10 8 9 11 7 13 13 13 13 7 13 13 13 13 2 12 10 6 4
10 8 9 11 12 7 19 19 19 19 7 19 19 19 19 2 6 4 12 10
10 11 12 12 12 7 13 13 13 13 7 13 13 13 13 2 12 10 6 4
9 10 9 10 7 11 17 17 17 17 11 17 17 17 17 6 4 2 10 8
9 9 11 11 10 11 17 17 17 17 11 17 17 17 17 6 4 2 10 8
10 9 9 11 11 9 15 15 15 15 9 15 15 15 15 4 2 12 8 6
10 9 10 11 10 7 19 19 19 19 7 19 19 19 19 2 6 4 12 10
10 10 7 7 11 11 23 23 23 23 11 23 23 23 23 6 10 8 4 2
9 9 9 9 9 7 19 19 19 19 7 19 19 19 19 2 6 4 12 10
7 9 11 12 10 11 17 17 17 17 11 17 17 17 17 6 4 2 10 8
9 10 9 9 12 11 23 23 23 23 11 23 23 23 23 6 10 8 4 2
10 7 9 11 12 9 21 21 21 21 9 21 21 21 21 4 8 6 2 12
9 9 12 9 10 9 15 15 15 15 9 15 15 15 15 4 2 12 8 6
14 15 17 18 16 8 24 22 18 16 2 12 10 6 4 7 13 13 13 13
15 17 18 16 14 10 20 18 14 24 4 8 6 2 12 9 21 21 21 21
17 18 16 14 15 10 14 24 20 18 4 2 12 8 6 9 15 15 15 15
18 16 14 15 17 8 24 22 18 16 2 12 10 6 4 7 13 13 13 13
16 14 15 17 18 8 18 16 24 22 2 6 4 12 10 7 19 19 19 19
16 17 18 18 18 8 24 22 18 16 2 12 10 6 4 7 13 13 13 13
15 16 15 16 13 12 16 14 22 20 6 4 2 10 8 11 17 17 17 17
15 15 17 17 16 12 16 14 22 20 6 4 2 10 8 11 17 17 17 17
16 15 15 17 17 10 14 24 20 18 4 2 12 8 6 9 15 15 15 15
16 15 16 17 16 8 18 16 24 22 2 6 4 12 10 7 19 19 19 19
16 16 13 13 17 12 22 20 16 14 6 10 8 4 2 11 23 23 23 23
15 15 15 15 15 8 18 16 24 22 2 6 4 12 10 7 19 19 19 19
13 15 17 18 16 12 16 14 22 20 6 4 2 10 8 11 17 17 17 17
15 16 15 15 18 12 22 20 16 14 6 10 8 4 2 11 23 23 23 23
16 13 15 17 18 10 20 18 14 24 4 8 6 2 12 9 21 21 21 21
15 15 18 15 16 10 14 24 20 18 4 2 12 8 6 9 15 15 15 15
20 21 23 24 22 2 12 10 6 4 8 24 22 18 16 8 24 22 18 16
21 23 24 22 20 4 8 6 2 12 10 20 18 14 24 10 20 18 14 24
23 24 22 20 21 4 2 12 8 6 10 14 24 20 18 10 14 24 20 18
24 22 20 21 23 2 12 10 6 4 8 24 22 18 16 8 24 22 18 16
22 20 21 23 24 2 6 4 12 10 8 18 16 24 22 8 18 16 24 22
22 23 24 24 24 2 12 10 6 4 8 24 22 18 16 8 24 22 18 16
21 22 21 22 19 6 4 2 10 8 12 16 14 22 20 12 16 14 22 20
21 21 23 23 22 6 4 2 10 8 12 16 14 22 20 12 16 14 22 20
22 21 21 23 23 4 2 12 8 6 10 14 24 20 18 10 14 24 20 18
22 21 22 23 22 2 6 4 12 10 8 18 16 24 22 8 18 16 24 22
22 22 19 19 23 6 10 8 4 2 12 22 20 16 14 12 22 20 16 14
21 21 21 21 21 2 6 4 12 10 8 18 16 24 22 8 18 16 24 22
19 21 23 24 22 6 4 2 10 8 12 16 14 22 20 12 16 14 22 20
21 22 21 21 24 6 10 8 4 2 12 22 20 16 14 12 22 20 16 14
22 19 21 23 24 4 8 6 2 12 10 20 18 14 24 10 20 18 14 24
21 21 24 21 22 4 2 12 8 6 10 14 24 20 18 10 14 24 20 18

SIZE: 64 x 20
METHOD: Six-block row decomposition construction (Theorem 21 and Appendix A.3), with t=4 five-column inputs of row sizes 16,16,16,16, and 15 added columns from factorized input pairs. The total added-column weight is 18.
MATRIX:
2 3 5 6 4 1 1 1 1 1 1 1 1 1 1 1 1 1 1 1
3 5 6 4 2 3 9 9 9 9 3 9 9 9 9 3 9 9 9 9
5 6 4 2 3 3 3 3 3 3 3 3 3 3 3 3 3 3 3 3
6 4 2 3 5 1 1 1 1 1 1 1 1 1 1 1 1 1 1 1
4 2 3 5 6 1 7 7 7 7 1 7 7 7 7 1 7 7 7 7
4 5 6 6 6 1 1 1 1 1 1 1 1 1 1 1 1 1 1 1
3 4 3 4 1 5 5 5 5 5 5 5 5 5 5 5 5 5 5 5
3 3 5 5 4 5 5 5 5 5 5 5 5 5 5 5 5 5 5 5
4 3 3 5 5 3 3 3 3 3 3 3 3 3 3 3 3 3 3 3
4 3 4 5 4 1 7 7 7 7 1 7 7 7 7 1 7 7 7 7
4 4 1 1 5 5 11 11 11 11 5 11 11 11 11 5 11 11 11 11
3 3 3 3 3 1 7 7 7 7 1 7 7 7 7 1 7 7 7 7
1 3 5 6 4 5 5 5 5 5 5 5 5 5 5 5 5 5 5 5
3 4 3 3 6 5 11 11 11 11 5 11 11 11 11 5 11 11 11 11
4 1 3 5 6 3 9 9 9 9 3 9 9 9 9 3 9 9 9 9
3 3 6 3 4 3 3 3 3 3 3 3 3 3 3 3 3 3 3 3
8 9 11 12 10 7 13 13 13 13 7 13 13 13 13 2 12 10 6 4
9 11 12 10 8 9 21 21 21 21 9 21 21 21 21 4 8 6 2 12
11 12 10 8 9 9 15 15 15 15 9 15 15 15 15 4 2 12 8 6
12 10 8 9 11 7 13 13 13 13 7 13 13 13 13 2 12 10 6 4
10 8 9 11 12 7 19 19 19 19 7 19 19 19 19 2 6 4 12 10
10 11 12 12 12 7 13 13 13 13 7 13 13 13 13 2 12 10 6 4
9 10 9 10 7 11 17 17 17 17 11 17 17 17 17 6 4 2 10 8
9 9 11 11 10 11 17 17 17 17 11 17 17 17 17 6 4 2 10 8
10 9 9 11 11 9 15 15 15 15 9 15 15 15 15 4 2 12 8 6
10 9 10 11 10 7 19 19 19 19 7 19 19 19 19 2 6 4 12 10
10 10 7 7 11 11 23 23 23 23 11 23 23 23 23 6 10 8 4 2
9 9 9 9 9 7 19 19 19 19 7 19 19 19 19 2 6 4 12 10
7 9 11 12 10 11 17 17 17 17 11 17 17 17 17 6 4 2 10 8
9 10 9 9 12 11 23 23 23 23 11 23 23 23 23 6 10 8 4 2
10 7 9 11 12 9 21 21 21 21 9 21 21 21 21 4 8 6 2 12
9 9 12 9 10 9 15 15 15 15 9 15 15 15 15 4 2 12 8 6
14 15 17 18 16 8 24 22 18 16 2 12 10 6 4 7 13 13 13 13
15 17 18 16 14 10 20 18 14 24 4 8 6 2 12 9 21 21 21 21
17 18 16 14 15 10 14 24 20 18 4 2 12 8 6 9 15 15 15 15
18 16 14 15 17 8 24 22 18 16 2 12 10 6 4 7 13 13 13 13
16 14 15 17 18 8 18 16 24 22 2 6 4 12 10 7 19 19 19 19
16 17 18 18 18 8 24 22 18 16 2 12 10 6 4 7 13 13 13 13
15 16 15 16 13 12 16 14 22 20 6 4 2 10 8 11 17 17 17 17
15 15 17 17 16 12 16 14 22 20 6 4 2 10 8 11 17 17 17 17
16 15 15 17 17 10 14 24 20 18 4 2 12 8 6 9 15 15 15 15
16 15 16 17 16 8 18 16 24 22 2 6 4 12 10 7 19 19 19 19
16 16 13 13 17 12 22 20 16 14 6 10 8 4 2 11 23 23 23 23
15 15 15 15 15 8 18 16 24 22 2 6 4 12 10 7 19 19 19 19
13 15 17 18 16 12 16 14 22 20 6 4 2 10 8 11 17 17 17 17
15 16 15 15 18 12 22 20 16 14 6 10 8 4 2 11 23 23 23 23
16 13 15 17 18 10 20 18 14 24 4 8 6 2 12 9 21 21 21 21
15 15 18 15 16 10 14 24 20 18 4 2 12 8 6 9 15 15 15 15
20 21 23 24 22 2 12 10 6 4 8 24 22 18 16 8 24 22 18 16
21 23 24 22 20 4 8 6 2 12 10 20 18 14 24 10 20 18 14 24
23 24 22 20 21 4 2 12 8 6 10 14 24 20 18 10 14 24 20 18
24 22 20 21 23 2 12 10 6 4 8 24 22 18 16 8 24 22 18 16
22 20 21 23 24 2 6 4 12 10 8 18 16 24 22 8 18 16 24 22
22 23 24 24 24 2 12 10 6 4 8 24 22 18 16 8 24 22 18 16
21 22 21 22 19 6 4 2 10 8 12 16 14 22 20 12 16 14 22 20
21 21 23 23 22 6 4 2 10 8 12 16 14 22 20 12 16 14 22 20
22 21 21 23 23 4 2 12 8 6 10 14 24 20 18 10 14 24 20 18
22 21 22 23 22 2 6 4 12 10 8 18 16 24 22 8 18 16 24 22
22 22 19 19 23 6 10 8 4 2 12 22 20 16 14 12 22 20 16 14
21 21 21 21 21 2 6 4 12 10 8 18 16 24 22 8 18 16 24 22
19 21 23 24 22 6 4 2 10 8 12 16 14 22 20 12 16 14 22 20
21 22 21 21 24 6 10 8 4 2 12 22 20 16 14 12 22 20 16 14
22 19 21 23 24 4 8 6 2 12 10 20 18 14 24 10 20 18 14 24
21 21 24 21 22 4 2 12 8 6 10 14 24 20 18 10 14 24 20 18

SIZE: 65 x 20
METHOD: Six-block row decomposition construction (Theorem 21 and Appendix A.3), with t=10 five-column inputs of row sizes 6,6,6,6,6,6,6,6,6,11, and 15 added columns from factorized input pairs. The total added-column weight is 54.
MATRIX:
2 3 5 6 4 3 3 3 3 3 3 3 3 3 3 3 3 1 1 1
3 5 6 4 2 1 1 1 1 1 1 1 1 1 1 1 1 1 1 1
5 6 4 2 3 3 3 3 3 3 3 3 3 3 3 3 3 1 1 1
6 4 2 3 5 1 1 1 1 1 1 1 1 1 1 1 1 1 1 1
4 2 3 5 6 3 3 3 3 3 3 3 3 3 3 3 3 1 1 1
1 1 1 1 1 1 1 1 1 1 1 1 1 1 1 1 1 1 1 1
8 9 11 12 10 7 7 7 7 7 7 7 7 7 7 4 2 3 3 3
9 11 12 10 8 5 5 5 5 5 5 5 5 5 5 2 4 3 3 3
11 12 10 8 9 7 7 7 7 7 7 7 7 7 7 4 2 3 3 3
12 10 8 9 11 5 5 5 5 5 5 5 5 5 5 2 4 3 3 3
10 8 9 11 12 7 7 7 7 7 7 7 7 7 7 4 2 3 3 3
7 7 7 7 7 5 5 5 5 5 5 5 5 5 5 2 4 3 3 3
14 15 17 18 16 11 11 4 2 11 11 11 11 11 11 7 7 4 5 5
15 17 18 16 14 9 9 2 4 9 9 9 9 9 9 5 5 4 5 5
17 18 16 14 15 11 11 4 2 11 11 11 11 11 11 7 7 4 5 5
18 16 14 15 17 9 9 2 4 9 9 9 9 9 9 5 5 4 5 5
16 14 15 17 18 11 11 4 2 11 11 11 11 11 11 7 7 4 5 5
13 13 13 13 13 9 9 2 4 9 9 9 9 9 9 5 5 4 5 5
20 21 23 24 22 15 15 11 11 8 6 15 15 15 15 11 11 2 6 7
21 23 24 22 20 13 13 9 9 6 8 13 13 13 13 9 9 2 6 7
23 24 22 20 21 15 15 11 11 8 6 15 15 15 15 11 11 2 6 7
24 22 20 21 23 13 13 9 9 6 8 13 13 13 13 9 9 2 6 7
22 20 21 23 24 15 15 11 11 8 6 15 15 15 15 11 11 2 6 7
19 19 19 19 19 13 13 9 9 6 8 13 13 13 13 9 9 2 6 7
26 27 29 30 28 19 19 15 15 4 2 12 10 19 19 15 15 5 4 8
27 29 30 28 26 17 17 13 13 2 4 10 12 17 17 13 13 5 4 8
29 30 28 26 27 19 19 15 15 4 2 12 10 19 19 15 15 5 4 8
30 28 26 27 29 17 17 13 13 2 4 10 12 17 17 13 13 5 4 8
28 26 27 29 30 19 19 15 15 4 2 12 10 19 19 15 15 5 4 8
25 25 25 25 25 17 17 13 13 2 4 10 12 17 17 13 13 5 4 8
32 33 35 36 34 20 18 19 19 15 15 8 6 16 14 19 19 7 2 6
33 35 36 34 32 18 20 17 17 13 13 6 8 14 16 17 17 7 2 6
35 36 34 32 33 20 18 19 19 15 15 8 6 16 14 19 19 7 2 6
36 34 32 33 35 18 20 17 17 13 13 6 8 14 16 17 17 7 2 6
34 32 33 35 36 20 18 19 19 15 15 8 6 16 14 19 19 7 2 6
31 31 31 31 31 18 20 17 17 13 13 6 8 14 16 17 17 7 2 6
38 39 41 42 40 16 14 20 18 19 19 4 2 12 10 16 14 9 7 4
39 41 42 40 38 14 16 18 20 17 17 2 4 10 12 14 16 9 7 4
41 42 40 38 39 16 14 20 18 19 19 4 2 12 10 16 14 9 7 4
42 40 38 39 41 14 16 18 20 17 17 2 4 10 12 14 16 9 7 4
40 38 39 41 42 16 14 20 18 19 19 4 2 12 10 16 14 9 7 4
37 37 37 37 37 14 16 18 20 17 17 2 4 10 12 14 16 9 7 4
44 45 47 48 46 12 10 16 14 20 18 19 19 8 6 12 10 8 9 2
45 47 48 46 44 10 12 14 16 18 20 17 17 6 8 10 12 8 9 2
47 48 46 44 45 12 10 16 14 20 18 19 19 8 6 12 10 8 9 2
48 46 44 45 47 10 12 14 16 18 20 17 17 6 8 10 12 8 9 2
46 44 45 47 48 12 10 16 14 20 18 19 19 8 6 12 10 8 9 2
43 43 43 43 43 10 12 14 16 18 20 17 17 6 8 10 12 8 9 2
50 51 53 54 52 8 6 12 10 16 14 20 18 4 2 8 6 6 8 9
51 53 54 52 50 6 8 10 12 14 16 18 20 2 4 6 8 6 8 9
53 54 52 50 51 8 6 12 10 16 14 20 18 4 2 8 6 6 8 9
54 52 50 51 53 6 8 10 12 14 16 18 20 2 4 6 8 6 8 9
52 50 51 53 54 8 6 12 10 16 14 20 18 4 2 8 6 6 8 9
49 49 49 49 49 6 8 10 12 14 16 18 20 2 4 6 8 6 8 9
56 57 59 60 58 2 4 6 8 10 12 14 16 18 20 18 20 10 10 10
57 59 60 58 56 2 4 6 8 10 12 14 16 18 20 18 20 10 10 10
59 60 58 56 57 4 2 8 6 12 10 16 14 20 18 20 18 10 10 10
60 58 56 57 59 2 4 6 8 10 12 14 16 18 20 18 20 10 10 10
58 56 57 59 60 2 4 6 8 10 12 14 16 18 20 18 20 10 10 10
58 55 60 58 58 2 4 6 8 10 12 14 16 18 20 18 20 10 10 10
57 58 55 55 55 4 2 8 6 12 10 16 14 20 18 20 18 10 10 10
58 57 57 60 57 2 4 6 8 10 12 14 16 18 20 18 20 10 10 10
58 57 58 55 57 4 2 8 6 12 10 16 14 20 18 20 18 10 10 10
57 57 57 59 55 4 2 8 6 12 10 16 14 20 18 20 18 10 10 10
55 57 59 60 58 4 2 8 6 12 10 16 14 20 18 20 18 10 10 10

SIZE: 66 x 20
METHOD: Six-block row decomposition construction (Theorem 21 and Appendix A.3), with t=10 five-column inputs of row sizes 6,6,6,6,6,6,6,6,6,12, and 15 added columns from factorized input pairs. The total added-column weight is 54.
MATRIX:
2 3 5 6 4 3 3 3 3 3 3 3 3 3 3 3 3 1 1 1
3 5 6 4 2 1 1 1 1 1 1 1 1 1 1 1 1 1 1 1
5 6 4 2 3 3 3 3 3 3 3 3 3 3 3 3 3 1 1 1
6 4 2 3 5 1 1 1 1 1 1 1 1 1 1 1 1 1 1 1
4 2 3 5 6 3 3 3 3 3 3 3 3 3 3 3 3 1 1 1
1 1 1 1 1 1 1 1 1 1 1 1 1 1 1 1 1 1 1 1
8 9 11 12 10 7 7 7 7 7 7 7 7 7 7 4 2 3 3 3
9 11 12 10 8 5 5 5 5 5 5 5 5 5 5 2 4 3 3 3
11 12 10 8 9 7 7 7 7 7 7 7 7 7 7 4 2 3 3 3
12 10 8 9 11 5 5 5 5 5 5 5 5 5 5 2 4 3 3 3
10 8 9 11 12 7 7 7 7 7 7 7 7 7 7 4 2 3 3 3
7 7 7 7 7 5 5 5 5 5 5 5 5 5 5 2 4 3 3 3
14 15 17 18 16 11 11 4 2 11 11 11 11 11 11 7 7 4 5 5
15 17 18 16 14 9 9 2 4 9 9 9 9 9 9 5 5 4 5 5
17 18 16 14 15 11 11 4 2 11 11 11 11 11 11 7 7 4 5 5
18 16 14 15 17 9 9 2 4 9 9 9 9 9 9 5 5 4 5 5
16 14 15 17 18 11 11 4 2 11 11 11 11 11 11 7 7 4 5 5
13 13 13 13 13 9 9 2 4 9 9 9 9 9 9 5 5 4 5 5
20 21 23 24 22 15 15 11 11 8 6 15 15 15 15 11 11 2 6 7
21 23 24 22 20 13 13 9 9 6 8 13 13 13 13 9 9 2 6 7
23 24 22 20 21 15 15 11 11 8 6 15 15 15 15 11 11 2 6 7
24 22 20 21 23 13 13 9 9 6 8 13 13 13 13 9 9 2 6 7
22 20 21 23 24 15 15 11 11 8 6 15 15 15 15 11 11 2 6 7
19 19 19 19 19 13 13 9 9 6 8 13 13 13 13 9 9 2 6 7
26 27 29 30 28 19 19 15 15 4 2 12 10 19 19 15 15 5 4 8
27 29 30 28 26 17 17 13 13 2 4 10 12 17 17 13 13 5 4 8
29 30 28 26 27 19 19 15 15 4 2 12 10 19 19 15 15 5 4 8
30 28 26 27 29 17 17 13 13 2 4 10 12 17 17 13 13 5 4 8
28 26 27 29 30 19 19 15 15 4 2 12 10 19 19 15 15 5 4 8
25 25 25 25 25 17 17 13 13 2 4 10 12 17 17 13 13 5 4 8
32 33 35 36 34 20 18 19 19 15 15 8 6 16 14 19 19 7 2 6
33 35 36 34 32 18 20 17 17 13 13 6 8 14 16 17 17 7 2 6
35 36 34 32 33 20 18 19 19 15 15 8 6 16 14 19 19 7 2 6
36 34 32 33 35 18 20 17 17 13 13 6 8 14 16 17 17 7 2 6
34 32 33 35 36 20 18 19 19 15 15 8 6 16 14 19 19 7 2 6
31 31 31 31 31 18 20 17 17 13 13 6 8 14 16 17 17 7 2 6
38 39 41 42 40 16 14 20 18 19 19 4 2 12 10 16 14 9 7 4
39 41 42 40 38 14 16 18 20 17 17 2 4 10 12 14 16 9 7 4
41 42 40 38 39 16 14 20 18 19 19 4 2 12 10 16 14 9 7 4
42 40 38 39 41 14 16 18 20 17 17 2 4 10 12 14 16 9 7 4
40 38 39 41 42 16 14 20 18 19 19 4 2 12 10 16 14 9 7 4
37 37 37 37 37 14 16 18 20 17 17 2 4 10 12 14 16 9 7 4
44 45 47 48 46 12 10 16 14 20 18 19 19 8 6 12 10 8 9 2
45 47 48 46 44 10 12 14 16 18 20 17 17 6 8 10 12 8 9 2
47 48 46 44 45 12 10 16 14 20 18 19 19 8 6 12 10 8 9 2
48 46 44 45 47 10 12 14 16 18 20 17 17 6 8 10 12 8 9 2
46 44 45 47 48 12 10 16 14 20 18 19 19 8 6 12 10 8 9 2
43 43 43 43 43 10 12 14 16 18 20 17 17 6 8 10 12 8 9 2
50 51 53 54 52 8 6 12 10 16 14 20 18 4 2 8 6 6 8 9
51 53 54 52 50 6 8 10 12 14 16 18 20 2 4 6 8 6 8 9
53 54 52 50 51 8 6 12 10 16 14 20 18 4 2 8 6 6 8 9
54 52 50 51 53 6 8 10 12 14 16 18 20 2 4 6 8 6 8 9
52 50 51 53 54 8 6 12 10 16 14 20 18 4 2 8 6 6 8 9
49 49 49 49 49 6 8 10 12 14 16 18 20 2 4 6 8 6 8 9
56 57 59 60 58 4 2 8 6 12 10 16 14 20 18 20 18 10 10 10
57 59 60 58 56 2 4 6 8 10 12 14 16 18 20 18 20 10 10 10
59 60 58 56 57 4 2 8 6 12 10 16 14 20 18 20 18 10 10 10
60 58 56 57 59 4 2 8 6 12 10 16 14 20 18 20 18 10 10 10
58 56 57 59 60 4 2 8 6 12 10 16 14 20 18 20 18 10 10 10
55 59 59 60 60 2 4 6 8 10 12 14 16 18 20 18 20 10 10 10
57 57 60 55 55 2 4 6 8 10 12 14 16 18 20 18 20 10 10 10
58 59 55 59 59 2 4 6 8 10 12 14 16 18 20 18 20 10 10 10
58 55 57 59 60 2 4 6 8 10 12 14 16 18 20 18 20 10 10 10
57 59 59 59 60 4 2 8 6 12 10 16 14 20 18 20 18 10 10 10
58 59 60 60 60 2 4 6 8 10 12 14 16 18 20 18 20 10 10 10
58 59 58 59 60 4 2 8 6 12 10 16 14 20 18 20 18 10 10 10

SIZE: 67 x 20
METHOD: Six-block row decomposition construction (Theorem 21 and Appendix A.3), with t=10 five-column inputs of row sizes 6,6,6,6,6,6,6,6,6,13, and 15 added columns from factorized input pairs. The total added-column weight is 54.
MATRIX:
2 3 5 6 4 3 3 3 3 3 3 3 3 3 3 3 3 1 1 1
3 5 6 4 2 1 1 1 1 1 1 1 1 1 1 1 1 1 1 1
5 6 4 2 3 3 3 3 3 3 3 3 3 3 3 3 3 1 1 1
6 4 2 3 5 1 1 1 1 1 1 1 1 1 1 1 1 1 1 1
4 2 3 5 6 3 3 3 3 3 3 3 3 3 3 3 3 1 1 1
1 1 1 1 1 1 1 1 1 1 1 1 1 1 1 1 1 1 1 1
8 9 11 12 10 7 7 7 7 7 7 7 7 7 7 4 2 3 3 3
9 11 12 10 8 5 5 5 5 5 5 5 5 5 5 2 4 3 3 3
11 12 10 8 9 7 7 7 7 7 7 7 7 7 7 4 2 3 3 3
12 10 8 9 11 5 5 5 5 5 5 5 5 5 5 2 4 3 3 3
10 8 9 11 12 7 7 7 7 7 7 7 7 7 7 4 2 3 3 3
7 7 7 7 7 5 5 5 5 5 5 5 5 5 5 2 4 3 3 3
14 15 17 18 16 11 11 4 2 11 11 11 11 11 11 7 7 4 5 5
15 17 18 16 14 9 9 2 4 9 9 9 9 9 9 5 5 4 5 5
17 18 16 14 15 11 11 4 2 11 11 11 11 11 11 7 7 4 5 5
18 16 14 15 17 9 9 2 4 9 9 9 9 9 9 5 5 4 5 5
16 14 15 17 18 11 11 4 2 11 11 11 11 11 11 7 7 4 5 5
13 13 13 13 13 9 9 2 4 9 9 9 9 9 9 5 5 4 5 5
20 21 23 24 22 15 15 11 11 8 6 15 15 15 15 11 11 2 6 7
21 23 24 22 20 13 13 9 9 6 8 13 13 13 13 9 9 2 6 7
23 24 22 20 21 15 15 11 11 8 6 15 15 15 15 11 11 2 6 7
24 22 20 21 23 13 13 9 9 6 8 13 13 13 13 9 9 2 6 7
22 20 21 23 24 15 15 11 11 8 6 15 15 15 15 11 11 2 6 7
19 19 19 19 19 13 13 9 9 6 8 13 13 13 13 9 9 2 6 7
26 27 29 30 28 19 19 15 15 4 2 12 10 19 19 15 15 5 4 8
27 29 30 28 26 17 17 13 13 2 4 10 12 17 17 13 13 5 4 8
29 30 28 26 27 19 19 15 15 4 2 12 10 19 19 15 15 5 4 8
30 28 26 27 29 17 17 13 13 2 4 10 12 17 17 13 13 5 4 8
28 26 27 29 30 19 19 15 15 4 2 12 10 19 19 15 15 5 4 8
25 25 25 25 25 17 17 13 13 2 4 10 12 17 17 13 13 5 4 8
32 33 35 36 34 20 18 19 19 15 15 8 6 16 14 19 19 7 2 6
33 35 36 34 32 18 20 17 17 13 13 6 8 14 16 17 17 7 2 6
35 36 34 32 33 20 18 19 19 15 15 8 6 16 14 19 19 7 2 6
36 34 32 33 35 18 20 17 17 13 13 6 8 14 16 17 17 7 2 6
34 32 33 35 36 20 18 19 19 15 15 8 6 16 14 19 19 7 2 6
31 31 31 31 31 18 20 17 17 13 13 6 8 14 16 17 17 7 2 6
38 39 41 42 40 16 14 20 18 19 19 4 2 12 10 16 14 9 7 4
39 41 42 40 38 14 16 18 20 17 17 2 4 10 12 14 16 9 7 4
41 42 40 38 39 16 14 20 18 19 19 4 2 12 10 16 14 9 7 4
42 40 38 39 41 14 16 18 20 17 17 2 4 10 12 14 16 9 7 4
40 38 39 41 42 16 14 20 18 19 19 4 2 12 10 16 14 9 7 4
37 37 37 37 37 14 16 18 20 17 17 2 4 10 12 14 16 9 7 4
44 45 47 48 46 12 10 16 14 20 18 19 19 8 6 12 10 8 9 2
45 47 48 46 44 10 12 14 16 18 20 17 17 6 8 10 12 8 9 2
47 48 46 44 45 12 10 16 14 20 18 19 19 8 6 12 10 8 9 2
48 46 44 45 47 10 12 14 16 18 20 17 17 6 8 10 12 8 9 2
46 44 45 47 48 12 10 16 14 20 18 19 19 8 6 12 10 8 9 2
43 43 43 43 43 10 12 14 16 18 20 17 17 6 8 10 12 8 9 2
50 51 53 54 52 8 6 12 10 16 14 20 18 4 2 8 6 6 8 9
51 53 54 52 50 6 8 10 12 14 16 18 20 2 4 6 8 6 8 9
53 54 52 50 51 8 6 12 10 16 14 20 18 4 2 8 6 6 8 9
54 52 50 51 53 6 8 10 12 14 16 18 20 2 4 6 8 6 8 9
52 50 51 53 54 8 6 12 10 16 14 20 18 4 2 8 6 6 8 9
49 49 49 49 49 6 8 10 12 14 16 18 20 2 4 6 8 6 8 9
56 57 59 60 58 4 2 8 6 12 10 16 14 20 18 20 18 10 10 10
57 59 60 58 56 4 2 8 6 12 10 16 14 20 18 20 18 10 10 10
59 60 58 56 57 2 4 6 8 10 12 14 16 18 20 18 20 10 10 10
60 58 56 57 59 4 2 8 6 12 10 16 14 20 18 20 18 10 10 10
58 56 57 59 60 2 4 6 8 10 12 14 16 18 20 18 20 10 10 10
57 57 60 55 55 2 4 6 8 10 12 14 16 18 20 18 20 10 10 10
55 59 59 60 60 2 4 6 8 10 12 14 16 18 20 18 20 10 10 10
60 58 55 57 59 2 4 6 8 10 12 14 16 18 20 18 20 10 10 10
58 55 60 58 58 2 4 6 8 10 12 14 16 18 20 18 20 10 10 10
60 58 59 58 59 4 2 8 6 12 10 16 14 20 18 20 18 10 10 10
59 58 59 55 59 4 2 8 6 12 10 16 14 20 18 20 18 10 10 10
60 55 59 59 60 4 2 8 6 12 10 16 14 20 18 20 18 10 10 10
60 57 59 59 59 2 4 6 8 10 12 14 16 18 20 18 20 10 10 10

SIZE: 68 x 20
METHOD: Six-block row decomposition construction (Theorem 21 and Appendix A.3), with t=10 five-column inputs of row sizes 6,6,6,6,6,6,6,6,6,14, and 15 added columns from factorized input pairs. The total added-column weight is 54.
MATRIX:
2 3 5 6 4 3 3 3 3 3 3 3 3 3 3 3 3 1 1 1
3 5 6 4 2 1 1 1 1 1 1 1 1 1 1 1 1 1 1 1
5 6 4 2 3 3 3 3 3 3 3 3 3 3 3 3 3 1 1 1
6 4 2 3 5 1 1 1 1 1 1 1 1 1 1 1 1 1 1 1
4 2 3 5 6 3 3 3 3 3 3 3 3 3 3 3 3 1 1 1
1 1 1 1 1 1 1 1 1 1 1 1 1 1 1 1 1 1 1 1
8 9 11 12 10 7 7 7 7 7 7 7 7 7 7 4 2 3 3 3
9 11 12 10 8 5 5 5 5 5 5 5 5 5 5 2 4 3 3 3
11 12 10 8 9 7 7 7 7 7 7 7 7 7 7 4 2 3 3 3
12 10 8 9 11 5 5 5 5 5 5 5 5 5 5 2 4 3 3 3
10 8 9 11 12 7 7 7 7 7 7 7 7 7 7 4 2 3 3 3
7 7 7 7 7 5 5 5 5 5 5 5 5 5 5 2 4 3 3 3
14 15 17 18 16 11 11 4 2 11 11 11 11 11 11 7 7 4 5 5
15 17 18 16 14 9 9 2 4 9 9 9 9 9 9 5 5 4 5 5
17 18 16 14 15 11 11 4 2 11 11 11 11 11 11 7 7 4 5 5
18 16 14 15 17 9 9 2 4 9 9 9 9 9 9 5 5 4 5 5
16 14 15 17 18 11 11 4 2 11 11 11 11 11 11 7 7 4 5 5
13 13 13 13 13 9 9 2 4 9 9 9 9 9 9 5 5 4 5 5
20 21 23 24 22 15 15 11 11 8 6 15 15 15 15 11 11 2 6 7
21 23 24 22 20 13 13 9 9 6 8 13 13 13 13 9 9 2 6 7
23 24 22 20 21 15 15 11 11 8 6 15 15 15 15 11 11 2 6 7
24 22 20 21 23 13 13 9 9 6 8 13 13 13 13 9 9 2 6 7
22 20 21 23 24 15 15 11 11 8 6 15 15 15 15 11 11 2 6 7
19 19 19 19 19 13 13 9 9 6 8 13 13 13 13 9 9 2 6 7
26 27 29 30 28 19 19 15 15 4 2 12 10 19 19 15 15 5 4 8
27 29 30 28 26 17 17 13 13 2 4 10 12 17 17 13 13 5 4 8
29 30 28 26 27 19 19 15 15 4 2 12 10 19 19 15 15 5 4 8
30 28 26 27 29 17 17 13 13 2 4 10 12 17 17 13 13 5 4 8
28 26 27 29 30 19 19 15 15 4 2 12 10 19 19 15 15 5 4 8
25 25 25 25 25 17 17 13 13 2 4 10 12 17 17 13 13 5 4 8
32 33 35 36 34 20 18 19 19 15 15 8 6 16 14 19 19 7 2 6
33 35 36 34 32 18 20 17 17 13 13 6 8 14 16 17 17 7 2 6
35 36 34 32 33 20 18 19 19 15 15 8 6 16 14 19 19 7 2 6
36 34 32 33 35 18 20 17 17 13 13 6 8 14 16 17 17 7 2 6
34 32 33 35 36 20 18 19 19 15 15 8 6 16 14 19 19 7 2 6
31 31 31 31 31 18 20 17 17 13 13 6 8 14 16 17 17 7 2 6
38 39 41 42 40 16 14 20 18 19 19 4 2 12 10 16 14 9 7 4
39 41 42 40 38 14 16 18 20 17 17 2 4 10 12 14 16 9 7 4
41 42 40 38 39 16 14 20 18 19 19 4 2 12 10 16 14 9 7 4
42 40 38 39 41 14 16 18 20 17 17 2 4 10 12 14 16 9 7 4
40 38 39 41 42 16 14 20 18 19 19 4 2 12 10 16 14 9 7 4
37 37 37 37 37 14 16 18 20 17 17 2 4 10 12 14 16 9 7 4
44 45 47 48 46 12 10 16 14 20 18 19 19 8 6 12 10 8 9 2
45 47 48 46 44 10 12 14 16 18 20 17 17 6 8 10 12 8 9 2
47 48 46 44 45 12 10 16 14 20 18 19 19 8 6 12 10 8 9 2
48 46 44 45 47 10 12 14 16 18 20 17 17 6 8 10 12 8 9 2
46 44 45 47 48 12 10 16 14 20 18 19 19 8 6 12 10 8 9 2
43 43 43 43 43 10 12 14 16 18 20 17 17 6 8 10 12 8 9 2
50 51 53 54 52 8 6 12 10 16 14 20 18 4 2 8 6 6 8 9
51 53 54 52 50 6 8 10 12 14 16 18 20 2 4 6 8 6 8 9
53 54 52 50 51 8 6 12 10 16 14 20 18 4 2 8 6 6 8 9
54 52 50 51 53 6 8 10 12 14 16 18 20 2 4 6 8 6 8 9
52 50 51 53 54 8 6 12 10 16 14 20 18 4 2 8 6 6 8 9
49 49 49 49 49 6 8 10 12 14 16 18 20 2 4 6 8 6 8 9
56 57 59 60 58 2 4 6 8 10 12 14 16 18 20 18 20 10 10 10
57 59 60 58 56 2 4 6 8 10 12 14 16 18 20 18 20 10 10 10
59 60 58 56 57 4 2 8 6 12 10 16 14 20 18 20 18 10 10 10
60 58 56 57 59 4 2 8 6 12 10 16 14 20 18 20 18 10 10 10
58 56 57 59 60 2 4 6 8 10 12 14 16 18 20 18 20 10 10 10
60 55 55 57 57 4 2 8 6 12 10 16 14 20 18 20 18 10 10 10
59 60 60 60 58 4 2 8 6 12 10 16 14 20 18 20 18 10 10 10
55 59 59 58 59 4 2 8 6 12 10 16 14 20 18 20 18 10 10 10
59 59 60 60 55 4 2 8 6 12 10 16 14 20 18 20 18 10 10 10
60 60 58 58 57 4 2 8 6 12 10 16 14 20 18 20 18 10 10 10
59 60 58 59 58 2 4 6 8 10 12 14 16 18 20 18 20 10 10 10
59 60 57 60 57 2 4 6 8 10 12 14 16 18 20 18 20 10 10 10
59 60 58 55 57 2 4 6 8 10 12 14 16 18 20 18 20 10 10 10
59 60 57 59 59 2 4 6 8 10 12 14 16 18 20 18 20 10 10 10

SIZE: 69 x 20
METHOD: Six-block row decomposition construction (Theorem 21 and Appendix A.3), with t=10 five-column inputs of row sizes 6,6,6,6,6,6,6,6,6,15, and 15 added columns from factorized input pairs. The total added-column weight is 54.
MATRIX:
2 3 5 6 4 3 3 3 3 3 3 3 3 3 3 3 3 1 1 1
3 5 6 4 2 1 1 1 1 1 1 1 1 1 1 1 1 1 1 1
5 6 4 2 3 3 3 3 3 3 3 3 3 3 3 3 3 1 1 1
6 4 2 3 5 1 1 1 1 1 1 1 1 1 1 1 1 1 1 1
4 2 3 5 6 3 3 3 3 3 3 3 3 3 3 3 3 1 1 1
1 1 1 1 1 1 1 1 1 1 1 1 1 1 1 1 1 1 1 1
8 9 11 12 10 7 7 7 7 7 7 7 7 7 7 4 2 3 3 3
9 11 12 10 8 5 5 5 5 5 5 5 5 5 5 2 4 3 3 3
11 12 10 8 9 7 7 7 7 7 7 7 7 7 7 4 2 3 3 3
12 10 8 9 11 5 5 5 5 5 5 5 5 5 5 2 4 3 3 3
10 8 9 11 12 7 7 7 7 7 7 7 7 7 7 4 2 3 3 3
7 7 7 7 7 5 5 5 5 5 5 5 5 5 5 2 4 3 3 3
14 15 17 18 16 11 11 4 2 11 11 11 11 11 11 7 7 4 5 5
15 17 18 16 14 9 9 2 4 9 9 9 9 9 9 5 5 4 5 5
17 18 16 14 15 11 11 4 2 11 11 11 11 11 11 7 7 4 5 5
18 16 14 15 17 9 9 2 4 9 9 9 9 9 9 5 5 4 5 5
16 14 15 17 18 11 11 4 2 11 11 11 11 11 11 7 7 4 5 5
13 13 13 13 13 9 9 2 4 9 9 9 9 9 9 5 5 4 5 5
20 21 23 24 22 15 15 11 11 8 6 15 15 15 15 11 11 2 6 7
21 23 24 22 20 13 13 9 9 6 8 13 13 13 13 9 9 2 6 7
23 24 22 20 21 15 15 11 11 8 6 15 15 15 15 11 11 2 6 7
24 22 20 21 23 13 13 9 9 6 8 13 13 13 13 9 9 2 6 7
22 20 21 23 24 15 15 11 11 8 6 15 15 15 15 11 11 2 6 7
19 19 19 19 19 13 13 9 9 6 8 13 13 13 13 9 9 2 6 7
26 27 29 30 28 19 19 15 15 4 2 12 10 19 19 15 15 5 4 8
27 29 30 28 26 17 17 13 13 2 4 10 12 17 17 13 13 5 4 8
29 30 28 26 27 19 19 15 15 4 2 12 10 19 19 15 15 5 4 8
30 28 26 27 29 17 17 13 13 2 4 10 12 17 17 13 13 5 4 8
28 26 27 29 30 19 19 15 15 4 2 12 10 19 19 15 15 5 4 8
25 25 25 25 25 17 17 13 13 2 4 10 12 17 17 13 13 5 4 8
32 33 35 36 34 20 18 19 19 15 15 8 6 16 14 19 19 7 2 6
33 35 36 34 32 18 20 17 17 13 13 6 8 14 16 17 17 7 2 6
35 36 34 32 33 20 18 19 19 15 15 8 6 16 14 19 19 7 2 6
36 34 32 33 35 18 20 17 17 13 13 6 8 14 16 17 17 7 2 6
34 32 33 35 36 20 18 19 19 15 15 8 6 16 14 19 19 7 2 6
31 31 31 31 31 18 20 17 17 13 13 6 8 14 16 17 17 7 2 6
38 39 41 42 40 16 14 20 18 19 19 4 2 12 10 16 14 9 7 4
39 41 42 40 38 14 16 18 20 17 17 2 4 10 12 14 16 9 7 4
41 42 40 38 39 16 14 20 18 19 19 4 2 12 10 16 14 9 7 4
42 40 38 39 41 14 16 18 20 17 17 2 4 10 12 14 16 9 7 4
40 38 39 41 42 16 14 20 18 19 19 4 2 12 10 16 14 9 7 4
37 37 37 37 37 14 16 18 20 17 17 2 4 10 12 14 16 9 7 4
44 45 47 48 46 12 10 16 14 20 18 19 19 8 6 12 10 8 9 2
45 47 48 46 44 10 12 14 16 18 20 17 17 6 8 10 12 8 9 2
47 48 46 44 45 12 10 16 14 20 18 19 19 8 6 12 10 8 9 2
48 46 44 45 47 10 12 14 16 18 20 17 17 6 8 10 12 8 9 2
46 44 45 47 48 12 10 16 14 20 18 19 19 8 6 12 10 8 9 2
43 43 43 43 43 10 12 14 16 18 20 17 17 6 8 10 12 8 9 2
50 51 53 54 52 8 6 12 10 16 14 20 18 4 2 8 6 6 8 9
51 53 54 52 50 6 8 10 12 14 16 18 20 2 4 6 8 6 8 9
53 54 52 50 51 8 6 12 10 16 14 20 18 4 2 8 6 6 8 9
54 52 50 51 53 6 8 10 12 14 16 18 20 2 4 6 8 6 8 9
52 50 51 53 54 8 6 12 10 16 14 20 18 4 2 8 6 6 8 9
49 49 49 49 49 6 8 10 12 14 16 18 20 2 4 6 8 6 8 9
56 57 59 60 58 4 2 8 6 12 10 16 14 20 18 20 18 10 10 10
57 59 60 58 56 2 4 6 8 10 12 14 16 18 20 18 20 10 10 10
59 60 58 56 57 4 2 8 6 12 10 16 14 20 18 20 18 10 10 10
60 58 56 57 59 2 4 6 8 10 12 14 16 18 20 18 20 10 10 10
58 56 57 59 60 2 4 6 8 10 12 14 16 18 20 18 20 10 10 10
60 58 59 58 59 4 2 8 6 12 10 16 14 20 18 20 18 10 10 10
55 59 55 57 59 2 4 6 8 10 12 14 16 18 20 18 20 10 10 10
59 60 57 60 57 2 4 6 8 10 12 14 16 18 20 18 20 10 10 10
59 60 58 55 57 2 4 6 8 10 12 14 16 18 20 18 20 10 10 10
57 59 60 58 55 2 4 6 8 10 12 14 16 18 20 18 20 10 10 10
58 55 60 58 58 4 2 8 6 12 10 16 14 20 18 20 18 10 10 10
57 60 57 59 60 4 2 8 6 12 10 16 14 20 18 20 18 10 10 10
60 58 59 60 60 4 2 8 6 12 10 16 14 20 18 20 18 10 10 10
57 59 60 57 60 2 4 6 8 10 12 14 16 18 20 18 20 10 10 10
57 59 59 59 60 4 2 8 6 12 10 16 14 20 18 20 18 10 10 10

SIZE: 70 x 20
METHOD: Six-block row decomposition construction (Theorem 21 and Appendix A.3), with t=10 five-column inputs of row sizes 6,6,6,6,6,6,6,6,6,16, and 15 added columns from factorized input pairs. The total added-column weight is 54.
MATRIX:
2 3 5 6 4 3 3 3 3 3 3 3 3 3 3 3 3 1 1 1
3 5 6 4 2 1 1 1 1 1 1 1 1 1 1 1 1 1 1 1
5 6 4 2 3 3 3 3 3 3 3 3 3 3 3 3 3 1 1 1
6 4 2 3 5 1 1 1 1 1 1 1 1 1 1 1 1 1 1 1
4 2 3 5 6 3 3 3 3 3 3 3 3 3 3 3 3 1 1 1
1 1 1 1 1 1 1 1 1 1 1 1 1 1 1 1 1 1 1 1
8 9 11 12 10 7 7 7 7 7 7 7 7 7 7 4 2 3 3 3
9 11 12 10 8 5 5 5 5 5 5 5 5 5 5 2 4 3 3 3
11 12 10 8 9 7 7 7 7 7 7 7 7 7 7 4 2 3 3 3
12 10 8 9 11 5 5 5 5 5 5 5 5 5 5 2 4 3 3 3
10 8 9 11 12 7 7 7 7 7 7 7 7 7 7 4 2 3 3 3
7 7 7 7 7 5 5 5 5 5 5 5 5 5 5 2 4 3 3 3
14 15 17 18 16 11 11 4 2 11 11 11 11 11 11 7 7 4 5 5
15 17 18 16 14 9 9 2 4 9 9 9 9 9 9 5 5 4 5 5
17 18 16 14 15 11 11 4 2 11 11 11 11 11 11 7 7 4 5 5
18 16 14 15 17 9 9 2 4 9 9 9 9 9 9 5 5 4 5 5
16 14 15 17 18 11 11 4 2 11 11 11 11 11 11 7 7 4 5 5
13 13 13 13 13 9 9 2 4 9 9 9 9 9 9 5 5 4 5 5
20 21 23 24 22 15 15 11 11 8 6 15 15 15 15 11 11 2 6 7
21 23 24 22 20 13 13 9 9 6 8 13 13 13 13 9 9 2 6 7
23 24 22 20 21 15 15 11 11 8 6 15 15 15 15 11 11 2 6 7
24 22 20 21 23 13 13 9 9 6 8 13 13 13 13 9 9 2 6 7
22 20 21 23 24 15 15 11 11 8 6 15 15 15 15 11 11 2 6 7
19 19 19 19 19 13 13 9 9 6 8 13 13 13 13 9 9 2 6 7
26 27 29 30 28 19 19 15 15 4 2 12 10 19 19 15 15 5 4 8
27 29 30 28 26 17 17 13 13 2 4 10 12 17 17 13 13 5 4 8
29 30 28 26 27 19 19 15 15 4 2 12 10 19 19 15 15 5 4 8
30 28 26 27 29 17 17 13 13 2 4 10 12 17 17 13 13 5 4 8
28 26 27 29 30 19 19 15 15 4 2 12 10 19 19 15 15 5 4 8
25 25 25 25 25 17 17 13 13 2 4 10 12 17 17 13 13 5 4 8
32 33 35 36 34 20 18 19 19 15 15 8 6 16 14 19 19 7 2 6
33 35 36 34 32 18 20 17 17 13 13 6 8 14 16 17 17 7 2 6
35 36 34 32 33 20 18 19 19 15 15 8 6 16 14 19 19 7 2 6
36 34 32 33 35 18 20 17 17 13 13 6 8 14 16 17 17 7 2 6
34 32 33 35 36 20 18 19 19 15 15 8 6 16 14 19 19 7 2 6
31 31 31 31 31 18 20 17 17 13 13 6 8 14 16 17 17 7 2 6
38 39 41 42 40 16 14 20 18 19 19 4 2 12 10 16 14 9 7 4
39 41 42 40 38 14 16 18 20 17 17 2 4 10 12 14 16 9 7 4
41 42 40 38 39 16 14 20 18 19 19 4 2 12 10 16 14 9 7 4
42 40 38 39 41 14 16 18 20 17 17 2 4 10 12 14 16 9 7 4
40 38 39 41 42 16 14 20 18 19 19 4 2 12 10 16 14 9 7 4
37 37 37 37 37 14 16 18 20 17 17 2 4 10 12 14 16 9 7 4
44 45 47 48 46 12 10 16 14 20 18 19 19 8 6 12 10 8 9 2
45 47 48 46 44 10 12 14 16 18 20 17 17 6 8 10 12 8 9 2
47 48 46 44 45 12 10 16 14 20 18 19 19 8 6 12 10 8 9 2
48 46 44 45 47 10 12 14 16 18 20 17 17 6 8 10 12 8 9 2
46 44 45 47 48 12 10 16 14 20 18 19 19 8 6 12 10 8 9 2
43 43 43 43 43 10 12 14 16 18 20 17 17 6 8 10 12 8 9 2
50 51 53 54 52 8 6 12 10 16 14 20 18 4 2 8 6 6 8 9
51 53 54 52 50 6 8 10 12 14 16 18 20 2 4 6 8 6 8 9
53 54 52 50 51 8 6 12 10 16 14 20 18 4 2 8 6 6 8 9
54 52 50 51 53 6 8 10 12 14 16 18 20 2 4 6 8 6 8 9
52 50 51 53 54 8 6 12 10 16 14 20 18 4 2 8 6 6 8 9
49 49 49 49 49 6 8 10 12 14 16 18 20 2 4 6 8 6 8 9
56 57 59 60 58 2 4 6 8 10 12 14 16 18 20 18 20 10 10 10
57 59 60 58 56 2 4 6 8 10 12 14 16 18 20 18 20 10 10 10
59 60 58 56 57 4 2 8 6 12 10 16 14 20 18 20 18 10 10 10
60 58 56 57 59 2 4 6 8 10 12 14 16 18 20 18 20 10 10 10
58 56 57 59 60 4 2 8 6 12 10 16 14 20 18 20 18 10 10 10
58 59 60 60 60 2 4 6 8 10 12 14 16 18 20 18 20 10 10 10
57 58 57 58 55 2 4 6 8 10 12 14 16 18 20 18 20 10 10 10
57 57 59 59 58 2 4 6 8 10 12 14 16 18 20 18 20 10 10 10
58 57 57 59 59 4 2 8 6 12 10 16 14 20 18 20 18 10 10 10
58 57 58 59 58 4 2 8 6 12 10 16 14 20 18 20 18 10 10 10
58 58 55 55 59 4 2 8 6 12 10 16 14 20 18 20 18 10 10 10
57 57 57 57 57 4 2 8 6 12 10 16 14 20 18 20 18 10 10 10
55 57 59 60 58 2 4 6 8 10 12 14 16 18 20 18 20 10 10 10
57 58 57 57 60 4 2 8 6 12 10 16 14 20 18 20 18 10 10 10
58 55 57 59 60 2 4 6 8 10 12 14 16 18 20 18 20 10 10 10
57 57 60 57 58 4 2 8 6 12 10 16 14 20 18 20 18 10 10 10

SIZE: 71 x 20
METHOD: Six-block row decomposition construction (Theorem 21 and Appendix A.3), with t=10 five-column inputs of row sizes 6,6,6,6,6,6,6,6,8,15, and 15 added columns from factorized input pairs. The total added-column weight is 54.
MATRIX:
2 3 5 6 4 3 3 3 3 3 3 3 3 3 3 3 3 1 1 1
3 5 6 4 2 1 1 1 1 1 1 1 1 1 1 1 1 1 1 1
5 6 4 2 3 3 3 3 3 3 3 3 3 3 3 3 3 1 1 1
6 4 2 3 5 1 1 1 1 1 1 1 1 1 1 1 1 1 1 1
4 2 3 5 6 3 3 3 3 3 3 3 3 3 3 3 3 1 1 1
1 1 1 1 1 1 1 1 1 1 1 1 1 1 1 1 1 1 1 1
8 9 11 12 10 7 7 7 7 7 7 7 7 7 7 4 2 3 3 3
9 11 12 10 8 5 5 5 5 5 5 5 5 5 5 2 4 3 3 3
11 12 10 8 9 7 7 7 7 7 7 7 7 7 7 4 2 3 3 3
12 10 8 9 11 5 5 5 5 5 5 5 5 5 5 2 4 3 3 3
10 8 9 11 12 7 7 7 7 7 7 7 7 7 7 4 2 3 3 3
7 7 7 7 7 5 5 5 5 5 5 5 5 5 5 2 4 3 3 3
14 15 17 18 16 11 11 4 2 11 11 11 11 11 11 7 7 4 5 5
15 17 18 16 14 9 9 2 4 9 9 9 9 9 9 5 5 4 5 5
17 18 16 14 15 11 11 4 2 11 11 11 11 11 11 7 7 4 5 5
18 16 14 15 17 9 9 2 4 9 9 9 9 9 9 5 5 4 5 5
16 14 15 17 18 11 11 4 2 11 11 11 11 11 11 7 7 4 5 5
13 13 13 13 13 9 9 2 4 9 9 9 9 9 9 5 5 4 5 5
20 21 23 24 22 15 15 11 11 8 6 15 15 15 15 11 11 2 6 7
21 23 24 22 20 13 13 9 9 6 8 13 13 13 13 9 9 2 6 7
23 24 22 20 21 15 15 11 11 8 6 15 15 15 15 11 11 2 6 7
24 22 20 21 23 13 13 9 9 6 8 13 13 13 13 9 9 2 6 7
22 20 21 23 24 15 15 11 11 8 6 15 15 15 15 11 11 2 6 7
19 19 19 19 19 13 13 9 9 6 8 13 13 13 13 9 9 2 6 7
26 27 29 30 28 19 19 15 15 4 2 12 10 19 19 15 15 5 4 8
27 29 30 28 26 17 17 13 13 2 4 10 12 17 17 13 13 5 4 8
29 30 28 26 27 19 19 15 15 4 2 12 10 19 19 15 15 5 4 8
30 28 26 27 29 17 17 13 13 2 4 10 12 17 17 13 13 5 4 8
28 26 27 29 30 19 19 15 15 4 2 12 10 19 19 15 15 5 4 8
25 25 25 25 25 17 17 13 13 2 4 10 12 17 17 13 13 5 4 8
32 33 35 36 34 20 18 19 19 15 15 8 6 16 14 19 19 7 2 6
33 35 36 34 32 18 20 17 17 13 13 6 8 14 16 17 17 7 2 6
35 36 34 32 33 20 18 19 19 15 15 8 6 16 14 19 19 7 2 6
36 34 32 33 35 18 20 17 17 13 13 6 8 14 16 17 17 7 2 6
34 32 33 35 36 20 18 19 19 15 15 8 6 16 14 19 19 7 2 6
31 31 31 31 31 18 20 17 17 13 13 6 8 14 16 17 17 7 2 6
38 39 41 42 40 16 14 20 18 19 19 4 2 12 10 16 14 9 7 4
39 41 42 40 38 14 16 18 20 17 17 2 4 10 12 14 16 9 7 4
41 42 40 38 39 16 14 20 18 19 19 4 2 12 10 16 14 9 7 4
42 40 38 39 41 14 16 18 20 17 17 2 4 10 12 14 16 9 7 4
40 38 39 41 42 16 14 20 18 19 19 4 2 12 10 16 14 9 7 4
37 37 37 37 37 14 16 18 20 17 17 2 4 10 12 14 16 9 7 4
44 45 47 48 46 12 10 16 14 20 18 19 19 8 6 12 10 8 9 2
45 47 48 46 44 10 12 14 16 18 20 17 17 6 8 10 12 8 9 2
47 48 46 44 45 12 10 16 14 20 18 19 19 8 6 12 10 8 9 2
48 46 44 45 47 10 12 14 16 18 20 17 17 6 8 10 12 8 9 2
46 44 45 47 48 12 10 16 14 20 18 19 19 8 6 12 10 8 9 2
43 43 43 43 43 10 12 14 16 18 20 17 17 6 8 10 12 8 9 2
49 49 49 49 49 6 8 10 12 14 16 18 20 2 4 6 8 6 8 9
49 50 51 51 51 8 6 12 10 16 14 20 18 4 2 8 6 6 8 9
50 51 53 53 53 6 8 10 12 14 16 18 20 2 4 6 8 6 8 9
50 52 55 55 55 8 6 12 10 16 14 20 18 4 2 8 6 6 8 9
51 51 54 50 52 8 6 12 10 16 14 20 18 4 2 8 6 6 8 9
51 52 56 52 50 6 8 10 12 14 16 18 20 2 4 6 8 6 8 9
52 49 50 54 56 8 6 12 10 16 14 20 18 4 2 8 6 6 8 9
52 50 52 56 54 8 6 12 10 16 14 20 18 4 2 8 6 6 8 9
54 55 61 62 60 4 2 8 6 12 10 16 14 20 18 20 18 10 10 10
55 57 62 60 58 2 4 6 8 10 12 14 16 18 20 18 20 10 10 10
57 58 60 58 59 4 2 8 6 12 10 16 14 20 18 20 18 10 10 10
58 56 58 59 61 2 4 6 8 10 12 14 16 18 20 18 20 10 10 10
56 54 59 61 62 2 4 6 8 10 12 14 16 18 20 18 20 10 10 10
58 56 61 60 61 4 2 8 6 12 10 16 14 20 18 20 18 10 10 10
53 57 57 59 61 2 4 6 8 10 12 14 16 18 20 18 20 10 10 10
57 58 59 62 59 2 4 6 8 10 12 14 16 18 20 18 20 10 10 10
57 58 60 57 59 2 4 6 8 10 12 14 16 18 20 18 20 10 10 10
55 57 62 60 57 2 4 6 8 10 12 14 16 18 20 18 20 10 10 10
56 53 62 60 60 4 2 8 6 12 10 16 14 20 18 20 18 10 10 10
55 58 59 61 62 4 2 8 6 12 10 16 14 20 18 20 18 10 10 10
58 56 61 62 62 4 2 8 6 12 10 16 14 20 18 20 18 10 10 10
55 57 62 59 62 2 4 6 8 10 12 14 16 18 20 18 20 10 10 10
55 57 61 61 62 4 2 8 6 12 10 16 14 20 18 20 18 10 10 10

SIZE: 72 x 20
METHOD: Six-block row decomposition construction (Theorem 21 and Appendix A.3), with t=10 five-column inputs of row sizes 6,6,6,6,6,6,6,6,8,16, and 15 added columns from factorized input pairs. The total added-column weight is 54.
MATRIX:
2 3 5 6 4 3 3 3 3 3 3 3 3 3 3 3 3 1 1 1
3 5 6 4 2 1 1 1 1 1 1 1 1 1 1 1 1 1 1 1
5 6 4 2 3 3 3 3 3 3 3 3 3 3 3 3 3 1 1 1
6 4 2 3 5 1 1 1 1 1 1 1 1 1 1 1 1 1 1 1
4 2 3 5 6 3 3 3 3 3 3 3 3 3 3 3 3 1 1 1
1 1 1 1 1 1 1 1 1 1 1 1 1 1 1 1 1 1 1 1
8 9 11 12 10 7 7 7 7 7 7 7 7 7 7 4 2 3 3 3
9 11 12 10 8 5 5 5 5 5 5 5 5 5 5 2 4 3 3 3
11 12 10 8 9 7 7 7 7 7 7 7 7 7 7 4 2 3 3 3
12 10 8 9 11 5 5 5 5 5 5 5 5 5 5 2 4 3 3 3
10 8 9 11 12 7 7 7 7 7 7 7 7 7 7 4 2 3 3 3
7 7 7 7 7 5 5 5 5 5 5 5 5 5 5 2 4 3 3 3
14 15 17 18 16 11 11 4 2 11 11 11 11 11 11 7 7 4 5 5
15 17 18 16 14 9 9 2 4 9 9 9 9 9 9 5 5 4 5 5
17 18 16 14 15 11 11 4 2 11 11 11 11 11 11 7 7 4 5 5
18 16 14 15 17 9 9 2 4 9 9 9 9 9 9 5 5 4 5 5
16 14 15 17 18 11 11 4 2 11 11 11 11 11 11 7 7 4 5 5
13 13 13 13 13 9 9 2 4 9 9 9 9 9 9 5 5 4 5 5
20 21 23 24 22 15 15 11 11 8 6 15 15 15 15 11 11 2 6 7
21 23 24 22 20 13 13 9 9 6 8 13 13 13 13 9 9 2 6 7
23 24 22 20 21 15 15 11 11 8 6 15 15 15 15 11 11 2 6 7
24 22 20 21 23 13 13 9 9 6 8 13 13 13 13 9 9 2 6 7
22 20 21 23 24 15 15 11 11 8 6 15 15 15 15 11 11 2 6 7
19 19 19 19 19 13 13 9 9 6 8 13 13 13 13 9 9 2 6 7
26 27 29 30 28 19 19 15 15 4 2 12 10 19 19 15 15 5 4 8
27 29 30 28 26 17 17 13 13 2 4 10 12 17 17 13 13 5 4 8
29 30 28 26 27 19 19 15 15 4 2 12 10 19 19 15 15 5 4 8
30 28 26 27 29 17 17 13 13 2 4 10 12 17 17 13 13 5 4 8
28 26 27 29 30 19 19 15 15 4 2 12 10 19 19 15 15 5 4 8
25 25 25 25 25 17 17 13 13 2 4 10 12 17 17 13 13 5 4 8
32 33 35 36 34 20 18 19 19 15 15 8 6 16 14 19 19 7 2 6
33 35 36 34 32 18 20 17 17 13 13 6 8 14 16 17 17 7 2 6
35 36 34 32 33 20 18 19 19 15 15 8 6 16 14 19 19 7 2 6
36 34 32 33 35 18 20 17 17 13 13 6 8 14 16 17 17 7 2 6
34 32 33 35 36 20 18 19 19 15 15 8 6 16 14 19 19 7 2 6
31 31 31 31 31 18 20 17 17 13 13 6 8 14 16 17 17 7 2 6
38 39 41 42 40 16 14 20 18 19 19 4 2 12 10 16 14 9 7 4
39 41 42 40 38 14 16 18 20 17 17 2 4 10 12 14 16 9 7 4
41 42 40 38 39 16 14 20 18 19 19 4 2 12 10 16 14 9 7 4
42 40 38 39 41 14 16 18 20 17 17 2 4 10 12 14 16 9 7 4
40 38 39 41 42 16 14 20 18 19 19 4 2 12 10 16 14 9 7 4
37 37 37 37 37 14 16 18 20 17 17 2 4 10 12 14 16 9 7 4
44 45 47 48 46 12 10 16 14 20 18 19 19 8 6 12 10 8 9 2
45 47 48 46 44 10 12 14 16 18 20 17 17 6 8 10 12 8 9 2
47 48 46 44 45 12 10 16 14 20 18 19 19 8 6 12 10 8 9 2
48 46 44 45 47 10 12 14 16 18 20 17 17 6 8 10 12 8 9 2
46 44 45 47 48 12 10 16 14 20 18 19 19 8 6 12 10 8 9 2
43 43 43 43 43 10 12 14 16 18 20 17 17 6 8 10 12 8 9 2
49 49 49 49 49 6 8 10 12 14 16 18 20 2 4 6 8 6 8 9
49 50 51 51 51 8 6 12 10 16 14 20 18 4 2 8 6 6 8 9
50 51 53 53 53 6 8 10 12 14 16 18 20 2 4 6 8 6 8 9
50 52 55 55 55 8 6 12 10 16 14 20 18 4 2 8 6 6 8 9
51 51 54 50 52 8 6 12 10 16 14 20 18 4 2 8 6 6 8 9
51 52 56 52 50 6 8 10 12 14 16 18 20 2 4 6 8 6 8 9
52 49 50 54 56 8 6 12 10 16 14 20 18 4 2 8 6 6 8 9
52 50 52 56 54 8 6 12 10 16 14 20 18 4 2 8 6 6 8 9
54 55 61 62 60 2 4 6 8 10 12 14 16 18 20 18 20 10 10 10
55 57 62 60 58 2 4 6 8 10 12 14 16 18 20 18 20 10 10 10
57 58 60 58 59 4 2 8 6 12 10 16 14 20 18 20 18 10 10 10
58 56 58 59 61 2 4 6 8 10 12 14 16 18 20 18 20 10 10 10
56 54 59 61 62 4 2 8 6 12 10 16 14 20 18 20 18 10 10 10
56 57 62 62 62 2 4 6 8 10 12 14 16 18 20 18 20 10 10 10
55 56 59 60 57 2 4 6 8 10 12 14 16 18 20 18 20 10 10 10
55 55 61 61 60 2 4 6 8 10 12 14 16 18 20 18 20 10 10 10
56 55 59 61 61 4 2 8 6 12 10 16 14 20 18 20 18 10 10 10
56 55 60 61 60 4 2 8 6 12 10 16 14 20 18 20 18 10 10 10
56 56 57 57 61 4 2 8 6 12 10 16 14 20 18 20 18 10 10 10
55 55 59 59 59 4 2 8 6 12 10 16 14 20 18 20 18 10 10 10
53 55 61 62 60 2 4 6 8 10 12 14 16 18 20 18 20 10 10 10
55 56 59 59 62 4 2 8 6 12 10 16 14 20 18 20 18 10 10 10
56 53 59 61 62 2 4 6 8 10 12 14 16 18 20 18 20 10 10 10
55 55 62 59 60 4 2 8 6 12 10 16 14 20 18 20 18 10 10 10

SIZE: 73 x 20
METHOD: Six-block row decomposition construction (Theorem 21 and Appendix A.3), with t=10 five-column inputs of row sizes 6,6,6,6,6,6,6,6,9,16, and 15 added columns from factorized input pairs. The total added-column weight is 54.
MATRIX:
2 3 5 6 4 3 3 3 3 3 3 3 3 3 3 3 3 1 1 1
3 5 6 4 2 1 1 1 1 1 1 1 1 1 1 1 1 1 1 1
5 6 4 2 3 3 3 3 3 3 3 3 3 3 3 3 3 1 1 1
6 4 2 3 5 1 1 1 1 1 1 1 1 1 1 1 1 1 1 1
4 2 3 5 6 3 3 3 3 3 3 3 3 3 3 3 3 1 1 1
1 1 1 1 1 1 1 1 1 1 1 1 1 1 1 1 1 1 1 1
8 9 11 12 10 7 7 7 7 7 7 7 7 7 7 4 2 3 3 3
9 11 12 10 8 5 5 5 5 5 5 5 5 5 5 2 4 3 3 3
11 12 10 8 9 7 7 7 7 7 7 7 7 7 7 4 2 3 3 3
12 10 8 9 11 5 5 5 5 5 5 5 5 5 5 2 4 3 3 3
10 8 9 11 12 7 7 7 7 7 7 7 7 7 7 4 2 3 3 3
7 7 7 7 7 5 5 5 5 5 5 5 5 5 5 2 4 3 3 3
14 15 17 18 16 11 11 4 2 11 11 11 11 11 11 7 7 4 5 5
15 17 18 16 14 9 9 2 4 9 9 9 9 9 9 5 5 4 5 5
17 18 16 14 15 11 11 4 2 11 11 11 11 11 11 7 7 4 5 5
18 16 14 15 17 9 9 2 4 9 9 9 9 9 9 5 5 4 5 5
16 14 15 17 18 11 11 4 2 11 11 11 11 11 11 7 7 4 5 5
13 13 13 13 13 9 9 2 4 9 9 9 9 9 9 5 5 4 5 5
20 21 23 24 22 15 15 11 11 8 6 15 15 15 15 11 11 2 6 7
21 23 24 22 20 13 13 9 9 6 8 13 13 13 13 9 9 2 6 7
23 24 22 20 21 15 15 11 11 8 6 15 15 15 15 11 11 2 6 7
24 22 20 21 23 13 13 9 9 6 8 13 13 13 13 9 9 2 6 7
22 20 21 23 24 15 15 11 11 8 6 15 15 15 15 11 11 2 6 7
19 19 19 19 19 13 13 9 9 6 8 13 13 13 13 9 9 2 6 7
26 27 29 30 28 19 19 15 15 4 2 12 10 19 19 15 15 5 4 8
27 29 30 28 26 17 17 13 13 2 4 10 12 17 17 13 13 5 4 8
29 30 28 26 27 19 19 15 15 4 2 12 10 19 19 15 15 5 4 8
30 28 26 27 29 17 17 13 13 2 4 10 12 17 17 13 13 5 4 8
28 26 27 29 30 19 19 15 15 4 2 12 10 19 19 15 15 5 4 8
25 25 25 25 25 17 17 13 13 2 4 10 12 17 17 13 13 5 4 8
32 33 35 36 34 20 18 19 19 15 15 8 6 16 14 19 19 7 2 6
33 35 36 34 32 18 20 17 17 13 13 6 8 14 16 17 17 7 2 6
35 36 34 32 33 20 18 19 19 15 15 8 6 16 14 19 19 7 2 6
36 34 32 33 35 18 20 17 17 13 13 6 8 14 16 17 17 7 2 6
34 32 33 35 36 20 18 19 19 15 15 8 6 16 14 19 19 7 2 6
31 31 31 31 31 18 20 17 17 13 13 6 8 14 16 17 17 7 2 6
38 39 41 42 40 16 14 20 18 19 19 4 2 12 10 16 14 9 7 4
39 41 42 40 38 14 16 18 20 17 17 2 4 10 12 14 16 9 7 4
41 42 40 38 39 16 14 20 18 19 19 4 2 12 10 16 14 9 7 4
42 40 38 39 41 14 16 18 20 17 17 2 4 10 12 14 16 9 7 4
40 38 39 41 42 16 14 20 18 19 19 4 2 12 10 16 14 9 7 4
37 37 37 37 37 14 16 18 20 17 17 2 4 10 12 14 16 9 7 4
44 45 47 48 46 12 10 16 14 20 18 19 19 8 6 12 10 8 9 2
45 47 48 46 44 10 12 14 16 18 20 17 17 6 8 10 12 8 9 2
47 48 46 44 45 12 10 16 14 20 18 19 19 8 6 12 10 8 9 2
48 46 44 45 47 10 12 14 16 18 20 17 17 6 8 10 12 8 9 2
46 44 45 47 48 12 10 16 14 20 18 19 19 8 6 12 10 8 9 2
43 43 43 43 43 10 12 14 16 18 20 17 17 6 8 10 12 8 9 2
50 51 53 54 52 6 8 10 12 14 16 18 20 2 4 6 8 6 8 9
51 53 54 52 50 8 6 12 10 16 14 20 18 4 2 8 6 6 8 9
53 54 52 50 51 6 8 10 12 14 16 18 20 2 4 6 8 6 8 9
54 52 50 51 53 6 8 10 12 14 16 18 20 2 4 6 8 6 8 9
52 50 51 53 54 8 6 12 10 16 14 20 18 4 2 8 6 6 8 9
54 49 49 53 49 8 6 12 10 16 14 20 18 4 2 8 6 6 8 9
49 51 51 54 49 8 6 12 10 16 14 20 18 4 2 8 6 6 8 9
52 52 51 54 54 6 8 10 12 14 16 18 20 2 4 6 8 6 8 9
53 52 53 49 53 6 8 10 12 14 16 18 20 2 4 6 8 6 8 9
56 57 59 60 58 2 4 6 8 10 12 14 16 18 20 18 20 10 10 10
57 59 60 58 56 2 4 6 8 10 12 14 16 18 20 18 20 10 10 10
59 60 58 56 57 4 2 8 6 12 10 16 14 20 18 20 18 10 10 10
60 58 56 57 59 2 4 6 8 10 12 14 16 18 20 18 20 10 10 10
58 56 57 59 60 4 2 8 6 12 10 16 14 20 18 20 18 10 10 10
58 59 60 60 60 2 4 6 8 10 12 14 16 18 20 18 20 10 10 10
57 58 57 58 55 2 4 6 8 10 12 14 16 18 20 18 20 10 10 10
57 57 59 59 58 2 4 6 8 10 12 14 16 18 20 18 20 10 10 10
58 57 57 59 59 4 2 8 6 12 10 16 14 20 18 20 18 10 10 10
58 57 58 59 58 4 2 8 6 12 10 16 14 20 18 20 18 10 10 10
58 58 55 55 59 4 2 8 6 12 10 16 14 20 18 20 18 10 10 10
57 57 57 57 57 4 2 8 6 12 10 16 14 20 18 20 18 10 10 10
55 57 59 60 58 2 4 6 8 10 12 14 16 18 20 18 20 10 10 10
57 58 57 57 60 4 2 8 6 12 10 16 14 20 18 20 18 10 10 10
58 55 57 59 60 2 4 6 8 10 12 14 16 18 20 18 20 10 10 10
57 57 60 57 58 4 2 8 6 12 10 16 14 20 18 20 18 10 10 10

SIZE: 74 x 20
METHOD: Six-block row decomposition construction (Theorem 21 and Appendix A.3), with t=10 five-column inputs of row sizes 6,6,6,6,6,6,6,6,10,16, and 15 added columns from factorized input pairs. The total added-column weight is 54.
MATRIX:
2 3 5 6 4 3 3 3 3 3 3 3 3 3 3 3 3 1 1 1
3 5 6 4 2 1 1 1 1 1 1 1 1 1 1 1 1 1 1 1
5 6 4 2 3 3 3 3 3 3 3 3 3 3 3 3 3 1 1 1
6 4 2 3 5 1 1 1 1 1 1 1 1 1 1 1 1 1 1 1
4 2 3 5 6 3 3 3 3 3 3 3 3 3 3 3 3 1 1 1
1 1 1 1 1 1 1 1 1 1 1 1 1 1 1 1 1 1 1 1
8 9 11 12 10 7 7 7 7 7 7 7 7 7 7 4 2 3 3 3
9 11 12 10 8 5 5 5 5 5 5 5 5 5 5 2 4 3 3 3
11 12 10 8 9 7 7 7 7 7 7 7 7 7 7 4 2 3 3 3
12 10 8 9 11 5 5 5 5 5 5 5 5 5 5 2 4 3 3 3
10 8 9 11 12 7 7 7 7 7 7 7 7 7 7 4 2 3 3 3
7 7 7 7 7 5 5 5 5 5 5 5 5 5 5 2 4 3 3 3
14 15 17 18 16 11 11 4 2 11 11 11 11 11 11 7 7 4 5 5
15 17 18 16 14 9 9 2 4 9 9 9 9 9 9 5 5 4 5 5
17 18 16 14 15 11 11 4 2 11 11 11 11 11 11 7 7 4 5 5
18 16 14 15 17 9 9 2 4 9 9 9 9 9 9 5 5 4 5 5
16 14 15 17 18 11 11 4 2 11 11 11 11 11 11 7 7 4 5 5
13 13 13 13 13 9 9 2 4 9 9 9 9 9 9 5 5 4 5 5
20 21 23 24 22 15 15 11 11 8 6 15 15 15 15 11 11 2 6 7
21 23 24 22 20 13 13 9 9 6 8 13 13 13 13 9 9 2 6 7
23 24 22 20 21 15 15 11 11 8 6 15 15 15 15 11 11 2 6 7
24 22 20 21 23 13 13 9 9 6 8 13 13 13 13 9 9 2 6 7
22 20 21 23 24 15 15 11 11 8 6 15 15 15 15 11 11 2 6 7
19 19 19 19 19 13 13 9 9 6 8 13 13 13 13 9 9 2 6 7
26 27 29 30 28 19 19 15 15 4 2 12 10 19 19 15 15 5 4 8
27 29 30 28 26 17 17 13 13 2 4 10 12 17 17 13 13 5 4 8
29 30 28 26 27 19 19 15 15 4 2 12 10 19 19 15 15 5 4 8
30 28 26 27 29 17 17 13 13 2 4 10 12 17 17 13 13 5 4 8
28 26 27 29 30 19 19 15 15 4 2 12 10 19 19 15 15 5 4 8
25 25 25 25 25 17 17 13 13 2 4 10 12 17 17 13 13 5 4 8
32 33 35 36 34 20 18 19 19 15 15 8 6 16 14 19 19 7 2 6
33 35 36 34 32 18 20 17 17 13 13 6 8 14 16 17 17 7 2 6
35 36 34 32 33 20 18 19 19 15 15 8 6 16 14 19 19 7 2 6
36 34 32 33 35 18 20 17 17 13 13 6 8 14 16 17 17 7 2 6
34 32 33 35 36 20 18 19 19 15 15 8 6 16 14 19 19 7 2 6
31 31 31 31 31 18 20 17 17 13 13 6 8 14 16 17 17 7 2 6
38 39 41 42 40 16 14 20 18 19 19 4 2 12 10 16 14 9 7 4
39 41 42 40 38 14 16 18 20 17 17 2 4 10 12 14 16 9 7 4
41 42 40 38 39 16 14 20 18 19 19 4 2 12 10 16 14 9 7 4
42 40 38 39 41 14 16 18 20 17 17 2 4 10 12 14 16 9 7 4
40 38 39 41 42 16 14 20 18 19 19 4 2 12 10 16 14 9 7 4
37 37 37 37 37 14 16 18 20 17 17 2 4 10 12 14 16 9 7 4
44 45 47 48 46 12 10 16 14 20 18 19 19 8 6 12 10 8 9 2
45 47 48 46 44 10 12 14 16 18 20 17 17 6 8 10 12 8 9 2
47 48 46 44 45 12 10 16 14 20 18 19 19 8 6 12 10 8 9 2
48 46 44 45 47 10 12 14 16 18 20 17 17 6 8 10 12 8 9 2
46 44 45 47 48 12 10 16 14 20 18 19 19 8 6 12 10 8 9 2
43 43 43 43 43 10 12 14 16 18 20 17 17 6 8 10 12 8 9 2
50 51 53 54 52 6 8 10 12 14 16 18 20 2 4 6 8 6 8 9
51 53 54 52 50 8 6 12 10 16 14 20 18 4 2 8 6 6 8 9
53 54 52 50 51 6 8 10 12 14 16 18 20 2 4 6 8 6 8 9
54 52 50 51 53 6 8 10 12 14 16 18 20 2 4 6 8 6 8 9
52 50 51 53 54 8 6 12 10 16 14 20 18 4 2 8 6 6 8 9
53 54 54 49 53 8 6 12 10 16 14 20 18 4 2 8 6 6 8 9
54 49 54 52 49 6 8 10 12 14 16 18 20 2 4 6 8 6 8 9
54 49 49 51 51 6 8 10 12 14 16 18 20 2 4 6 8 6 8 9
53 53 54 54 49 8 6 12 10 16 14 20 18 4 2 8 6 6 8 9
49 53 53 52 53 8 6 12 10 16 14 20 18 4 2 8 6 6 8 9
56 57 59 60 58 2 4 6 8 10 12 14 16 18 20 18 20 10 10 10
57 59 60 58 56 2 4 6 8 10 12 14 16 18 20 18 20 10 10 10
59 60 58 56 57 4 2 8 6 12 10 16 14 20 18 20 18 10 10 10
60 58 56 57 59 2 4 6 8 10 12 14 16 18 20 18 20 10 10 10
58 56 57 59 60 4 2 8 6 12 10 16 14 20 18 20 18 10 10 10
58 59 60 60 60 2 4 6 8 10 12 14 16 18 20 18 20 10 10 10
57 58 57 58 55 2 4 6 8 10 12 14 16 18 20 18 20 10 10 10
57 57 59 59 58 2 4 6 8 10 12 14 16 18 20 18 20 10 10 10
58 57 57 59 59 4 2 8 6 12 10 16 14 20 18 20 18 10 10 10
58 57 58 59 58 4 2 8 6 12 10 16 14 20 18 20 18 10 10 10
58 58 55 55 59 4 2 8 6 12 10 16 14 20 18 20 18 10 10 10
57 57 57 57 57 4 2 8 6 12 10 16 14 20 18 20 18 10 10 10
55 57 59 60 58 2 4 6 8 10 12 14 16 18 20 18 20 10 10 10
57 58 57 57 60 4 2 8 6 12 10 16 14 20 18 20 18 10 10 10
58 55 57 59 60 2 4 6 8 10 12 14 16 18 20 18 20 10 10 10
57 57 60 57 58 4 2 8 6 12 10 16 14 20 18 20 18 10 10 10

SIZE: 75 x 20
METHOD: Six-block row decomposition construction (Theorem 21 and Appendix A.3), with t=10 five-column inputs of row sizes 6,6,6,6,6,6,6,6,11,16, and 15 added columns from factorized input pairs. The total added-column weight is 54.
MATRIX:
2 3 5 6 4 3 3 3 3 3 3 3 3 3 3 3 3 1 1 1
3 5 6 4 2 1 1 1 1 1 1 1 1 1 1 1 1 1 1 1
5 6 4 2 3 3 3 3 3 3 3 3 3 3 3 3 3 1 1 1
6 4 2 3 5 1 1 1 1 1 1 1 1 1 1 1 1 1 1 1
4 2 3 5 6 3 3 3 3 3 3 3 3 3 3 3 3 1 1 1
1 1 1 1 1 1 1 1 1 1 1 1 1 1 1 1 1 1 1 1
8 9 11 12 10 7 7 7 7 7 7 7 7 7 7 4 2 3 3 3
9 11 12 10 8 5 5 5 5 5 5 5 5 5 5 2 4 3 3 3
11 12 10 8 9 7 7 7 7 7 7 7 7 7 7 4 2 3 3 3
12 10 8 9 11 5 5 5 5 5 5 5 5 5 5 2 4 3 3 3
10 8 9 11 12 7 7 7 7 7 7 7 7 7 7 4 2 3 3 3
7 7 7 7 7 5 5 5 5 5 5 5 5 5 5 2 4 3 3 3
14 15 17 18 16 11 11 4 2 11 11 11 11 11 11 7 7 4 5 5
15 17 18 16 14 9 9 2 4 9 9 9 9 9 9 5 5 4 5 5
17 18 16 14 15 11 11 4 2 11 11 11 11 11 11 7 7 4 5 5
18 16 14 15 17 9 9 2 4 9 9 9 9 9 9 5 5 4 5 5
16 14 15 17 18 11 11 4 2 11 11 11 11 11 11 7 7 4 5 5
13 13 13 13 13 9 9 2 4 9 9 9 9 9 9 5 5 4 5 5
20 21 23 24 22 15 15 11 11 8 6 15 15 15 15 11 11 2 6 7
21 23 24 22 20 13 13 9 9 6 8 13 13 13 13 9 9 2 6 7
23 24 22 20 21 15 15 11 11 8 6 15 15 15 15 11 11 2 6 7
24 22 20 21 23 13 13 9 9 6 8 13 13 13 13 9 9 2 6 7
22 20 21 23 24 15 15 11 11 8 6 15 15 15 15 11 11 2 6 7
19 19 19 19 19 13 13 9 9 6 8 13 13 13 13 9 9 2 6 7
26 27 29 30 28 19 19 15 15 4 2 12 10 19 19 15 15 5 4 8
27 29 30 28 26 17 17 13 13 2 4 10 12 17 17 13 13 5 4 8
29 30 28 26 27 19 19 15 15 4 2 12 10 19 19 15 15 5 4 8
30 28 26 27 29 17 17 13 13 2 4 10 12 17 17 13 13 5 4 8
28 26 27 29 30 19 19 15 15 4 2 12 10 19 19 15 15 5 4 8
25 25 25 25 25 17 17 13 13 2 4 10 12 17 17 13 13 5 4 8
32 33 35 36 34 20 18 19 19 15 15 8 6 16 14 19 19 7 2 6
33 35 36 34 32 18 20 17 17 13 13 6 8 14 16 17 17 7 2 6
35 36 34 32 33 20 18 19 19 15 15 8 6 16 14 19 19 7 2 6
36 34 32 33 35 18 20 17 17 13 13 6 8 14 16 17 17 7 2 6
34 32 33 35 36 20 18 19 19 15 15 8 6 16 14 19 19 7 2 6
31 31 31 31 31 18 20 17 17 13 13 6 8 14 16 17 17 7 2 6
38 39 41 42 40 16 14 20 18 19 19 4 2 12 10 16 14 9 7 4
39 41 42 40 38 14 16 18 20 17 17 2 4 10 12 14 16 9 7 4
41 42 40 38 39 16 14 20 18 19 19 4 2 12 10 16 14 9 7 4
42 40 38 39 41 14 16 18 20 17 17 2 4 10 12 14 16 9 7 4
40 38 39 41 42 16 14 20 18 19 19 4 2 12 10 16 14 9 7 4
37 37 37 37 37 14 16 18 20 17 17 2 4 10 12 14 16 9 7 4
44 45 47 48 46 12 10 16 14 20 18 19 19 8 6 12 10 8 9 2
45 47 48 46 44 10 12 14 16 18 20 17 17 6 8 10 12 8 9 2
47 48 46 44 45 12 10 16 14 20 18 19 19 8 6 12 10 8 9 2
48 46 44 45 47 10 12 14 16 18 20 17 17 6 8 10 12 8 9 2
46 44 45 47 48 12 10 16 14 20 18 19 19 8 6 12 10 8 9 2
43 43 43 43 43 10 12 14 16 18 20 17 17 6 8 10 12 8 9 2
50 51 53 54 52 6 8 10 12 14 16 18 20 2 4 6 8 6 8 9
51 53 54 52 50 6 8 10 12 14 16 18 20 2 4 6 8 6 8 9
53 54 52 50 51 8 6 12 10 16 14 20 18 4 2 8 6 6 8 9
54 52 50 51 53 6 8 10 12 14 16 18 20 2 4 6 8 6 8 9
52 50 51 53 54 6 8 10 12 14 16 18 20 2 4 6 8 6 8 9
52 49 54 52 52 6 8 10 12 14 16 18 20 2 4 6 8 6 8 9
51 52 49 49 49 8 6 12 10 16 14 20 18 4 2 8 6 6 8 9
52 51 51 54 51 6 8 10 12 14 16 18 20 2 4 6 8 6 8 9
52 51 52 49 51 8 6 12 10 16 14 20 18 4 2 8 6 6 8 9
51 51 51 53 49 8 6 12 10 16 14 20 18 4 2 8 6 6 8 9
49 51 53 54 52 8 6 12 10 16 14 20 18 4 2 8 6 6 8 9
56 57 59 60 58 2 4 6 8 10 12 14 16 18 20 18 20 10 10 10
57 59 60 58 56 2 4 6 8 10 12 14 16 18 20 18 20 10 10 10
59 60 58 56 57 4 2 8 6 12 10 16 14 20 18 20 18 10 10 10
60 58 56 57 59 2 4 6 8 10 12 14 16 18 20 18 20 10 10 10
58 56 57 59 60 4 2 8 6 12 10 16 14 20 18 20 18 10 10 10
58 59 60 60 60 2 4 6 8 10 12 14 16 18 20 18 20 10 10 10
57 58 57 58 55 2 4 6 8 10 12 14 16 18 20 18 20 10 10 10
57 57 59 59 58 2 4 6 8 10 12 14 16 18 20 18 20 10 10 10
58 57 57 59 59 4 2 8 6 12 10 16 14 20 18 20 18 10 10 10
58 57 58 59 58 4 2 8 6 12 10 16 14 20 18 20 18 10 10 10
58 58 55 55 59 4 2 8 6 12 10 16 14 20 18 20 18 10 10 10
57 57 57 57 57 4 2 8 6 12 10 16 14 20 18 20 18 10 10 10
55 57 59 60 58 2 4 6 8 10 12 14 16 18 20 18 20 10 10 10
57 58 57 57 60 4 2 8 6 12 10 16 14 20 18 20 18 10 10 10
58 55 57 59 60 2 4 6 8 10 12 14 16 18 20 18 20 10 10 10
57 57 60 57 58 4 2 8 6 12 10 16 14 20 18 20 18 10 10 10

SIZE: 76 x 20
METHOD: Six-block row decomposition construction (Theorem 21 and Appendix A.3), with t=10 five-column inputs of row sizes 6,6,6,6,6,6,6,6,12,16, and 15 added columns from factorized input pairs. The total added-column weight is 54.
MATRIX:
2 3 5 6 4 3 3 3 3 3 3 3 3 3 3 3 3 1 1 1
3 5 6 4 2 1 1 1 1 1 1 1 1 1 1 1 1 1 1 1
5 6 4 2 3 3 3 3 3 3 3 3 3 3 3 3 3 1 1 1
6 4 2 3 5 1 1 1 1 1 1 1 1 1 1 1 1 1 1 1
4 2 3 5 6 3 3 3 3 3 3 3 3 3 3 3 3 1 1 1
1 1 1 1 1 1 1 1 1 1 1 1 1 1 1 1 1 1 1 1
8 9 11 12 10 7 7 7 7 7 7 7 7 7 7 4 2 3 3 3
9 11 12 10 8 5 5 5 5 5 5 5 5 5 5 2 4 3 3 3
11 12 10 8 9 7 7 7 7 7 7 7 7 7 7 4 2 3 3 3
12 10 8 9 11 5 5 5 5 5 5 5 5 5 5 2 4 3 3 3
10 8 9 11 12 7 7 7 7 7 7 7 7 7 7 4 2 3 3 3
7 7 7 7 7 5 5 5 5 5 5 5 5 5 5 2 4 3 3 3
14 15 17 18 16 11 11 4 2 11 11 11 11 11 11 7 7 4 5 5
15 17 18 16 14 9 9 2 4 9 9 9 9 9 9 5 5 4 5 5
17 18 16 14 15 11 11 4 2 11 11 11 11 11 11 7 7 4 5 5
18 16 14 15 17 9 9 2 4 9 9 9 9 9 9 5 5 4 5 5
16 14 15 17 18 11 11 4 2 11 11 11 11 11 11 7 7 4 5 5
13 13 13 13 13 9 9 2 4 9 9 9 9 9 9 5 5 4 5 5
20 21 23 24 22 15 15 11 11 8 6 15 15 15 15 11 11 2 6 7
21 23 24 22 20 13 13 9 9 6 8 13 13 13 13 9 9 2 6 7
23 24 22 20 21 15 15 11 11 8 6 15 15 15 15 11 11 2 6 7
24 22 20 21 23 13 13 9 9 6 8 13 13 13 13 9 9 2 6 7
22 20 21 23 24 15 15 11 11 8 6 15 15 15 15 11 11 2 6 7
19 19 19 19 19 13 13 9 9 6 8 13 13 13 13 9 9 2 6 7
26 27 29 30 28 19 19 15 15 4 2 12 10 19 19 15 15 5 4 8
27 29 30 28 26 17 17 13 13 2 4 10 12 17 17 13 13 5 4 8
29 30 28 26 27 19 19 15 15 4 2 12 10 19 19 15 15 5 4 8
30 28 26 27 29 17 17 13 13 2 4 10 12 17 17 13 13 5 4 8
28 26 27 29 30 19 19 15 15 4 2 12 10 19 19 15 15 5 4 8
25 25 25 25 25 17 17 13 13 2 4 10 12 17 17 13 13 5 4 8
32 33 35 36 34 20 18 19 19 15 15 8 6 16 14 19 19 7 2 6
33 35 36 34 32 18 20 17 17 13 13 6 8 14 16 17 17 7 2 6
35 36 34 32 33 20 18 19 19 15 15 8 6 16 14 19 19 7 2 6
36 34 32 33 35 18 20 17 17 13 13 6 8 14 16 17 17 7 2 6
34 32 33 35 36 20 18 19 19 15 15 8 6 16 14 19 19 7 2 6
31 31 31 31 31 18 20 17 17 13 13 6 8 14 16 17 17 7 2 6
38 39 41 42 40 16 14 20 18 19 19 4 2 12 10 16 14 9 7 4
39 41 42 40 38 14 16 18 20 17 17 2 4 10 12 14 16 9 7 4
41 42 40 38 39 16 14 20 18 19 19 4 2 12 10 16 14 9 7 4
42 40 38 39 41 14 16 18 20 17 17 2 4 10 12 14 16 9 7 4
40 38 39 41 42 16 14 20 18 19 19 4 2 12 10 16 14 9 7 4
37 37 37 37 37 14 16 18 20 17 17 2 4 10 12 14 16 9 7 4
44 45 47 48 46 12 10 16 14 20 18 19 19 8 6 12 10 8 9 2
45 47 48 46 44 10 12 14 16 18 20 17 17 6 8 10 12 8 9 2
47 48 46 44 45 12 10 16 14 20 18 19 19 8 6 12 10 8 9 2
48 46 44 45 47 10 12 14 16 18 20 17 17 6 8 10 12 8 9 2
46 44 45 47 48 12 10 16 14 20 18 19 19 8 6 12 10 8 9 2
43 43 43 43 43 10 12 14 16 18 20 17 17 6 8 10 12 8 9 2
50 51 53 54 52 8 6 12 10 16 14 20 18 4 2 8 6 6 8 9
51 53 54 52 50 6 8 10 12 14 16 18 20 2 4 6 8 6 8 9
53 54 52 50 51 8 6 12 10 16 14 20 18 4 2 8 6 6 8 9
54 52 50 51 53 8 6 12 10 16 14 20 18 4 2 8 6 6 8 9
52 50 51 53 54 8 6 12 10 16 14 20 18 4 2 8 6 6 8 9
49 53 53 54 54 6 8 10 12 14 16 18 20 2 4 6 8 6 8 9
51 51 54 49 49 6 8 10 12 14 16 18 20 2 4 6 8 6 8 9
52 53 49 53 53 6 8 10 12 14 16 18 20 2 4 6 8 6 8 9
52 49 51 53 54 6 8 10 12 14 16 18 20 2 4 6 8 6 8 9
51 53 53 53 54 8 6 12 10 16 14 20 18 4 2 8 6 6 8 9
52 53 54 54 54 6 8 10 12 14 16 18 20 2 4 6 8 6 8 9
52 53 52 53 54 8 6 12 10 16 14 20 18 4 2 8 6 6 8 9
56 57 59 60 58 2 4 6 8 10 12 14 16 18 20 18 20 10 10 10
57 59 60 58 56 2 4 6 8 10 12 14 16 18 20 18 20 10 10 10
59 60 58 56 57 4 2 8 6 12 10 16 14 20 18 20 18 10 10 10
60 58 56 57 59 2 4 6 8 10 12 14 16 18 20 18 20 10 10 10
58 56 57 59 60 4 2 8 6 12 10 16 14 20 18 20 18 10 10 10
58 59 60 60 60 2 4 6 8 10 12 14 16 18 20 18 20 10 10 10
57 58 57 58 55 2 4 6 8 10 12 14 16 18 20 18 20 10 10 10
57 57 59 59 58 2 4 6 8 10 12 14 16 18 20 18 20 10 10 10
58 57 57 59 59 4 2 8 6 12 10 16 14 20 18 20 18 10 10 10
58 57 58 59 58 4 2 8 6 12 10 16 14 20 18 20 18 10 10 10
58 58 55 55 59 4 2 8 6 12 10 16 14 20 18 20 18 10 10 10
57 57 57 57 57 4 2 8 6 12 10 16 14 20 18 20 18 10 10 10
55 57 59 60 58 2 4 6 8 10 12 14 16 18 20 18 20 10 10 10
57 58 57 57 60 4 2 8 6 12 10 16 14 20 18 20 18 10 10 10
58 55 57 59 60 2 4 6 8 10 12 14 16 18 20 18 20 10 10 10
57 57 60 57 58 4 2 8 6 12 10 16 14 20 18 20 18 10 10 10

SIZE: 77 x 20
METHOD: Six-block row decomposition construction (Theorem 21 and Appendix A.3), with t=10 five-column inputs of row sizes 6,6,6,6,6,6,6,6,13,16, and 15 added columns from factorized input pairs. The total added-column weight is 54.
MATRIX:
2 3 5 6 4 3 3 3 3 3 3 3 3 3 3 3 3 1 1 1
3 5 6 4 2 1 1 1 1 1 1 1 1 1 1 1 1 1 1 1
5 6 4 2 3 3 3 3 3 3 3 3 3 3 3 3 3 1 1 1
6 4 2 3 5 1 1 1 1 1 1 1 1 1 1 1 1 1 1 1
4 2 3 5 6 3 3 3 3 3 3 3 3 3 3 3 3 1 1 1
1 1 1 1 1 1 1 1 1 1 1 1 1 1 1 1 1 1 1 1
8 9 11 12 10 7 7 7 7 7 7 7 7 7 7 4 2 3 3 3
9 11 12 10 8 5 5 5 5 5 5 5 5 5 5 2 4 3 3 3
11 12 10 8 9 7 7 7 7 7 7 7 7 7 7 4 2 3 3 3
12 10 8 9 11 5 5 5 5 5 5 5 5 5 5 2 4 3 3 3
10 8 9 11 12 7 7 7 7 7 7 7 7 7 7 4 2 3 3 3
7 7 7 7 7 5 5 5 5 5 5 5 5 5 5 2 4 3 3 3
14 15 17 18 16 11 11 4 2 11 11 11 11 11 11 7 7 4 5 5
15 17 18 16 14 9 9 2 4 9 9 9 9 9 9 5 5 4 5 5
17 18 16 14 15 11 11 4 2 11 11 11 11 11 11 7 7 4 5 5
18 16 14 15 17 9 9 2 4 9 9 9 9 9 9 5 5 4 5 5
16 14 15 17 18 11 11 4 2 11 11 11 11 11 11 7 7 4 5 5
13 13 13 13 13 9 9 2 4 9 9 9 9 9 9 5 5 4 5 5
20 21 23 24 22 15 15 11 11 8 6 15 15 15 15 11 11 2 6 7
21 23 24 22 20 13 13 9 9 6 8 13 13 13 13 9 9 2 6 7
23 24 22 20 21 15 15 11 11 8 6 15 15 15 15 11 11 2 6 7
24 22 20 21 23 13 13 9 9 6 8 13 13 13 13 9 9 2 6 7
22 20 21 23 24 15 15 11 11 8 6 15 15 15 15 11 11 2 6 7
19 19 19 19 19 13 13 9 9 6 8 13 13 13 13 9 9 2 6 7
26 27 29 30 28 19 19 15 15 4 2 12 10 19 19 15 15 5 4 8
27 29 30 28 26 17 17 13 13 2 4 10 12 17 17 13 13 5 4 8
29 30 28 26 27 19 19 15 15 4 2 12 10 19 19 15 15 5 4 8
30 28 26 27 29 17 17 13 13 2 4 10 12 17 17 13 13 5 4 8
28 26 27 29 30 19 19 15 15 4 2 12 10 19 19 15 15 5 4 8
25 25 25 25 25 17 17 13 13 2 4 10 12 17 17 13 13 5 4 8
32 33 35 36 34 20 18 19 19 15 15 8 6 16 14 19 19 7 2 6
33 35 36 34 32 18 20 17 17 13 13 6 8 14 16 17 17 7 2 6
35 36 34 32 33 20 18 19 19 15 15 8 6 16 14 19 19 7 2 6
36 34 32 33 35 18 20 17 17 13 13 6 8 14 16 17 17 7 2 6
34 32 33 35 36 20 18 19 19 15 15 8 6 16 14 19 19 7 2 6
31 31 31 31 31 18 20 17 17 13 13 6 8 14 16 17 17 7 2 6
38 39 41 42 40 16 14 20 18 19 19 4 2 12 10 16 14 9 7 4
39 41 42 40 38 14 16 18 20 17 17 2 4 10 12 14 16 9 7 4
41 42 40 38 39 16 14 20 18 19 19 4 2 12 10 16 14 9 7 4
42 40 38 39 41 14 16 18 20 17 17 2 4 10 12 14 16 9 7 4
40 38 39 41 42 16 14 20 18 19 19 4 2 12 10 16 14 9 7 4
37 37 37 37 37 14 16 18 20 17 17 2 4 10 12 14 16 9 7 4
44 45 47 48 46 12 10 16 14 20 18 19 19 8 6 12 10 8 9 2
45 47 48 46 44 10 12 14 16 18 20 17 17 6 8 10 12 8 9 2
47 48 46 44 45 12 10 16 14 20 18 19 19 8 6 12 10 8 9 2
48 46 44 45 47 10 12 14 16 18 20 17 17 6 8 10 12 8 9 2
46 44 45 47 48 12 10 16 14 20 18 19 19 8 6 12 10 8 9 2
43 43 43 43 43 10 12 14 16 18 20 17 17 6 8 10 12 8 9 2
50 51 53 54 52 8 6 12 10 16 14 20 18 4 2 8 6 6 8 9
51 53 54 52 50 8 6 12 10 16 14 20 18 4 2 8 6 6 8 9
53 54 52 50 51 6 8 10 12 14 16 18 20 2 4 6 8 6 8 9
54 52 50 51 53 8 6 12 10 16 14 20 18 4 2 8 6 6 8 9
52 50 51 53 54 6 8 10 12 14 16 18 20 2 4 6 8 6 8 9
51 51 54 49 49 6 8 10 12 14 16 18 20 2 4 6 8 6 8 9
49 53 53 54 54 6 8 10 12 14 16 18 20 2 4 6 8 6 8 9
54 52 49 51 53 6 8 10 12 14 16 18 20 2 4 6 8 6 8 9
52 49 54 52 52 6 8 10 12 14 16 18 20 2 4 6 8 6 8 9
54 52 53 52 53 8 6 12 10 16 14 20 18 4 2 8 6 6 8 9
53 52 53 49 53 8 6 12 10 16 14 20 18 4 2 8 6 6 8 9
54 49 53 53 54 8 6 12 10 16 14 20 18 4 2 8 6 6 8 9
54 51 53 53 53 6 8 10 12 14 16 18 20 2 4 6 8 6 8 9
56 57 59 60 58 2 4 6 8 10 12 14 16 18 20 18 20 10 10 10
57 59 60 58 56 2 4 6 8 10 12 14 16 18 20 18 20 10 10 10
59 60 58 56 57 4 2 8 6 12 10 16 14 20 18 20 18 10 10 10
60 58 56 57 59 2 4 6 8 10 12 14 16 18 20 18 20 10 10 10
58 56 57 59 60 4 2 8 6 12 10 16 14 20 18 20 18 10 10 10
58 59 60 60 60 2 4 6 8 10 12 14 16 18 20 18 20 10 10 10
57 58 57 58 55 2 4 6 8 10 12 14 16 18 20 18 20 10 10 10
57 57 59 59 58 2 4 6 8 10 12 14 16 18 20 18 20 10 10 10
58 57 57 59 59 4 2 8 6 12 10 16 14 20 18 20 18 10 10 10
58 57 58 59 58 4 2 8 6 12 10 16 14 20 18 20 18 10 10 10
58 58 55 55 59 4 2 8 6 12 10 16 14 20 18 20 18 10 10 10
57 57 57 57 57 4 2 8 6 12 10 16 14 20 18 20 18 10 10 10
55 57 59 60 58 2 4 6 8 10 12 14 16 18 20 18 20 10 10 10
57 58 57 57 60 4 2 8 6 12 10 16 14 20 18 20 18 10 10 10
58 55 57 59 60 2 4 6 8 10 12 14 16 18 20 18 20 10 10 10
57 57 60 57 58 4 2 8 6 12 10 16 14 20 18 20 18 10 10 10

SIZE: 78 x 20
METHOD: Six-block row decomposition construction (Theorem 21 and Appendix A.3), with t=10 five-column inputs of row sizes 6,6,6,6,6,6,6,6,14,16, and 15 added columns from factorized input pairs. The total added-column weight is 54.
MATRIX:
2 3 5 6 4 3 3 3 3 3 3 3 3 3 3 3 3 1 1 1
3 5 6 4 2 1 1 1 1 1 1 1 1 1 1 1 1 1 1 1
5 6 4 2 3 3 3 3 3 3 3 3 3 3 3 3 3 1 1 1
6 4 2 3 5 1 1 1 1 1 1 1 1 1 1 1 1 1 1 1
4 2 3 5 6 3 3 3 3 3 3 3 3 3 3 3 3 1 1 1
1 1 1 1 1 1 1 1 1 1 1 1 1 1 1 1 1 1 1 1
8 9 11 12 10 7 7 7 7 7 7 7 7 7 7 4 2 3 3 3
9 11 12 10 8 5 5 5 5 5 5 5 5 5 5 2 4 3 3 3
11 12 10 8 9 7 7 7 7 7 7 7 7 7 7 4 2 3 3 3
12 10 8 9 11 5 5 5 5 5 5 5 5 5 5 2 4 3 3 3
10 8 9 11 12 7 7 7 7 7 7 7 7 7 7 4 2 3 3 3
7 7 7 7 7 5 5 5 5 5 5 5 5 5 5 2 4 3 3 3
14 15 17 18 16 11 11 4 2 11 11 11 11 11 11 7 7 4 5 5
15 17 18 16 14 9 9 2 4 9 9 9 9 9 9 5 5 4 5 5
17 18 16 14 15 11 11 4 2 11 11 11 11 11 11 7 7 4 5 5
18 16 14 15 17 9 9 2 4 9 9 9 9 9 9 5 5 4 5 5
16 14 15 17 18 11 11 4 2 11 11 11 11 11 11 7 7 4 5 5
13 13 13 13 13 9 9 2 4 9 9 9 9 9 9 5 5 4 5 5
20 21 23 24 22 15 15 11 11 8 6 15 15 15 15 11 11 2 6 7
21 23 24 22 20 13 13 9 9 6 8 13 13 13 13 9 9 2 6 7
23 24 22 20 21 15 15 11 11 8 6 15 15 15 15 11 11 2 6 7
24 22 20 21 23 13 13 9 9 6 8 13 13 13 13 9 9 2 6 7
22 20 21 23 24 15 15 11 11 8 6 15 15 15 15 11 11 2 6 7
19 19 19 19 19 13 13 9 9 6 8 13 13 13 13 9 9 2 6 7
26 27 29 30 28 19 19 15 15 4 2 12 10 19 19 15 15 5 4 8
27 29 30 28 26 17 17 13 13 2 4 10 12 17 17 13 13 5 4 8
29 30 28 26 27 19 19 15 15 4 2 12 10 19 19 15 15 5 4 8
30 28 26 27 29 17 17 13 13 2 4 10 12 17 17 13 13 5 4 8
28 26 27 29 30 19 19 15 15 4 2 12 10 19 19 15 15 5 4 8
25 25 25 25 25 17 17 13 13 2 4 10 12 17 17 13 13 5 4 8
32 33 35 36 34 20 18 19 19 15 15 8 6 16 14 19 19 7 2 6
33 35 36 34 32 18 20 17 17 13 13 6 8 14 16 17 17 7 2 6
35 36 34 32 33 20 18 19 19 15 15 8 6 16 14 19 19 7 2 6
36 34 32 33 35 18 20 17 17 13 13 6 8 14 16 17 17 7 2 6
34 32 33 35 36 20 18 19 19 15 15 8 6 16 14 19 19 7 2 6
31 31 31 31 31 18 20 17 17 13 13 6 8 14 16 17 17 7 2 6
38 39 41 42 40 16 14 20 18 19 19 4 2 12 10 16 14 9 7 4
39 41 42 40 38 14 16 18 20 17 17 2 4 10 12 14 16 9 7 4
41 42 40 38 39 16 14 20 18 19 19 4 2 12 10 16 14 9 7 4
42 40 38 39 41 14 16 18 20 17 17 2 4 10 12 14 16 9 7 4
40 38 39 41 42 16 14 20 18 19 19 4 2 12 10 16 14 9 7 4
37 37 37 37 37 14 16 18 20 17 17 2 4 10 12 14 16 9 7 4
44 45 47 48 46 12 10 16 14 20 18 19 19 8 6 12 10 8 9 2
45 47 48 46 44 10 12 14 16 18 20 17 17 6 8 10 12 8 9 2
47 48 46 44 45 12 10 16 14 20 18 19 19 8 6 12 10 8 9 2
48 46 44 45 47 10 12 14 16 18 20 17 17 6 8 10 12 8 9 2
46 44 45 47 48 12 10 16 14 20 18 19 19 8 6 12 10 8 9 2
43 43 43 43 43 10 12 14 16 18 20 17 17 6 8 10 12 8 9 2
50 51 53 54 52 6 8 10 12 14 16 18 20 2 4 6 8 6 8 9
51 53 54 52 50 6 8 10 12 14 16 18 20 2 4 6 8 6 8 9
53 54 52 50 51 8 6 12 10 16 14 20 18 4 2 8 6 6 8 9
54 52 50 51 53 8 6 12 10 16 14 20 18 4 2 8 6 6 8 9
52 50 51 53 54 6 8 10 12 14 16 18 20 2 4 6 8 6 8 9
54 49 49 51 51 8 6 12 10 16 14 20 18 4 2 8 6 6 8 9
53 54 54 54 52 8 6 12 10 16 14 20 18 4 2 8 6 6 8 9
49 53 53 52 53 8 6 12 10 16 14 20 18 4 2 8 6 6 8 9
53 53 54 54 49 8 6 12 10 16 14 20 18 4 2 8 6 6 8 9
54 54 52 52 51 8 6 12 10 16 14 20 18 4 2 8 6 6 8 9
53 54 52 53 52 6 8 10 12 14 16 18 20 2 4 6 8 6 8 9
53 54 51 54 51 6 8 10 12 14 16 18 20 2 4 6 8 6 8 9
53 54 52 49 51 6 8 10 12 14 16 18 20 2 4 6 8 6 8 9
53 54 51 53 53 6 8 10 12 14 16 18 20 2 4 6 8 6 8 9
56 57 59 60 58 2 4 6 8 10 12 14 16 18 20 18 20 10 10 10
57 59 60 58 56 2 4 6 8 10 12 14 16 18 20 18 20 10 10 10
59 60 58 56 57 4 2 8 6 12 10 16 14 20 18 20 18 10 10 10
60 58 56 57 59 2 4 6 8 10 12 14 16 18 20 18 20 10 10 10
58 56 57 59 60 4 2 8 6 12 10 16 14 20 18 20 18 10 10 10
58 59 60 60 60 2 4 6 8 10 12 14 16 18 20 18 20 10 10 10
57 58 57 58 55 2 4 6 8 10 12 14 16 18 20 18 20 10 10 10
57 57 59 59 58 2 4 6 8 10 12 14 16 18 20 18 20 10 10 10
58 57 57 59 59 4 2 8 6 12 10 16 14 20 18 20 18 10 10 10
58 57 58 59 58 4 2 8 6 12 10 16 14 20 18 20 18 10 10 10
58 58 55 55 59 4 2 8 6 12 10 16 14 20 18 20 18 10 10 10
57 57 57 57 57 4 2 8 6 12 10 16 14 20 18 20 18 10 10 10
55 57 59 60 58 2 4 6 8 10 12 14 16 18 20 18 20 10 10 10
57 58 57 57 60 4 2 8 6 12 10 16 14 20 18 20 18 10 10 10
58 55 57 59 60 2 4 6 8 10 12 14 16 18 20 18 20 10 10 10
57 57 60 57 58 4 2 8 6 12 10 16 14 20 18 20 18 10 10 10

SIZE: 79 x 20
METHOD: Six-block row decomposition construction (Theorem 21 and Appendix A.3), with t=10 five-column inputs of row sizes 6,6,6,6,6,6,6,6,15,16, and 15 added columns from factorized input pairs. The total added-column weight is 54.
MATRIX:
2 3 5 6 4 3 3 3 3 3 3 3 3 3 3 3 3 1 1 1
3 5 6 4 2 1 1 1 1 1 1 1 1 1 1 1 1 1 1 1
5 6 4 2 3 3 3 3 3 3 3 3 3 3 3 3 3 1 1 1
6 4 2 3 5 1 1 1 1 1 1 1 1 1 1 1 1 1 1 1
4 2 3 5 6 3 3 3 3 3 3 3 3 3 3 3 3 1 1 1
1 1 1 1 1 1 1 1 1 1 1 1 1 1 1 1 1 1 1 1
8 9 11 12 10 7 7 7 7 7 7 7 7 7 7 4 2 3 3 3
9 11 12 10 8 5 5 5 5 5 5 5 5 5 5 2 4 3 3 3
11 12 10 8 9 7 7 7 7 7 7 7 7 7 7 4 2 3 3 3
12 10 8 9 11 5 5 5 5 5 5 5 5 5 5 2 4 3 3 3
10 8 9 11 12 7 7 7 7 7 7 7 7 7 7 4 2 3 3 3
7 7 7 7 7 5 5 5 5 5 5 5 5 5 5 2 4 3 3 3
14 15 17 18 16 11 11 4 2 11 11 11 11 11 11 7 7 4 5 5
15 17 18 16 14 9 9 2 4 9 9 9 9 9 9 5 5 4 5 5
17 18 16 14 15 11 11 4 2 11 11 11 11 11 11 7 7 4 5 5
18 16 14 15 17 9 9 2 4 9 9 9 9 9 9 5 5 4 5 5
16 14 15 17 18 11 11 4 2 11 11 11 11 11 11 7 7 4 5 5
13 13 13 13 13 9 9 2 4 9 9 9 9 9 9 5 5 4 5 5
20 21 23 24 22 15 15 11 11 8 6 15 15 15 15 11 11 2 6 7
21 23 24 22 20 13 13 9 9 6 8 13 13 13 13 9 9 2 6 7
23 24 22 20 21 15 15 11 11 8 6 15 15 15 15 11 11 2 6 7
24 22 20 21 23 13 13 9 9 6 8 13 13 13 13 9 9 2 6 7
22 20 21 23 24 15 15 11 11 8 6 15 15 15 15 11 11 2 6 7
19 19 19 19 19 13 13 9 9 6 8 13 13 13 13 9 9 2 6 7
26 27 29 30 28 19 19 15 15 4 2 12 10 19 19 15 15 5 4 8
27 29 30 28 26 17 17 13 13 2 4 10 12 17 17 13 13 5 4 8
29 30 28 26 27 19 19 15 15 4 2 12 10 19 19 15 15 5 4 8
30 28 26 27 29 17 17 13 13 2 4 10 12 17 17 13 13 5 4 8
28 26 27 29 30 19 19 15 15 4 2 12 10 19 19 15 15 5 4 8
25 25 25 25 25 17 17 13 13 2 4 10 12 17 17 13 13 5 4 8
32 33 35 36 34 20 18 19 19 15 15 8 6 16 14 19 19 7 2 6
33 35 36 34 32 18 20 17 17 13 13 6 8 14 16 17 17 7 2 6
35 36 34 32 33 20 18 19 19 15 15 8 6 16 14 19 19 7 2 6
36 34 32 33 35 18 20 17 17 13 13 6 8 14 16 17 17 7 2 6
34 32 33 35 36 20 18 19 19 15 15 8 6 16 14 19 19 7 2 6
31 31 31 31 31 18 20 17 17 13 13 6 8 14 16 17 17 7 2 6
38 39 41 42 40 16 14 20 18 19 19 4 2 12 10 16 14 9 7 4
39 41 42 40 38 14 16 18 20 17 17 2 4 10 12 14 16 9 7 4
41 42 40 38 39 16 14 20 18 19 19 4 2 12 10 16 14 9 7 4
42 40 38 39 41 14 16 18 20 17 17 2 4 10 12 14 16 9 7 4
40 38 39 41 42 16 14 20 18 19 19 4 2 12 10 16 14 9 7 4
37 37 37 37 37 14 16 18 20 17 17 2 4 10 12 14 16 9 7 4
44 45 47 48 46 12 10 16 14 20 18 19 19 8 6 12 10 8 9 2
45 47 48 46 44 10 12 14 16 18 20 17 17 6 8 10 12 8 9 2
47 48 46 44 45 12 10 16 14 20 18 19 19 8 6 12 10 8 9 2
48 46 44 45 47 10 12 14 16 18 20 17 17 6 8 10 12 8 9 2
46 44 45 47 48 12 10 16 14 20 18 19 19 8 6 12 10 8 9 2
43 43 43 43 43 10 12 14 16 18 20 17 17 6 8 10 12 8 9 2
50 51 53 54 52 8 6 12 10 16 14 20 18 4 2 8 6 6 8 9
51 53 54 52 50 6 8 10 12 14 16 18 20 2 4 6 8 6 8 9
53 54 52 50 51 8 6 12 10 16 14 20 18 4 2 8 6 6 8 9
54 52 50 51 53 6 8 10 12 14 16 18 20 2 4 6 8 6 8 9
52 50 51 53 54 6 8 10 12 14 16 18 20 2 4 6 8 6 8 9
54 52 53 52 53 8 6 12 10 16 14 20 18 4 2 8 6 6 8 9
49 53 49 51 53 6 8 10 12 14 16 18 20 2 4 6 8 6 8 9
53 54 51 54 51 6 8 10 12 14 16 18 20 2 4 6 8 6 8 9
53 54 52 49 51 6 8 10 12 14 16 18 20 2 4 6 8 6 8 9
51 53 54 52 49 6 8 10 12 14 16 18 20 2 4 6 8 6 8 9
52 49 54 52 52 8 6 12 10 16 14 20 18 4 2 8 6 6 8 9
51 54 51 53 54 8 6 12 10 16 14 20 18 4 2 8 6 6 8 9
54 52 53 54 54 8 6 12 10 16 14 20 18 4 2 8 6 6 8 9
51 53 54 51 54 6 8 10 12 14 16 18 20 2 4 6 8 6 8 9
51 53 53 53 54 8 6 12 10 16 14 20 18 4 2 8 6 6 8 9
56 57 59 60 58 2 4 6 8 10 12 14 16 18 20 18 20 10 10 10
57 59 60 58 56 2 4 6 8 10 12 14 16 18 20 18 20 10 10 10
59 60 58 56 57 4 2 8 6 12 10 16 14 20 18 20 18 10 10 10
60 58 56 57 59 2 4 6 8 10 12 14 16 18 20 18 20 10 10 10
58 56 57 59 60 4 2 8 6 12 10 16 14 20 18 20 18 10 10 10
58 59 60 60 60 2 4 6 8 10 12 14 16 18 20 18 20 10 10 10
57 58 57 58 55 2 4 6 8 10 12 14 16 18 20 18 20 10 10 10
57 57 59 59 58 2 4 6 8 10 12 14 16 18 20 18 20 10 10 10
58 57 57 59 59 4 2 8 6 12 10 16 14 20 18 20 18 10 10 10
58 57 58 59 58 4 2 8 6 12 10 16 14 20 18 20 18 10 10 10
58 58 55 55 59 4 2 8 6 12 10 16 14 20 18 20 18 10 10 10
57 57 57 57 57 4 2 8 6 12 10 16 14 20 18 20 18 10 10 10
55 57 59 60 58 2 4 6 8 10 12 14 16 18 20 18 20 10 10 10
57 58 57 57 60 4 2 8 6 12 10 16 14 20 18 20 18 10 10 10
58 55 57 59 60 2 4 6 8 10 12 14 16 18 20 18 20 10 10 10
57 57 60 57 58 4 2 8 6 12 10 16 14 20 18 20 18 10 10 10

SIZE: 80 x 20
METHOD: Six-block row decomposition construction (Theorem 21 and Appendix A.3), with t=10 five-column inputs of row sizes 6,6,6,6,6,6,6,6,16,16, and 15 added columns from factorized input pairs. The total added-column weight is 54.
MATRIX:
2 3 5 6 4 3 3 3 3 3 3 3 3 3 3 3 3 1 1 1
3 5 6 4 2 1 1 1 1 1 1 1 1 1 1 1 1 1 1 1
5 6 4 2 3 3 3 3 3 3 3 3 3 3 3 3 3 1 1 1
6 4 2 3 5 1 1 1 1 1 1 1 1 1 1 1 1 1 1 1
4 2 3 5 6 3 3 3 3 3 3 3 3 3 3 3 3 1 1 1
1 1 1 1 1 1 1 1 1 1 1 1 1 1 1 1 1 1 1 1
8 9 11 12 10 7 7 7 7 7 7 7 7 7 7 4 2 3 3 3
9 11 12 10 8 5 5 5 5 5 5 5 5 5 5 2 4 3 3 3
11 12 10 8 9 7 7 7 7 7 7 7 7 7 7 4 2 3 3 3
12 10 8 9 11 5 5 5 5 5 5 5 5 5 5 2 4 3 3 3
10 8 9 11 12 7 7 7 7 7 7 7 7 7 7 4 2 3 3 3
7 7 7 7 7 5 5 5 5 5 5 5 5 5 5 2 4 3 3 3
14 15 17 18 16 11 11 4 2 11 11 11 11 11 11 7 7 4 5 5
15 17 18 16 14 9 9 2 4 9 9 9 9 9 9 5 5 4 5 5
17 18 16 14 15 11 11 4 2 11 11 11 11 11 11 7 7 4 5 5
18 16 14 15 17 9 9 2 4 9 9 9 9 9 9 5 5 4 5 5
16 14 15 17 18 11 11 4 2 11 11 11 11 11 11 7 7 4 5 5
13 13 13 13 13 9 9 2 4 9 9 9 9 9 9 5 5 4 5 5
20 21 23 24 22 15 15 11 11 8 6 15 15 15 15 11 11 2 6 7
21 23 24 22 20 13 13 9 9 6 8 13 13 13 13 9 9 2 6 7
23 24 22 20 21 15 15 11 11 8 6 15 15 15 15 11 11 2 6 7
24 22 20 21 23 13 13 9 9 6 8 13 13 13 13 9 9 2 6 7
22 20 21 23 24 15 15 11 11 8 6 15 15 15 15 11 11 2 6 7
19 19 19 19 19 13 13 9 9 6 8 13 13 13 13 9 9 2 6 7
26 27 29 30 28 19 19 15 15 4 2 12 10 19 19 15 15 5 4 8
27 29 30 28 26 17 17 13 13 2 4 10 12 17 17 13 13 5 4 8
29 30 28 26 27 19 19 15 15 4 2 12 10 19 19 15 15 5 4 8
30 28 26 27 29 17 17 13 13 2 4 10 12 17 17 13 13 5 4 8
28 26 27 29 30 19 19 15 15 4 2 12 10 19 19 15 15 5 4 8
25 25 25 25 25 17 17 13 13 2 4 10 12 17 17 13 13 5 4 8
32 33 35 36 34 20 18 19 19 15 15 8 6 16 14 19 19 7 2 6
33 35 36 34 32 18 20 17 17 13 13 6 8 14 16 17 17 7 2 6
35 36 34 32 33 20 18 19 19 15 15 8 6 16 14 19 19 7 2 6
36 34 32 33 35 18 20 17 17 13 13 6 8 14 16 17 17 7 2 6
34 32 33 35 36 20 18 19 19 15 15 8 6 16 14 19 19 7 2 6
31 31 31 31 31 18 20 17 17 13 13 6 8 14 16 17 17 7 2 6
38 39 41 42 40 16 14 20 18 19 19 4 2 12 10 16 14 9 7 4
39 41 42 40 38 14 16 18 20 17 17 2 4 10 12 14 16 9 7 4
41 42 40 38 39 16 14 20 18 19 19 4 2 12 10 16 14 9 7 4
42 40 38 39 41 14 16 18 20 17 17 2 4 10 12 14 16 9 7 4
40 38 39 41 42 16 14 20 18 19 19 4 2 12 10 16 14 9 7 4
37 37 37 37 37 14 16 18 20 17 17 2 4 10 12 14 16 9 7 4
44 45 47 48 46 12 10 16 14 20 18 19 19 8 6 12 10 8 9 2
45 47 48 46 44 10 12 14 16 18 20 17 17 6 8 10 12 8 9 2
47 48 46 44 45 12 10 16 14 20 18 19 19 8 6 12 10 8 9 2
48 46 44 45 47 10 12 14 16 18 20 17 17 6 8 10 12 8 9 2
46 44 45 47 48 12 10 16 14 20 18 19 19 8 6 12 10 8 9 2
43 43 43 43 43 10 12 14 16 18 20 17 17 6 8 10 12 8 9 2
50 51 53 54 52 6 8 10 12 14 16 18 20 2 4 6 8 6 8 9
51 53 54 52 50 6 8 10 12 14 16 18 20 2 4 6 8 6 8 9
53 54 52 50 51 8 6 12 10 16 14 20 18 4 2 8 6 6 8 9
54 52 50 51 53 6 8 10 12 14 16 18 20 2 4 6 8 6 8 9
52 50 51 53 54 8 6 12 10 16 14 20 18 4 2 8 6 6 8 9
52 53 54 54 54 6 8 10 12 14 16 18 20 2 4 6 8 6 8 9
51 52 51 52 49 6 8 10 12 14 16 18 20 2 4 6 8 6 8 9
51 51 53 53 52 6 8 10 12 14 16 18 20 2 4 6 8 6 8 9
52 51 51 53 53 8 6 12 10 16 14 20 18 4 2 8 6 6 8 9
52 51 52 53 52 8 6 12 10 16 14 20 18 4 2 8 6 6 8 9
52 52 49 49 53 8 6 12 10 16 14 20 18 4 2 8 6 6 8 9
51 51 51 51 51 8 6 12 10 16 14 20 18 4 2 8 6 6 8 9
49 51 53 54 52 6 8 10 12 14 16 18 20 2 4 6 8 6 8 9
51 52 51 51 54 8 6 12 10 16 14 20 18 4 2 8 6 6 8 9
52 49 51 53 54 6 8 10 12 14 16 18 20 2 4 6 8 6 8 9
51 51 54 51 52 8 6 12 10 16 14 20 18 4 2 8 6 6 8 9
56 57 59 60 58 2 4 6 8 10 12 14 16 18 20 18 20 10 10 10
57 59 60 58 56 2 4 6 8 10 12 14 16 18 20 18 20 10 10 10
59 60 58 56 57 4 2 8 6 12 10 16 14 20 18 20 18 10 10 10
60 58 56 57 59 2 4 6 8 10 12 14 16 18 20 18 20 10 10 10
58 56 57 59 60 4 2 8 6 12 10 16 14 20 18 20 18 10 10 10
58 59 60 60 60 2 4 6 8 10 12 14 16 18 20 18 20 10 10 10
57 58 57 58 55 2 4 6 8 10 12 14 16 18 20 18 20 10 10 10
57 57 59 59 58 2 4 6 8 10 12 14 16 18 20 18 20 10 10 10
58 57 57 59 59 4 2 8 6 12 10 16 14 20 18 20 18 10 10 10
58 57 58 59 58 4 2 8 6 12 10 16 14 20 18 20 18 10 10 10
58 58 55 55 59 4 2 8 6 12 10 16 14 20 18 20 18 10 10 10
57 57 57 57 57 4 2 8 6 12 10 16 14 20 18 20 18 10 10 10
55 57 59 60 58 2 4 6 8 10 12 14 16 18 20 18 20 10 10 10
57 58 57 57 60 4 2 8 6 12 10 16 14 20 18 20 18 10 10 10
58 55 57 59 60 2 4 6 8 10 12 14 16 18 20 18 20 10 10 10
57 57 60 57 58 4 2 8 6 12 10 16 14 20 18 20 18 10 10 10

SIZE: 81 x 20
METHOD: Six-block row decomposition construction (Theorem 21 and Appendix A.3), with t=10 five-column inputs of row sizes 6,6,6,6,6,6,6,8,15,16, and 15 added columns from factorized input pairs. The total added-column weight is 54.
MATRIX:
2 3 5 6 4 3 3 3 3 3 3 3 3 3 3 3 3 1 1 1
3 5 6 4 2 1 1 1 1 1 1 1 1 1 1 1 1 1 1 1
5 6 4 2 3 3 3 3 3 3 3 3 3 3 3 3 3 1 1 1
6 4 2 3 5 1 1 1 1 1 1 1 1 1 1 1 1 1 1 1
4 2 3 5 6 3 3 3 3 3 3 3 3 3 3 3 3 1 1 1
1 1 1 1 1 1 1 1 1 1 1 1 1 1 1 1 1 1 1 1
8 9 11 12 10 7 7 7 7 7 7 7 7 7 7 4 2 3 3 3
9 11 12 10 8 5 5 5 5 5 5 5 5 5 5 2 4 3 3 3
11 12 10 8 9 7 7 7 7 7 7 7 7 7 7 4 2 3 3 3
12 10 8 9 11 5 5 5 5 5 5 5 5 5 5 2 4 3 3 3
10 8 9 11 12 7 7 7 7 7 7 7 7 7 7 4 2 3 3 3
7 7 7 7 7 5 5 5 5 5 5 5 5 5 5 2 4 3 3 3
14 15 17 18 16 11 11 4 2 11 11 11 11 11 11 7 7 4 5 5
15 17 18 16 14 9 9 2 4 9 9 9 9 9 9 5 5 4 5 5
17 18 16 14 15 11 11 4 2 11 11 11 11 11 11 7 7 4 5 5
18 16 14 15 17 9 9 2 4 9 9 9 9 9 9 5 5 4 5 5
16 14 15 17 18 11 11 4 2 11 11 11 11 11 11 7 7 4 5 5
13 13 13 13 13 9 9 2 4 9 9 9 9 9 9 5 5 4 5 5
20 21 23 24 22 15 15 11 11 8 6 15 15 15 15 11 11 2 6 7
21 23 24 22 20 13 13 9 9 6 8 13 13 13 13 9 9 2 6 7
23 24 22 20 21 15 15 11 11 8 6 15 15 15 15 11 11 2 6 7
24 22 20 21 23 13 13 9 9 6 8 13 13 13 13 9 9 2 6 7
22 20 21 23 24 15 15 11 11 8 6 15 15 15 15 11 11 2 6 7
19 19 19 19 19 13 13 9 9 6 8 13 13 13 13 9 9 2 6 7
26 27 29 30 28 19 19 15 15 4 2 12 10 19 19 15 15 5 4 8
27 29 30 28 26 17 17 13 13 2 4 10 12 17 17 13 13 5 4 8
29 30 28 26 27 19 19 15 15 4 2 12 10 19 19 15 15 5 4 8
30 28 26 27 29 17 17 13 13 2 4 10 12 17 17 13 13 5 4 8
28 26 27 29 30 19 19 15 15 4 2 12 10 19 19 15 15 5 4 8
25 25 25 25 25 17 17 13 13 2 4 10 12 17 17 13 13 5 4 8
32 33 35 36 34 20 18 19 19 15 15 8 6 16 14 19 19 7 2 6
33 35 36 34 32 18 20 17 17 13 13 6 8 14 16 17 17 7 2 6
35 36 34 32 33 20 18 19 19 15 15 8 6 16 14 19 19 7 2 6
36 34 32 33 35 18 20 17 17 13 13 6 8 14 16 17 17 7 2 6
34 32 33 35 36 20 18 19 19 15 15 8 6 16 14 19 19 7 2 6
31 31 31 31 31 18 20 17 17 13 13 6 8 14 16 17 17 7 2 6
38 39 41 42 40 16 14 20 18 19 19 4 2 12 10 16 14 9 7 4
39 41 42 40 38 14 16 18 20 17 17 2 4 10 12 14 16 9 7 4
41 42 40 38 39 16 14 20 18 19 19 4 2 12 10 16 14 9 7 4
42 40 38 39 41 14 16 18 20 17 17 2 4 10 12 14 16 9 7 4
40 38 39 41 42 16 14 20 18 19 19 4 2 12 10 16 14 9 7 4
37 37 37 37 37 14 16 18 20 17 17 2 4 10 12 14 16 9 7 4
43 43 43 43 43 10 12 14 16 18 20 17 17 6 8 10 12 8 9 2
43 44 45 45 45 12 10 16 14 20 18 19 19 8 6 12 10 8 9 2
44 45 47 47 47 10 12 14 16 18 20 17 17 6 8 10 12 8 9 2
44 46 49 49 49 12 10 16 14 20 18 19 19 8 6 12 10 8 9 2
45 45 48 44 46 12 10 16 14 20 18 19 19 8 6 12 10 8 9 2
45 46 50 46 44 10 12 14 16 18 20 17 17 6 8 10 12 8 9 2
46 43 44 48 50 12 10 16 14 20 18 19 19 8 6 12 10 8 9 2
46 44 46 50 48 12 10 16 14 20 18 19 19 8 6 12 10 8 9 2
48 49 55 56 54 8 6 12 10 16 14 20 18 4 2 8 6 6 8 9
49 51 56 54 52 6 8 10 12 14 16 18 20 2 4 6 8 6 8 9
51 52 54 52 53 8 6 12 10 16 14 20 18 4 2 8 6 6 8 9
52 50 52 53 55 6 8 10 12 14 16 18 20 2 4 6 8 6 8 9
50 48 53 55 56 6 8 10 12 14 16 18 20 2 4 6 8 6 8 9
52 50 55 54 55 8 6 12 10 16 14 20 18 4 2 8 6 6 8 9
47 51 51 53 55 6 8 10 12 14 16 18 20 2 4 6 8 6 8 9
51 52 53 56 53 6 8 10 12 14 16 18 20 2 4 6 8 6 8 9
51 52 54 51 53 6 8 10 12 14 16 18 20 2 4 6 8 6 8 9
49 51 56 54 51 6 8 10 12 14 16 18 20 2 4 6 8 6 8 9
50 47 56 54 54 8 6 12 10 16 14 20 18 4 2 8 6 6 8 9
49 52 53 55 56 8 6 12 10 16 14 20 18 4 2 8 6 6 8 9
52 50 55 56 56 8 6 12 10 16 14 20 18 4 2 8 6 6 8 9
49 51 56 53 56 6 8 10 12 14 16 18 20 2 4 6 8 6 8 9
49 51 55 55 56 8 6 12 10 16 14 20 18 4 2 8 6 6 8 9
54 55 61 62 60 2 4 6 8 10 12 14 16 18 20 18 20 10 10 10
55 57 62 60 58 2 4 6 8 10 12 14 16 18 20 18 20 10 10 10
57 58 60 58 59 4 2 8 6 12 10 16 14 20 18 20 18 10 10 10
58 56 58 59 61 2 4 6 8 10 12 14 16 18 20 18 20 10 10 10
56 54 59 61 62 4 2 8 6 12 10 16 14 20 18 20 18 10 10 10
56 57 62 62 62 2 4 6 8 10 12 14 16 18 20 18 20 10 10 10
55 56 59 60 57 2 4 6 8 10 12 14 16 18 20 18 20 10 10 10
55 55 61 61 60 2 4 6 8 10 12 14 16 18 20 18 20 10 10 10
56 55 59 61 61 4 2 8 6 12 10 16 14 20 18 20 18 10 10 10
56 55 60 61 60 4 2 8 6 12 10 16 14 20 18 20 18 10 10 10
56 56 57 57 61 4 2 8 6 12 10 16 14 20 18 20 18 10 10 10
55 55 59 59 59 4 2 8 6 12 10 16 14 20 18 20 18 10 10 10
53 55 61 62 60 2 4 6 8 10 12 14 16 18 20 18 20 10 10 10
55 56 59 59 62 4 2 8 6 12 10 16 14 20 18 20 18 10 10 10
56 53 59 61 62 2 4 6 8 10 12 14 16 18 20 18 20 10 10 10
55 55 62 59 60 4 2 8 6 12 10 16 14 20 18 20 18 10 10 10

SIZE: 82 x 20
METHOD: Six-block row decomposition construction (Theorem 21 and Appendix A.3), with t=10 five-column inputs of row sizes 6,6,6,6,6,6,6,8,16,16, and 15 added columns from factorized input pairs. The total added-column weight is 54.
MATRIX:
2 3 5 6 4 3 3 3 3 3 3 3 3 3 3 3 3 1 1 1
3 5 6 4 2 1 1 1 1 1 1 1 1 1 1 1 1 1 1 1
5 6 4 2 3 3 3 3 3 3 3 3 3 3 3 3 3 1 1 1
6 4 2 3 5 1 1 1 1 1 1 1 1 1 1 1 1 1 1 1
4 2 3 5 6 3 3 3 3 3 3 3 3 3 3 3 3 1 1 1
1 1 1 1 1 1 1 1 1 1 1 1 1 1 1 1 1 1 1 1
8 9 11 12 10 7 7 7 7 7 7 7 7 7 7 4 2 3 3 3
9 11 12 10 8 5 5 5 5 5 5 5 5 5 5 2 4 3 3 3
11 12 10 8 9 7 7 7 7 7 7 7 7 7 7 4 2 3 3 3
12 10 8 9 11 5 5 5 5 5 5 5 5 5 5 2 4 3 3 3
10 8 9 11 12 7 7 7 7 7 7 7 7 7 7 4 2 3 3 3
7 7 7 7 7 5 5 5 5 5 5 5 5 5 5 2 4 3 3 3
14 15 17 18 16 11 11 4 2 11 11 11 11 11 11 7 7 4 5 5
15 17 18 16 14 9 9 2 4 9 9 9 9 9 9 5 5 4 5 5
17 18 16 14 15 11 11 4 2 11 11 11 11 11 11 7 7 4 5 5
18 16 14 15 17 9 9 2 4 9 9 9 9 9 9 5 5 4 5 5
16 14 15 17 18 11 11 4 2 11 11 11 11 11 11 7 7 4 5 5
13 13 13 13 13 9 9 2 4 9 9 9 9 9 9 5 5 4 5 5
20 21 23 24 22 15 15 11 11 8 6 15 15 15 15 11 11 2 6 7
21 23 24 22 20 13 13 9 9 6 8 13 13 13 13 9 9 2 6 7
23 24 22 20 21 15 15 11 11 8 6 15 15 15 15 11 11 2 6 7
24 22 20 21 23 13 13 9 9 6 8 13 13 13 13 9 9 2 6 7
22 20 21 23 24 15 15 11 11 8 6 15 15 15 15 11 11 2 6 7
19 19 19 19 19 13 13 9 9 6 8 13 13 13 13 9 9 2 6 7
26 27 29 30 28 19 19 15 15 4 2 12 10 19 19 15 15 5 4 8
27 29 30 28 26 17 17 13 13 2 4 10 12 17 17 13 13 5 4 8
29 30 28 26 27 19 19 15 15 4 2 12 10 19 19 15 15 5 4 8
30 28 26 27 29 17 17 13 13 2 4 10 12 17 17 13 13 5 4 8
28 26 27 29 30 19 19 15 15 4 2 12 10 19 19 15 15 5 4 8
25 25 25 25 25 17 17 13 13 2 4 10 12 17 17 13 13 5 4 8
32 33 35 36 34 20 18 19 19 15 15 8 6 16 14 19 19 7 2 6
33 35 36 34 32 18 20 17 17 13 13 6 8 14 16 17 17 7 2 6
35 36 34 32 33 20 18 19 19 15 15 8 6 16 14 19 19 7 2 6
36 34 32 33 35 18 20 17 17 13 13 6 8 14 16 17 17 7 2 6
34 32 33 35 36 20 18 19 19 15 15 8 6 16 14 19 19 7 2 6
31 31 31 31 31 18 20 17 17 13 13 6 8 14 16 17 17 7 2 6
38 39 41 42 40 16 14 20 18 19 19 4 2 12 10 16 14 9 7 4
39 41 42 40 38 14 16 18 20 17 17 2 4 10 12 14 16 9 7 4
41 42 40 38 39 16 14 20 18 19 19 4 2 12 10 16 14 9 7 4
42 40 38 39 41 14 16 18 20 17 17 2 4 10 12 14 16 9 7 4
40 38 39 41 42 16 14 20 18 19 19 4 2 12 10 16 14 9 7 4
37 37 37 37 37 14 16 18 20 17 17 2 4 10 12 14 16 9 7 4
43 43 43 43 43 10 12 14 16 18 20 17 17 6 8 10 12 8 9 2
43 44 45 45 45 12 10 16 14 20 18 19 19 8 6 12 10 8 9 2
44 45 47 47 47 10 12 14 16 18 20 17 17 6 8 10 12 8 9 2
44 46 49 49 49 12 10 16 14 20 18 19 19 8 6 12 10 8 9 2
45 45 48 44 46 12 10 16 14 20 18 19 19 8 6 12 10 8 9 2
45 46 50 46 44 10 12 14 16 18 20 17 17 6 8 10 12 8 9 2
46 43 44 48 50 12 10 16 14 20 18 19 19 8 6 12 10 8 9 2
46 44 46 50 48 12 10 16 14 20 18 19 19 8 6 12 10 8 9 2
48 49 55 56 54 6 8 10 12 14 16 18 20 2 4 6 8 6 8 9
49 51 56 54 52 6 8 10 12 14 16 18 20 2 4 6 8 6 8 9
51 52 54 52 53 8 6 12 10 16 14 20 18 4 2 8 6 6 8 9
52 50 52 53 55 6 8 10 12 14 16 18 20 2 4 6 8 6 8 9
50 48 53 55 56 8 6 12 10 16 14 20 18 4 2 8 6 6 8 9
50 51 56 56 56 6 8 10 12 14 16 18 20 2 4 6 8 6 8 9
49 50 53 54 51 6 8 10 12 14 16 18 20 2 4 6 8 6 8 9
49 49 55 55 54 6 8 10 12 14 16 18 20 2 4 6 8 6 8 9
50 49 53 55 55 8 6 12 10 16 14 20 18 4 2 8 6 6 8 9
50 49 54 55 54 8 6 12 10 16 14 20 18 4 2 8 6 6 8 9
50 50 51 51 55 8 6 12 10 16 14 20 18 4 2 8 6 6 8 9
49 49 53 53 53 8 6 12 10 16 14 20 18 4 2 8 6 6 8 9
47 49 55 56 54 6 8 10 12 14 16 18 20 2 4 6 8 6 8 9
49 50 53 53 56 8 6 12 10 16 14 20 18 4 2 8 6 6 8 9
50 47 53 55 56 6 8 10 12 14 16 18 20 2 4 6 8 6 8 9
49 49 56 53 54 8 6 12 10 16 14 20 18 4 2 8 6 6 8 9
54 55 61 62 60 2 4 6 8 10 12 14 16 18 20 18 20 10 10 10
55 57 62 60 58 2 4 6 8 10 12 14 16 18 20 18 20 10 10 10
57 58 60 58 59 4 2 8 6 12 10 16 14 20 18 20 18 10 10 10
58 56 58 59 61 2 4 6 8 10 12 14 16 18 20 18 20 10 10 10
56 54 59 61 62 4 2 8 6 12 10 16 14 20 18 20 18 10 10 10
56 57 62 62 62 2 4 6 8 10 12 14 16 18 20 18 20 10 10 10
55 56 59 60 57 2 4 6 8 10 12 14 16 18 20 18 20 10 10 10
55 55 61 61 60 2 4 6 8 10 12 14 16 18 20 18 20 10 10 10
56 55 59 61 61 4 2 8 6 12 10 16 14 20 18 20 18 10 10 10
56 55 60 61 60 4 2 8 6 12 10 16 14 20 18 20 18 10 10 10
56 56 57 57 61 4 2 8 6 12 10 16 14 20 18 20 18 10 10 10
55 55 59 59 59 4 2 8 6 12 10 16 14 20 18 20 18 10 10 10
53 55 61 62 60 2 4 6 8 10 12 14 16 18 20 18 20 10 10 10
55 56 59 59 62 4 2 8 6 12 10 16 14 20 18 20 18 10 10 10
56 53 59 61 62 2 4 6 8 10 12 14 16 18 20 18 20 10 10 10
55 55 62 59 60 4 2 8 6 12 10 16 14 20 18 20 18 10 10 10

SIZE: 83 x 20
METHOD: Six-block row decomposition construction (Theorem 21 and Appendix A.3), with t=10 five-column inputs of row sizes 6,6,6,6,6,6,6,9,16,16, and 15 added columns from factorized input pairs. The total added-column weight is 54.
MATRIX:
2 3 5 6 4 3 3 3 3 3 3 3 3 3 3 3 3 1 1 1
3 5 6 4 2 1 1 1 1 1 1 1 1 1 1 1 1 1 1 1
5 6 4 2 3 3 3 3 3 3 3 3 3 3 3 3 3 1 1 1
6 4 2 3 5 1 1 1 1 1 1 1 1 1 1 1 1 1 1 1
4 2 3 5 6 3 3 3 3 3 3 3 3 3 3 3 3 1 1 1
1 1 1 1 1 1 1 1 1 1 1 1 1 1 1 1 1 1 1 1
8 9 11 12 10 7 7 7 7 7 7 7 7 7 7 4 2 3 3 3
9 11 12 10 8 5 5 5 5 5 5 5 5 5 5 2 4 3 3 3
11 12 10 8 9 7 7 7 7 7 7 7 7 7 7 4 2 3 3 3
12 10 8 9 11 5 5 5 5 5 5 5 5 5 5 2 4 3 3 3
10 8 9 11 12 7 7 7 7 7 7 7 7 7 7 4 2 3 3 3
7 7 7 7 7 5 5 5 5 5 5 5 5 5 5 2 4 3 3 3
14 15 17 18 16 11 11 4 2 11 11 11 11 11 11 7 7 4 5 5
15 17 18 16 14 9 9 2 4 9 9 9 9 9 9 5 5 4 5 5
17 18 16 14 15 11 11 4 2 11 11 11 11 11 11 7 7 4 5 5
18 16 14 15 17 9 9 2 4 9 9 9 9 9 9 5 5 4 5 5
16 14 15 17 18 11 11 4 2 11 11 11 11 11 11 7 7 4 5 5
13 13 13 13 13 9 9 2 4 9 9 9 9 9 9 5 5 4 5 5
20 21 23 24 22 15 15 11 11 8 6 15 15 15 15 11 11 2 6 7
21 23 24 22 20 13 13 9 9 6 8 13 13 13 13 9 9 2 6 7
23 24 22 20 21 15 15 11 11 8 6 15 15 15 15 11 11 2 6 7
24 22 20 21 23 13 13 9 9 6 8 13 13 13 13 9 9 2 6 7
22 20 21 23 24 15 15 11 11 8 6 15 15 15 15 11 11 2 6 7
19 19 19 19 19 13 13 9 9 6 8 13 13 13 13 9 9 2 6 7
26 27 29 30 28 19 19 15 15 4 2 12 10 19 19 15 15 5 4 8
27 29 30 28 26 17 17 13 13 2 4 10 12 17 17 13 13 5 4 8
29 30 28 26 27 19 19 15 15 4 2 12 10 19 19 15 15 5 4 8
30 28 26 27 29 17 17 13 13 2 4 10 12 17 17 13 13 5 4 8
28 26 27 29 30 19 19 15 15 4 2 12 10 19 19 15 15 5 4 8
25 25 25 25 25 17 17 13 13 2 4 10 12 17 17 13 13 5 4 8
32 33 35 36 34 20 18 19 19 15 15 8 6 16 14 19 19 7 2 6
33 35 36 34 32 18 20 17 17 13 13 6 8 14 16 17 17 7 2 6
35 36 34 32 33 20 18 19 19 15 15 8 6 16 14 19 19 7 2 6
36 34 32 33 35 18 20 17 17 13 13 6 8 14 16 17 17 7 2 6
34 32 33 35 36 20 18 19 19 15 15 8 6 16 14 19 19 7 2 6
31 31 31 31 31 18 20 17 17 13 13 6 8 14 16 17 17 7 2 6
38 39 41 42 40 16 14 20 18 19 19 4 2 12 10 16 14 9 7 4
39 41 42 40 38 14 16 18 20 17 17 2 4 10 12 14 16 9 7 4
41 42 40 38 39 16 14 20 18 19 19 4 2 12 10 16 14 9 7 4
42 40 38 39 41 14 16 18 20 17 17 2 4 10 12 14 16 9 7 4
40 38 39 41 42 16 14 20 18 19 19 4 2 12 10 16 14 9 7 4
37 37 37 37 37 14 16 18 20 17 17 2 4 10 12 14 16 9 7 4
44 45 47 48 46 10 12 14 16 18 20 17 17 6 8 10 12 8 9 2
45 47 48 46 44 12 10 16 14 20 18 19 19 8 6 12 10 8 9 2
47 48 46 44 45 10 12 14 16 18 20 17 17 6 8 10 12 8 9 2
48 46 44 45 47 10 12 14 16 18 20 17 17 6 8 10 12 8 9 2
46 44 45 47 48 12 10 16 14 20 18 19 19 8 6 12 10 8 9 2
48 43 43 47 43 12 10 16 14 20 18 19 19 8 6 12 10 8 9 2
43 45 45 48 43 12 10 16 14 20 18 19 19 8 6 12 10 8 9 2
46 46 45 48 48 10 12 14 16 18 20 17 17 6 8 10 12 8 9 2
47 46 47 43 47 10 12 14 16 18 20 17 17 6 8 10 12 8 9 2
50 51 53 54 52 6 8 10 12 14 16 18 20 2 4 6 8 6 8 9
51 53 54 52 50 6 8 10 12 14 16 18 20 2 4 6 8 6 8 9
53 54 52 50 51 8 6 12 10 16 14 20 18 4 2 8 6 6 8 9
54 52 50 51 53 6 8 10 12 14 16 18 20 2 4 6 8 6 8 9
52 50 51 53 54 8 6 12 10 16 14 20 18 4 2 8 6 6 8 9
52 53 54 54 54 6 8 10 12 14 16 18 20 2 4 6 8 6 8 9
51 52 51 52 49 6 8 10 12 14 16 18 20 2 4 6 8 6 8 9
51 51 53 53 52 6 8 10 12 14 16 18 20 2 4 6 8 6 8 9
52 51 51 53 53 8 6 12 10 16 14 20 18 4 2 8 6 6 8 9
52 51 52 53 52 8 6 12 10 16 14 20 18 4 2 8 6 6 8 9
52 52 49 49 53 8 6 12 10 16 14 20 18 4 2 8 6 6 8 9
51 51 51 51 51 8 6 12 10 16 14 20 18 4 2 8 6 6 8 9
49 51 53 54 52 6 8 10 12 14 16 18 20 2 4 6 8 6 8 9
51 52 51 51 54 8 6 12 10 16 14 20 18 4 2 8 6 6 8 9
52 49 51 53 54 6 8 10 12 14 16 18 20 2 4 6 8 6 8 9
51 51 54 51 52 8 6 12 10 16 14 20 18 4 2 8 6 6 8 9
56 57 59 60 58 2 4 6 8 10 12 14 16 18 20 18 20 10 10 10
57 59 60 58 56 2 4 6 8 10 12 14 16 18 20 18 20 10 10 10
59 60 58 56 57 4 2 8 6 12 10 16 14 20 18 20 18 10 10 10
60 58 56 57 59 2 4 6 8 10 12 14 16 18 20 18 20 10 10 10
58 56 57 59 60 4 2 8 6 12 10 16 14 20 18 20 18 10 10 10
58 59 60 60 60 2 4 6 8 10 12 14 16 18 20 18 20 10 10 10
57 58 57 58 55 2 4 6 8 10 12 14 16 18 20 18 20 10 10 10
57 57 59 59 58 2 4 6 8 10 12 14 16 18 20 18 20 10 10 10
58 57 57 59 59 4 2 8 6 12 10 16 14 20 18 20 18 10 10 10
58 57 58 59 58 4 2 8 6 12 10 16 14 20 18 20 18 10 10 10
58 58 55 55 59 4 2 8 6 12 10 16 14 20 18 20 18 10 10 10
57 57 57 57 57 4 2 8 6 12 10 16 14 20 18 20 18 10 10 10
55 57 59 60 58 2 4 6 8 10 12 14 16 18 20 18 20 10 10 10
57 58 57 57 60 4 2 8 6 12 10 16 14 20 18 20 18 10 10 10
58 55 57 59 60 2 4 6 8 10 12 14 16 18 20 18 20 10 10 10
57 57 60 57 58 4 2 8 6 12 10 16 14 20 18 20 18 10 10 10

SIZE: 84 x 20
METHOD: Six-block row decomposition construction (Theorem 21 and Appendix A.3), with t=10 five-column inputs of row sizes 6,6,6,6,6,6,6,10,16,16, and 15 added columns from factorized input pairs. The total added-column weight is 54.
MATRIX:
2 3 5 6 4 3 3 3 3 3 3 3 3 3 3 3 3 1 1 1
3 5 6 4 2 1 1 1 1 1 1 1 1 1 1 1 1 1 1 1
5 6 4 2 3 3 3 3 3 3 3 3 3 3 3 3 3 1 1 1
6 4 2 3 5 1 1 1 1 1 1 1 1 1 1 1 1 1 1 1
4 2 3 5 6 3 3 3 3 3 3 3 3 3 3 3 3 1 1 1
1 1 1 1 1 1 1 1 1 1 1 1 1 1 1 1 1 1 1 1
8 9 11 12 10 7 7 7 7 7 7 7 7 7 7 4 2 3 3 3
9 11 12 10 8 5 5 5 5 5 5 5 5 5 5 2 4 3 3 3
11 12 10 8 9 7 7 7 7 7 7 7 7 7 7 4 2 3 3 3
12 10 8 9 11 5 5 5 5 5 5 5 5 5 5 2 4 3 3 3
10 8 9 11 12 7 7 7 7 7 7 7 7 7 7 4 2 3 3 3
7 7 7 7 7 5 5 5 5 5 5 5 5 5 5 2 4 3 3 3
14 15 17 18 16 11 11 4 2 11 11 11 11 11 11 7 7 4 5 5
15 17 18 16 14 9 9 2 4 9 9 9 9 9 9 5 5 4 5 5
17 18 16 14 15 11 11 4 2 11 11 11 11 11 11 7 7 4 5 5
18 16 14 15 17 9 9 2 4 9 9 9 9 9 9 5 5 4 5 5
16 14 15 17 18 11 11 4 2 11 11 11 11 11 11 7 7 4 5 5
13 13 13 13 13 9 9 2 4 9 9 9 9 9 9 5 5 4 5 5
20 21 23 24 22 15 15 11 11 8 6 15 15 15 15 11 11 2 6 7
21 23 24 22 20 13 13 9 9 6 8 13 13 13 13 9 9 2 6 7
23 24 22 20 21 15 15 11 11 8 6 15 15 15 15 11 11 2 6 7
24 22 20 21 23 13 13 9 9 6 8 13 13 13 13 9 9 2 6 7
22 20 21 23 24 15 15 11 11 8 6 15 15 15 15 11 11 2 6 7
19 19 19 19 19 13 13 9 9 6 8 13 13 13 13 9 9 2 6 7
26 27 29 30 28 19 19 15 15 4 2 12 10 19 19 15 15 5 4 8
27 29 30 28 26 17 17 13 13 2 4 10 12 17 17 13 13 5 4 8
29 30 28 26 27 19 19 15 15 4 2 12 10 19 19 15 15 5 4 8
30 28 26 27 29 17 17 13 13 2 4 10 12 17 17 13 13 5 4 8
28 26 27 29 30 19 19 15 15 4 2 12 10 19 19 15 15 5 4 8
25 25 25 25 25 17 17 13 13 2 4 10 12 17 17 13 13 5 4 8
32 33 35 36 34 20 18 19 19 15 15 8 6 16 14 19 19 7 2 6
33 35 36 34 32 18 20 17 17 13 13 6 8 14 16 17 17 7 2 6
35 36 34 32 33 20 18 19 19 15 15 8 6 16 14 19 19 7 2 6
36 34 32 33 35 18 20 17 17 13 13 6 8 14 16 17 17 7 2 6
34 32 33 35 36 20 18 19 19 15 15 8 6 16 14 19 19 7 2 6
31 31 31 31 31 18 20 17 17 13 13 6 8 14 16 17 17 7 2 6
38 39 41 42 40 16 14 20 18 19 19 4 2 12 10 16 14 9 7 4
39 41 42 40 38 14 16 18 20 17 17 2 4 10 12 14 16 9 7 4
41 42 40 38 39 16 14 20 18 19 19 4 2 12 10 16 14 9 7 4
42 40 38 39 41 14 16 18 20 17 17 2 4 10 12 14 16 9 7 4
40 38 39 41 42 16 14 20 18 19 19 4 2 12 10 16 14 9 7 4
37 37 37 37 37 14 16 18 20 17 17 2 4 10 12 14 16 9 7 4
44 45 47 48 46 10 12 14 16 18 20 17 17 6 8 10 12 8 9 2
45 47 48 46 44 12 10 16 14 20 18 19 19 8 6 12 10 8 9 2
47 48 46 44 45 10 12 14 16 18 20 17 17 6 8 10 12 8 9 2
48 46 44 45 47 10 12 14 16 18 20 17 17 6 8 10 12 8 9 2
46 44 45 47 48 12 10 16 14 20 18 19 19 8 6 12 10 8 9 2
47 48 48 43 47 12 10 16 14 20 18 19 19 8 6 12 10 8 9 2
48 43 48 46 43 10 12 14 16 18 20 17 17 6 8 10 12 8 9 2
48 43 43 45 45 10 12 14 16 18 20 17 17 6 8 10 12 8 9 2
47 47 48 48 43 12 10 16 14 20 18 19 19 8 6 12 10 8 9 2
43 47 47 46 47 12 10 16 14 20 18 19 19 8 6 12 10 8 9 2
50 51 53 54 52 6 8 10 12 14 16 18 20 2 4 6 8 6 8 9
51 53 54 52 50 6 8 10 12 14 16 18 20 2 4 6 8 6 8 9
53 54 52 50 51 8 6 12 10 16 14 20 18 4 2 8 6 6 8 9
54 52 50 51 53 6 8 10 12 14 16 18 20 2 4 6 8 6 8 9
52 50 51 53 54 8 6 12 10 16 14 20 18 4 2 8 6 6 8 9
52 53 54 54 54 6 8 10 12 14 16 18 20 2 4 6 8 6 8 9
51 52 51 52 49 6 8 10 12 14 16 18 20 2 4 6 8 6 8 9
51 51 53 53 52 6 8 10 12 14 16 18 20 2 4 6 8 6 8 9
52 51 51 53 53 8 6 12 10 16 14 20 18 4 2 8 6 6 8 9
52 51 52 53 52 8 6 12 10 16 14 20 18 4 2 8 6 6 8 9
52 52 49 49 53 8 6 12 10 16 14 20 18 4 2 8 6 6 8 9
51 51 51 51 51 8 6 12 10 16 14 20 18 4 2 8 6 6 8 9
49 51 53 54 52 6 8 10 12 14 16 18 20 2 4 6 8 6 8 9
51 52 51 51 54 8 6 12 10 16 14 20 18 4 2 8 6 6 8 9
52 49 51 53 54 6 8 10 12 14 16 18 20 2 4 6 8 6 8 9
51 51 54 51 52 8 6 12 10 16 14 20 18 4 2 8 6 6 8 9
56 57 59 60 58 2 4 6 8 10 12 14 16 18 20 18 20 10 10 10
57 59 60 58 56 2 4 6 8 10 12 14 16 18 20 18 20 10 10 10
59 60 58 56 57 4 2 8 6 12 10 16 14 20 18 20 18 10 10 10
60 58 56 57 59 2 4 6 8 10 12 14 16 18 20 18 20 10 10 10
58 56 57 59 60 4 2 8 6 12 10 16 14 20 18 20 18 10 10 10
58 59 60 60 60 2 4 6 8 10 12 14 16 18 20 18 20 10 10 10
57 58 57 58 55 2 4 6 8 10 12 14 16 18 20 18 20 10 10 10
57 57 59 59 58 2 4 6 8 10 12 14 16 18 20 18 20 10 10 10
58 57 57 59 59 4 2 8 6 12 10 16 14 20 18 20 18 10 10 10
58 57 58 59 58 4 2 8 6 12 10 16 14 20 18 20 18 10 10 10
58 58 55 55 59 4 2 8 6 12 10 16 14 20 18 20 18 10 10 10
57 57 57 57 57 4 2 8 6 12 10 16 14 20 18 20 18 10 10 10
55 57 59 60 58 2 4 6 8 10 12 14 16 18 20 18 20 10 10 10
57 58 57 57 60 4 2 8 6 12 10 16 14 20 18 20 18 10 10 10
58 55 57 59 60 2 4 6 8 10 12 14 16 18 20 18 20 10 10 10
57 57 60 57 58 4 2 8 6 12 10 16 14 20 18 20 18 10 10 10

SIZE: 85 x 20
METHOD: Six-block row decomposition construction (Theorem 21 and Appendix A.3), with t=10 five-column inputs of row sizes 6,6,6,6,6,6,6,11,16,16, and 15 added columns from factorized input pairs. The total added-column weight is 54.
MATRIX:
2 3 5 6 4 3 3 3 3 3 3 3 3 3 3 3 3 1 1 1
3 5 6 4 2 1 1 1 1 1 1 1 1 1 1 1 1 1 1 1
5 6 4 2 3 3 3 3 3 3 3 3 3 3 3 3 3 1 1 1
6 4 2 3 5 1 1 1 1 1 1 1 1 1 1 1 1 1 1 1
4 2 3 5 6 3 3 3 3 3 3 3 3 3 3 3 3 1 1 1
1 1 1 1 1 1 1 1 1 1 1 1 1 1 1 1 1 1 1 1
8 9 11 12 10 7 7 7 7 7 7 7 7 7 7 4 2 3 3 3
9 11 12 10 8 5 5 5 5 5 5 5 5 5 5 2 4 3 3 3
11 12 10 8 9 7 7 7 7 7 7 7 7 7 7 4 2 3 3 3
12 10 8 9 11 5 5 5 5 5 5 5 5 5 5 2 4 3 3 3
10 8 9 11 12 7 7 7 7 7 7 7 7 7 7 4 2 3 3 3
7 7 7 7 7 5 5 5 5 5 5 5 5 5 5 2 4 3 3 3
14 15 17 18 16 11 11 4 2 11 11 11 11 11 11 7 7 4 5 5
15 17 18 16 14 9 9 2 4 9 9 9 9 9 9 5 5 4 5 5
17 18 16 14 15 11 11 4 2 11 11 11 11 11 11 7 7 4 5 5
18 16 14 15 17 9 9 2 4 9 9 9 9 9 9 5 5 4 5 5
16 14 15 17 18 11 11 4 2 11 11 11 11 11 11 7 7 4 5 5
13 13 13 13 13 9 9 2 4 9 9 9 9 9 9 5 5 4 5 5
20 21 23 24 22 15 15 11 11 8 6 15 15 15 15 11 11 2 6 7
21 23 24 22 20 13 13 9 9 6 8 13 13 13 13 9 9 2 6 7
23 24 22 20 21 15 15 11 11 8 6 15 15 15 15 11 11 2 6 7
24 22 20 21 23 13 13 9 9 6 8 13 13 13 13 9 9 2 6 7
22 20 21 23 24 15 15 11 11 8 6 15 15 15 15 11 11 2 6 7
19 19 19 19 19 13 13 9 9 6 8 13 13 13 13 9 9 2 6 7
26 27 29 30 28 19 19 15 15 4 2 12 10 19 19 15 15 5 4 8
27 29 30 28 26 17 17 13 13 2 4 10 12 17 17 13 13 5 4 8
29 30 28 26 27 19 19 15 15 4 2 12 10 19 19 15 15 5 4 8
30 28 26 27 29 17 17 13 13 2 4 10 12 17 17 13 13 5 4 8
28 26 27 29 30 19 19 15 15 4 2 12 10 19 19 15 15 5 4 8
25 25 25 25 25 17 17 13 13 2 4 10 12 17 17 13 13 5 4 8
32 33 35 36 34 20 18 19 19 15 15 8 6 16 14 19 19 7 2 6
33 35 36 34 32 18 20 17 17 13 13 6 8 14 16 17 17 7 2 6
35 36 34 32 33 20 18 19 19 15 15 8 6 16 14 19 19 7 2 6
36 34 32 33 35 18 20 17 17 13 13 6 8 14 16 17 17 7 2 6
34 32 33 35 36 20 18 19 19 15 15 8 6 16 14 19 19 7 2 6
31 31 31 31 31 18 20 17 17 13 13 6 8 14 16 17 17 7 2 6
38 39 41 42 40 16 14 20 18 19 19 4 2 12 10 16 14 9 7 4
39 41 42 40 38 14 16 18 20 17 17 2 4 10 12 14 16 9 7 4
41 42 40 38 39 16 14 20 18 19 19 4 2 12 10 16 14 9 7 4
42 40 38 39 41 14 16 18 20 17 17 2 4 10 12 14 16 9 7 4
40 38 39 41 42 16 14 20 18 19 19 4 2 12 10 16 14 9 7 4
37 37 37 37 37 14 16 18 20 17 17 2 4 10 12 14 16 9 7 4
44 45 47 48 46 10 12 14 16 18 20 17 17 6 8 10 12 8 9 2
45 47 48 46 44 10 12 14 16 18 20 17 17 6 8 10 12 8 9 2
47 48 46 44 45 12 10 16 14 20 18 19 19 8 6 12 10 8 9 2
48 46 44 45 47 10 12 14 16 18 20 17 17 6 8 10 12 8 9 2
46 44 45 47 48 10 12 14 16 18 20 17 17 6 8 10 12 8 9 2
46 43 48 46 46 10 12 14 16 18 20 17 17 6 8 10 12 8 9 2
45 46 43 43 43 12 10 16 14 20 18 19 19 8 6 12 10 8 9 2
46 45 45 48 45 10 12 14 16 18 20 17 17 6 8 10 12 8 9 2
46 45 46 43 45 12 10 16 14 20 18 19 19 8 6 12 10 8 9 2
45 45 45 47 43 12 10 16 14 20 18 19 19 8 6 12 10 8 9 2
43 45 47 48 46 12 10 16 14 20 18 19 19 8 6 12 10 8 9 2
50 51 53 54 52 6 8 10 12 14 16 18 20 2 4 6 8 6 8 9
51 53 54 52 50 6 8 10 12 14 16 18 20 2 4 6 8 6 8 9
53 54 52 50 51 8 6 12 10 16 14 20 18 4 2 8 6 6 8 9
54 52 50 51 53 6 8 10 12 14 16 18 20 2 4 6 8 6 8 9
52 50 51 53 54 8 6 12 10 16 14 20 18 4 2 8 6 6 8 9
52 53 54 54 54 6 8 10 12 14 16 18 20 2 4 6 8 6 8 9
51 52 51 52 49 6 8 10 12 14 16 18 20 2 4 6 8 6 8 9
51 51 53 53 52 6 8 10 12 14 16 18 20 2 4 6 8 6 8 9
52 51 51 53 53 8 6 12 10 16 14 20 18 4 2 8 6 6 8 9
52 51 52 53 52 8 6 12 10 16 14 20 18 4 2 8 6 6 8 9
52 52 49 49 53 8 6 12 10 16 14 20 18 4 2 8 6 6 8 9
51 51 51 51 51 8 6 12 10 16 14 20 18 4 2 8 6 6 8 9
49 51 53 54 52 6 8 10 12 14 16 18 20 2 4 6 8 6 8 9
51 52 51 51 54 8 6 12 10 16 14 20 18 4 2 8 6 6 8 9
52 49 51 53 54 6 8 10 12 14 16 18 20 2 4 6 8 6 8 9
51 51 54 51 52 8 6 12 10 16 14 20 18 4 2 8 6 6 8 9
56 57 59 60 58 2 4 6 8 10 12 14 16 18 20 18 20 10 10 10
57 59 60 58 56 2 4 6 8 10 12 14 16 18 20 18 20 10 10 10
59 60 58 56 57 4 2 8 6 12 10 16 14 20 18 20 18 10 10 10
60 58 56 57 59 2 4 6 8 10 12 14 16 18 20 18 20 10 10 10
58 56 57 59 60 4 2 8 6 12 10 16 14 20 18 20 18 10 10 10
58 59 60 60 60 2 4 6 8 10 12 14 16 18 20 18 20 10 10 10
57 58 57 58 55 2 4 6 8 10 12 14 16 18 20 18 20 10 10 10
57 57 59 59 58 2 4 6 8 10 12 14 16 18 20 18 20 10 10 10
58 57 57 59 59 4 2 8 6 12 10 16 14 20 18 20 18 10 10 10
58 57 58 59 58 4 2 8 6 12 10 16 14 20 18 20 18 10 10 10
58 58 55 55 59 4 2 8 6 12 10 16 14 20 18 20 18 10 10 10
57 57 57 57 57 4 2 8 6 12 10 16 14 20 18 20 18 10 10 10
55 57 59 60 58 2 4 6 8 10 12 14 16 18 20 18 20 10 10 10
57 58 57 57 60 4 2 8 6 12 10 16 14 20 18 20 18 10 10 10
58 55 57 59 60 2 4 6 8 10 12 14 16 18 20 18 20 10 10 10
57 57 60 57 58 4 2 8 6 12 10 16 14 20 18 20 18 10 10 10

SIZE: 86 x 20
METHOD: Six-block row decomposition construction (Theorem 21 and Appendix A.3), with t=10 five-column inputs of row sizes 6,6,6,6,6,6,6,12,16,16, and 15 added columns from factorized input pairs. The total added-column weight is 54.
MATRIX:
2 3 5 6 4 3 3 3 3 3 3 3 3 3 3 3 3 1 1 1
3 5 6 4 2 1 1 1 1 1 1 1 1 1 1 1 1 1 1 1
5 6 4 2 3 3 3 3 3 3 3 3 3 3 3 3 3 1 1 1
6 4 2 3 5 1 1 1 1 1 1 1 1 1 1 1 1 1 1 1
4 2 3 5 6 3 3 3 3 3 3 3 3 3 3 3 3 1 1 1
1 1 1 1 1 1 1 1 1 1 1 1 1 1 1 1 1 1 1 1
8 9 11 12 10 7 7 7 7 7 7 7 7 7 7 4 2 3 3 3
9 11 12 10 8 5 5 5 5 5 5 5 5 5 5 2 4 3 3 3
11 12 10 8 9 7 7 7 7 7 7 7 7 7 7 4 2 3 3 3
12 10 8 9 11 5 5 5 5 5 5 5 5 5 5 2 4 3 3 3
10 8 9 11 12 7 7 7 7 7 7 7 7 7 7 4 2 3 3 3
7 7 7 7 7 5 5 5 5 5 5 5 5 5 5 2 4 3 3 3
14 15 17 18 16 11 11 4 2 11 11 11 11 11 11 7 7 4 5 5
15 17 18 16 14 9 9 2 4 9 9 9 9 9 9 5 5 4 5 5
17 18 16 14 15 11 11 4 2 11 11 11 11 11 11 7 7 4 5 5
18 16 14 15 17 9 9 2 4 9 9 9 9 9 9 5 5 4 5 5
16 14 15 17 18 11 11 4 2 11 11 11 11 11 11 7 7 4 5 5
13 13 13 13 13 9 9 2 4 9 9 9 9 9 9 5 5 4 5 5
20 21 23 24 22 15 15 11 11 8 6 15 15 15 15 11 11 2 6 7
21 23 24 22 20 13 13 9 9 6 8 13 13 13 13 9 9 2 6 7
23 24 22 20 21 15 15 11 11 8 6 15 15 15 15 11 11 2 6 7
24 22 20 21 23 13 13 9 9 6 8 13 13 13 13 9 9 2 6 7
22 20 21 23 24 15 15 11 11 8 6 15 15 15 15 11 11 2 6 7
19 19 19 19 19 13 13 9 9 6 8 13 13 13 13 9 9 2 6 7
26 27 29 30 28 19 19 15 15 4 2 12 10 19 19 15 15 5 4 8
27 29 30 28 26 17 17 13 13 2 4 10 12 17 17 13 13 5 4 8
29 30 28 26 27 19 19 15 15 4 2 12 10 19 19 15 15 5 4 8
30 28 26 27 29 17 17 13 13 2 4 10 12 17 17 13 13 5 4 8
28 26 27 29 30 19 19 15 15 4 2 12 10 19 19 15 15 5 4 8
25 25 25 25 25 17 17 13 13 2 4 10 12 17 17 13 13 5 4 8
32 33 35 36 34 20 18 19 19 15 15 8 6 16 14 19 19 7 2 6
33 35 36 34 32 18 20 17 17 13 13 6 8 14 16 17 17 7 2 6
35 36 34 32 33 20 18 19 19 15 15 8 6 16 14 19 19 7 2 6
36 34 32 33 35 18 20 17 17 13 13 6 8 14 16 17 17 7 2 6
34 32 33 35 36 20 18 19 19 15 15 8 6 16 14 19 19 7 2 6
31 31 31 31 31 18 20 17 17 13 13 6 8 14 16 17 17 7 2 6
38 39 41 42 40 16 14 20 18 19 19 4 2 12 10 16 14 9 7 4
39 41 42 40 38 14 16 18 20 17 17 2 4 10 12 14 16 9 7 4
41 42 40 38 39 16 14 20 18 19 19 4 2 12 10 16 14 9 7 4
42 40 38 39 41 14 16 18 20 17 17 2 4 10 12 14 16 9 7 4
40 38 39 41 42 16 14 20 18 19 19 4 2 12 10 16 14 9 7 4
37 37 37 37 37 14 16 18 20 17 17 2 4 10 12 14 16 9 7 4
44 45 47 48 46 12 10 16 14 20 18 19 19 8 6 12 10 8 9 2
45 47 48 46 44 10 12 14 16 18 20 17 17 6 8 10 12 8 9 2
47 48 46 44 45 12 10 16 14 20 18 19 19 8 6 12 10 8 9 2
48 46 44 45 47 12 10 16 14 20 18 19 19 8 6 12 10 8 9 2
46 44 45 47 48 12 10 16 14 20 18 19 19 8 6 12 10 8 9 2
43 47 47 48 48 10 12 14 16 18 20 17 17 6 8 10 12 8 9 2
45 45 48 43 43 10 12 14 16 18 20 17 17 6 8 10 12 8 9 2
46 47 43 47 47 10 12 14 16 18 20 17 17 6 8 10 12 8 9 2
46 43 45 47 48 10 12 14 16 18 20 17 17 6 8 10 12 8 9 2
45 47 47 47 48 12 10 16 14 20 18 19 19 8 6 12 10 8 9 2
46 47 48 48 48 10 12 14 16 18 20 17 17 6 8 10 12 8 9 2
46 47 46 47 48 12 10 16 14 20 18 19 19 8 6 12 10 8 9 2
50 51 53 54 52 6 8 10 12 14 16 18 20 2 4 6 8 6 8 9
51 53 54 52 50 6 8 10 12 14 16 18 20 2 4 6 8 6 8 9
53 54 52 50 51 8 6 12 10 16 14 20 18 4 2 8 6 6 8 9
54 52 50 51 53 6 8 10 12 14 16 18 20 2 4 6 8 6 8 9
52 50 51 53 54 8 6 12 10 16 14 20 18 4 2 8 6 6 8 9
52 53 54 54 54 6 8 10 12 14 16 18 20 2 4 6 8 6 8 9
51 52 51 52 49 6 8 10 12 14 16 18 20 2 4 6 8 6 8 9
51 51 53 53 52 6 8 10 12 14 16 18 20 2 4 6 8 6 8 9
52 51 51 53 53 8 6 12 10 16 14 20 18 4 2 8 6 6 8 9
52 51 52 53 52 8 6 12 10 16 14 20 18 4 2 8 6 6 8 9
52 52 49 49 53 8 6 12 10 16 14 20 18 4 2 8 6 6 8 9
51 51 51 51 51 8 6 12 10 16 14 20 18 4 2 8 6 6 8 9
49 51 53 54 52 6 8 10 12 14 16 18 20 2 4 6 8 6 8 9
51 52 51 51 54 8 6 12 10 16 14 20 18 4 2 8 6 6 8 9
52 49 51 53 54 6 8 10 12 14 16 18 20 2 4 6 8 6 8 9
51 51 54 51 52 8 6 12 10 16 14 20 18 4 2 8 6 6 8 9
56 57 59 60 58 2 4 6 8 10 12 14 16 18 20 18 20 10 10 10
57 59 60 58 56 2 4 6 8 10 12 14 16 18 20 18 20 10 10 10
59 60 58 56 57 4 2 8 6 12 10 16 14 20 18 20 18 10 10 10
60 58 56 57 59 2 4 6 8 10 12 14 16 18 20 18 20 10 10 10
58 56 57 59 60 4 2 8 6 12 10 16 14 20 18 20 18 10 10 10
58 59 60 60 60 2 4 6 8 10 12 14 16 18 20 18 20 10 10 10
57 58 57 58 55 2 4 6 8 10 12 14 16 18 20 18 20 10 10 10
57 57 59 59 58 2 4 6 8 10 12 14 16 18 20 18 20 10 10 10
58 57 57 59 59 4 2 8 6 12 10 16 14 20 18 20 18 10 10 10
58 57 58 59 58 4 2 8 6 12 10 16 14 20 18 20 18 10 10 10
58 58 55 55 59 4 2 8 6 12 10 16 14 20 18 20 18 10 10 10
57 57 57 57 57 4 2 8 6 12 10 16 14 20 18 20 18 10 10 10
55 57 59 60 58 2 4 6 8 10 12 14 16 18 20 18 20 10 10 10
57 58 57 57 60 4 2 8 6 12 10 16 14 20 18 20 18 10 10 10
58 55 57 59 60 2 4 6 8 10 12 14 16 18 20 18 20 10 10 10
57 57 60 57 58 4 2 8 6 12 10 16 14 20 18 20 18 10 10 10

SIZE: 87 x 20
METHOD: Six-block row decomposition construction (Theorem 21 and Appendix A.3), with t=10 five-column inputs of row sizes 6,6,6,6,6,6,6,13,16,16, and 15 added columns from factorized input pairs. The total added-column weight is 54.
MATRIX:
2 3 5 6 4 3 3 3 3 3 3 3 3 3 3 3 3 1 1 1
3 5 6 4 2 1 1 1 1 1 1 1 1 1 1 1 1 1 1 1
5 6 4 2 3 3 3 3 3 3 3 3 3 3 3 3 3 1 1 1
6 4 2 3 5 1 1 1 1 1 1 1 1 1 1 1 1 1 1 1
4 2 3 5 6 3 3 3 3 3 3 3 3 3 3 3 3 1 1 1
1 1 1 1 1 1 1 1 1 1 1 1 1 1 1 1 1 1 1 1
8 9 11 12 10 7 7 7 7 7 7 7 7 7 7 4 2 3 3 3
9 11 12 10 8 5 5 5 5 5 5 5 5 5 5 2 4 3 3 3
11 12 10 8 9 7 7 7 7 7 7 7 7 7 7 4 2 3 3 3
12 10 8 9 11 5 5 5 5 5 5 5 5 5 5 2 4 3 3 3
10 8 9 11 12 7 7 7 7 7 7 7 7 7 7 4 2 3 3 3
7 7 7 7 7 5 5 5 5 5 5 5 5 5 5 2 4 3 3 3
14 15 17 18 16 11 11 4 2 11 11 11 11 11 11 7 7 4 5 5
15 17 18 16 14 9 9 2 4 9 9 9 9 9 9 5 5 4 5 5
17 18 16 14 15 11 11 4 2 11 11 11 11 11 11 7 7 4 5 5
18 16 14 15 17 9 9 2 4 9 9 9 9 9 9 5 5 4 5 5
16 14 15 17 18 11 11 4 2 11 11 11 11 11 11 7 7 4 5 5
13 13 13 13 13 9 9 2 4 9 9 9 9 9 9 5 5 4 5 5
20 21 23 24 22 15 15 11 11 8 6 15 15 15 15 11 11 2 6 7
21 23 24 22 20 13 13 9 9 6 8 13 13 13 13 9 9 2 6 7
23 24 22 20 21 15 15 11 11 8 6 15 15 15 15 11 11 2 6 7
24 22 20 21 23 13 13 9 9 6 8 13 13 13 13 9 9 2 6 7
22 20 21 23 24 15 15 11 11 8 6 15 15 15 15 11 11 2 6 7
19 19 19 19 19 13 13 9 9 6 8 13 13 13 13 9 9 2 6 7
26 27 29 30 28 19 19 15 15 4 2 12 10 19 19 15 15 5 4 8
27 29 30 28 26 17 17 13 13 2 4 10 12 17 17 13 13 5 4 8
29 30 28 26 27 19 19 15 15 4 2 12 10 19 19 15 15 5 4 8
30 28 26 27 29 17 17 13 13 2 4 10 12 17 17 13 13 5 4 8
28 26 27 29 30 19 19 15 15 4 2 12 10 19 19 15 15 5 4 8
25 25 25 25 25 17 17 13 13 2 4 10 12 17 17 13 13 5 4 8
32 33 35 36 34 20 18 19 19 15 15 8 6 16 14 19 19 7 2 6
33 35 36 34 32 18 20 17 17 13 13 6 8 14 16 17 17 7 2 6
35 36 34 32 33 20 18 19 19 15 15 8 6 16 14 19 19 7 2 6
36 34 32 33 35 18 20 17 17 13 13 6 8 14 16 17 17 7 2 6
34 32 33 35 36 20 18 19 19 15 15 8 6 16 14 19 19 7 2 6
31 31 31 31 31 18 20 17 17 13 13 6 8 14 16 17 17 7 2 6
38 39 41 42 40 16 14 20 18 19 19 4 2 12 10 16 14 9 7 4
39 41 42 40 38 14 16 18 20 17 17 2 4 10 12 14 16 9 7 4
41 42 40 38 39 16 14 20 18 19 19 4 2 12 10 16 14 9 7 4
42 40 38 39 41 14 16 18 20 17 17 2 4 10 12 14 16 9 7 4
40 38 39 41 42 16 14 20 18 19 19 4 2 12 10 16 14 9 7 4
37 37 37 37 37 14 16 18 20 17 17 2 4 10 12 14 16 9 7 4
44 45 47 48 46 12 10 16 14 20 18 19 19 8 6 12 10 8 9 2
45 47 48 46 44 12 10 16 14 20 18 19 19 8 6 12 10 8 9 2
47 48 46 44 45 10 12 14 16 18 20 17 17 6 8 10 12 8 9 2
48 46 44 45 47 12 10 16 14 20 18 19 19 8 6 12 10 8 9 2
46 44 45 47 48 10 12 14 16 18 20 17 17 6 8 10 12 8 9 2
45 45 48 43 43 10 12 14 16 18 20 17 17 6 8 10 12 8 9 2
43 47 47 48 48 10 12 14 16 18 20 17 17 6 8 10 12 8 9 2
48 46 43 45 47 10 12 14 16 18 20 17 17 6 8 10 12 8 9 2
46 43 48 46 46 10 12 14 16 18 20 17 17 6 8 10 12 8 9 2
48 46 47 46 47 12 10 16 14 20 18 19 19 8 6 12 10 8 9 2
47 46 47 43 47 12 10 16 14 20 18 19 19 8 6 12 10 8 9 2
48 43 47 47 48 12 10 16 14 20 18 19 19 8 6 12 10 8 9 2
48 45 47 47 47 10 12 14 16 18 20 17 17 6 8 10 12 8 9 2
50 51 53 54 52 6 8 10 12 14 16 18 20 2 4 6 8 6 8 9
51 53 54 52 50 6 8 10 12 14 16 18 20 2 4 6 8 6 8 9
53 54 52 50 51 8 6 12 10 16 14 20 18 4 2 8 6 6 8 9
54 52 50 51 53 6 8 10 12 14 16 18 20 2 4 6 8 6 8 9
52 50 51 53 54 8 6 12 10 16 14 20 18 4 2 8 6 6 8 9
52 53 54 54 54 6 8 10 12 14 16 18 20 2 4 6 8 6 8 9
51 52 51 52 49 6 8 10 12 14 16 18 20 2 4 6 8 6 8 9
51 51 53 53 52 6 8 10 12 14 16 18 20 2 4 6 8 6 8 9
52 51 51 53 53 8 6 12 10 16 14 20 18 4 2 8 6 6 8 9
52 51 52 53 52 8 6 12 10 16 14 20 18 4 2 8 6 6 8 9
52 52 49 49 53 8 6 12 10 16 14 20 18 4 2 8 6 6 8 9
51 51 51 51 51 8 6 12 10 16 14 20 18 4 2 8 6 6 8 9
49 51 53 54 52 6 8 10 12 14 16 18 20 2 4 6 8 6 8 9
51 52 51 51 54 8 6 12 10 16 14 20 18 4 2 8 6 6 8 9
52 49 51 53 54 6 8 10 12 14 16 18 20 2 4 6 8 6 8 9
51 51 54 51 52 8 6 12 10 16 14 20 18 4 2 8 6 6 8 9
56 57 59 60 58 2 4 6 8 10 12 14 16 18 20 18 20 10 10 10
57 59 60 58 56 2 4 6 8 10 12 14 16 18 20 18 20 10 10 10
59 60 58 56 57 4 2 8 6 12 10 16 14 20 18 20 18 10 10 10
60 58 56 57 59 2 4 6 8 10 12 14 16 18 20 18 20 10 10 10
58 56 57 59 60 4 2 8 6 12 10 16 14 20 18 20 18 10 10 10
58 59 60 60 60 2 4 6 8 10 12 14 16 18 20 18 20 10 10 10
57 58 57 58 55 2 4 6 8 10 12 14 16 18 20 18 20 10 10 10
57 57 59 59 58 2 4 6 8 10 12 14 16 18 20 18 20 10 10 10
58 57 57 59 59 4 2 8 6 12 10 16 14 20 18 20 18 10 10 10
58 57 58 59 58 4 2 8 6 12 10 16 14 20 18 20 18 10 10 10
58 58 55 55 59 4 2 8 6 12 10 16 14 20 18 20 18 10 10 10
57 57 57 57 57 4 2 8 6 12 10 16 14 20 18 20 18 10 10 10
55 57 59 60 58 2 4 6 8 10 12 14 16 18 20 18 20 10 10 10
57 58 57 57 60 4 2 8 6 12 10 16 14 20 18 20 18 10 10 10
58 55 57 59 60 2 4 6 8 10 12 14 16 18 20 18 20 10 10 10
57 57 60 57 58 4 2 8 6 12 10 16 14 20 18 20 18 10 10 10

SIZE: 88 x 20
METHOD: Six-block row decomposition construction (Theorem 21 and Appendix A.3), with t=10 five-column inputs of row sizes 6,6,6,6,6,6,6,14,16,16, and 15 added columns from factorized input pairs. The total added-column weight is 54.
MATRIX:
2 3 5 6 4 3 3 3 3 3 3 3 3 3 3 3 3 1 1 1
3 5 6 4 2 1 1 1 1 1 1 1 1 1 1 1 1 1 1 1
5 6 4 2 3 3 3 3 3 3 3 3 3 3 3 3 3 1 1 1
6 4 2 3 5 1 1 1 1 1 1 1 1 1 1 1 1 1 1 1
4 2 3 5 6 3 3 3 3 3 3 3 3 3 3 3 3 1 1 1
1 1 1 1 1 1 1 1 1 1 1 1 1 1 1 1 1 1 1 1
8 9 11 12 10 7 7 7 7 7 7 7 7 7 7 4 2 3 3 3
9 11 12 10 8 5 5 5 5 5 5 5 5 5 5 2 4 3 3 3
11 12 10 8 9 7 7 7 7 7 7 7 7 7 7 4 2 3 3 3
12 10 8 9 11 5 5 5 5 5 5 5 5 5 5 2 4 3 3 3
10 8 9 11 12 7 7 7 7 7 7 7 7 7 7 4 2 3 3 3
7 7 7 7 7 5 5 5 5 5 5 5 5 5 5 2 4 3 3 3
14 15 17 18 16 11 11 4 2 11 11 11 11 11 11 7 7 4 5 5
15 17 18 16 14 9 9 2 4 9 9 9 9 9 9 5 5 4 5 5
17 18 16 14 15 11 11 4 2 11 11 11 11 11 11 7 7 4 5 5
18 16 14 15 17 9 9 2 4 9 9 9 9 9 9 5 5 4 5 5
16 14 15 17 18 11 11 4 2 11 11 11 11 11 11 7 7 4 5 5
13 13 13 13 13 9 9 2 4 9 9 9 9 9 9 5 5 4 5 5
20 21 23 24 22 15 15 11 11 8 6 15 15 15 15 11 11 2 6 7
21 23 24 22 20 13 13 9 9 6 8 13 13 13 13 9 9 2 6 7
23 24 22 20 21 15 15 11 11 8 6 15 15 15 15 11 11 2 6 7
24 22 20 21 23 13 13 9 9 6 8 13 13 13 13 9 9 2 6 7
22 20 21 23 24 15 15 11 11 8 6 15 15 15 15 11 11 2 6 7
19 19 19 19 19 13 13 9 9 6 8 13 13 13 13 9 9 2 6 7
26 27 29 30 28 19 19 15 15 4 2 12 10 19 19 15 15 5 4 8
27 29 30 28 26 17 17 13 13 2 4 10 12 17 17 13 13 5 4 8
29 30 28 26 27 19 19 15 15 4 2 12 10 19 19 15 15 5 4 8
30 28 26 27 29 17 17 13 13 2 4 10 12 17 17 13 13 5 4 8
28 26 27 29 30 19 19 15 15 4 2 12 10 19 19 15 15 5 4 8
25 25 25 25 25 17 17 13 13 2 4 10 12 17 17 13 13 5 4 8
32 33 35 36 34 20 18 19 19 15 15 8 6 16 14 19 19 7 2 6
33 35 36 34 32 18 20 17 17 13 13 6 8 14 16 17 17 7 2 6
35 36 34 32 33 20 18 19 19 15 15 8 6 16 14 19 19 7 2 6
36 34 32 33 35 18 20 17 17 13 13 6 8 14 16 17 17 7 2 6
34 32 33 35 36 20 18 19 19 15 15 8 6 16 14 19 19 7 2 6
31 31 31 31 31 18 20 17 17 13 13 6 8 14 16 17 17 7 2 6
38 39 41 42 40 16 14 20 18 19 19 4 2 12 10 16 14 9 7 4
39 41 42 40 38 14 16 18 20 17 17 2 4 10 12 14 16 9 7 4
41 42 40 38 39 16 14 20 18 19 19 4 2 12 10 16 14 9 7 4
42 40 38 39 41 14 16 18 20 17 17 2 4 10 12 14 16 9 7 4
40 38 39 41 42 16 14 20 18 19 19 4 2 12 10 16 14 9 7 4
37 37 37 37 37 14 16 18 20 17 17 2 4 10 12 14 16 9 7 4
44 45 47 48 46 10 12 14 16 18 20 17 17 6 8 10 12 8 9 2
45 47 48 46 44 10 12 14 16 18 20 17 17 6 8 10 12 8 9 2
47 48 46 44 45 12 10 16 14 20 18 19 19 8 6 12 10 8 9 2
48 46 44 45 47 12 10 16 14 20 18 19 19 8 6 12 10 8 9 2
46 44 45 47 48 10 12 14 16 18 20 17 17 6 8 10 12 8 9 2
48 43 43 45 45 12 10 16 14 20 18 19 19 8 6 12 10 8 9 2
47 48 48 48 46 12 10 16 14 20 18 19 19 8 6 12 10 8 9 2
43 47 47 46 47 12 10 16 14 20 18 19 19 8 6 12 10 8 9 2
47 47 48 48 43 12 10 16 14 20 18 19 19 8 6 12 10 8 9 2
48 48 46 46 45 12 10 16 14 20 18 19 19 8 6 12 10 8 9 2
47 48 46 47 46 10 12 14 16 18 20 17 17 6 8 10 12 8 9 2
47 48 45 48 45 10 12 14 16 18 20 17 17 6 8 10 12 8 9 2
47 48 46 43 45 10 12 14 16 18 20 17 17 6 8 10 12 8 9 2
47 48 45 47 47 10 12 14 16 18 20 17 17 6 8 10 12 8 9 2
50 51 53 54 52 6 8 10 12 14 16 18 20 2 4 6 8 6 8 9
51 53 54 52 50 6 8 10 12 14 16 18 20 2 4 6 8 6 8 9
53 54 52 50 51 8 6 12 10 16 14 20 18 4 2 8 6 6 8 9
54 52 50 51 53 6 8 10 12 14 16 18 20 2 4 6 8 6 8 9
52 50 51 53 54 8 6 12 10 16 14 20 18 4 2 8 6 6 8 9
52 53 54 54 54 6 8 10 12 14 16 18 20 2 4 6 8 6 8 9
51 52 51 52 49 6 8 10 12 14 16 18 20 2 4 6 8 6 8 9
51 51 53 53 52 6 8 10 12 14 16 18 20 2 4 6 8 6 8 9
52 51 51 53 53 8 6 12 10 16 14 20 18 4 2 8 6 6 8 9
52 51 52 53 52 8 6 12 10 16 14 20 18 4 2 8 6 6 8 9
52 52 49 49 53 8 6 12 10 16 14 20 18 4 2 8 6 6 8 9
51 51 51 51 51 8 6 12 10 16 14 20 18 4 2 8 6 6 8 9
49 51 53 54 52 6 8 10 12 14 16 18 20 2 4 6 8 6 8 9
51 52 51 51 54 8 6 12 10 16 14 20 18 4 2 8 6 6 8 9
52 49 51 53 54 6 8 10 12 14 16 18 20 2 4 6 8 6 8 9
51 51 54 51 52 8 6 12 10 16 14 20 18 4 2 8 6 6 8 9
56 57 59 60 58 2 4 6 8 10 12 14 16 18 20 18 20 10 10 10
57 59 60 58 56 2 4 6 8 10 12 14 16 18 20 18 20 10 10 10
59 60 58 56 57 4 2 8 6 12 10 16 14 20 18 20 18 10 10 10
60 58 56 57 59 2 4 6 8 10 12 14 16 18 20 18 20 10 10 10
58 56 57 59 60 4 2 8 6 12 10 16 14 20 18 20 18 10 10 10
58 59 60 60 60 2 4 6 8 10 12 14 16 18 20 18 20 10 10 10
57 58 57 58 55 2 4 6 8 10 12 14 16 18 20 18 20 10 10 10
57 57 59 59 58 2 4 6 8 10 12 14 16 18 20 18 20 10 10 10
58 57 57 59 59 4 2 8 6 12 10 16 14 20 18 20 18 10 10 10
58 57 58 59 58 4 2 8 6 12 10 16 14 20 18 20 18 10 10 10
58 58 55 55 59 4 2 8 6 12 10 16 14 20 18 20 18 10 10 10
57 57 57 57 57 4 2 8 6 12 10 16 14 20 18 20 18 10 10 10
55 57 59 60 58 2 4 6 8 10 12 14 16 18 20 18 20 10 10 10
57 58 57 57 60 4 2 8 6 12 10 16 14 20 18 20 18 10 10 10
58 55 57 59 60 2 4 6 8 10 12 14 16 18 20 18 20 10 10 10
57 57 60 57 58 4 2 8 6 12 10 16 14 20 18 20 18 10 10 10

SIZE: 89 x 20
METHOD: Six-block row decomposition construction (Theorem 21 and Appendix A.3), with t=10 five-column inputs of row sizes 6,6,6,6,6,6,6,15,16,16, and 15 added columns from factorized input pairs. The total added-column weight is 54.
MATRIX:
2 3 5 6 4 3 3 3 3 3 3 3 3 3 3 3 3 1 1 1
3 5 6 4 2 1 1 1 1 1 1 1 1 1 1 1 1 1 1 1
5 6 4 2 3 3 3 3 3 3 3 3 3 3 3 3 3 1 1 1
6 4 2 3 5 1 1 1 1 1 1 1 1 1 1 1 1 1 1 1
4 2 3 5 6 3 3 3 3 3 3 3 3 3 3 3 3 1 1 1
1 1 1 1 1 1 1 1 1 1 1 1 1 1 1 1 1 1 1 1
8 9 11 12 10 7 7 7 7 7 7 7 7 7 7 4 2 3 3 3
9 11 12 10 8 5 5 5 5 5 5 5 5 5 5 2 4 3 3 3
11 12 10 8 9 7 7 7 7 7 7 7 7 7 7 4 2 3 3 3
12 10 8 9 11 5 5 5 5 5 5 5 5 5 5 2 4 3 3 3
10 8 9 11 12 7 7 7 7 7 7 7 7 7 7 4 2 3 3 3
7 7 7 7 7 5 5 5 5 5 5 5 5 5 5 2 4 3 3 3
14 15 17 18 16 11 11 4 2 11 11 11 11 11 11 7 7 4 5 5
15 17 18 16 14 9 9 2 4 9 9 9 9 9 9 5 5 4 5 5
17 18 16 14 15 11 11 4 2 11 11 11 11 11 11 7 7 4 5 5
18 16 14 15 17 9 9 2 4 9 9 9 9 9 9 5 5 4 5 5
16 14 15 17 18 11 11 4 2 11 11 11 11 11 11 7 7 4 5 5
13 13 13 13 13 9 9 2 4 9 9 9 9 9 9 5 5 4 5 5
20 21 23 24 22 15 15 11 11 8 6 15 15 15 15 11 11 2 6 7
21 23 24 22 20 13 13 9 9 6 8 13 13 13 13 9 9 2 6 7
23 24 22 20 21 15 15 11 11 8 6 15 15 15 15 11 11 2 6 7
24 22 20 21 23 13 13 9 9 6 8 13 13 13 13 9 9 2 6 7
22 20 21 23 24 15 15 11 11 8 6 15 15 15 15 11 11 2 6 7
19 19 19 19 19 13 13 9 9 6 8 13 13 13 13 9 9 2 6 7
26 27 29 30 28 19 19 15 15 4 2 12 10 19 19 15 15 5 4 8
27 29 30 28 26 17 17 13 13 2 4 10 12 17 17 13 13 5 4 8
29 30 28 26 27 19 19 15 15 4 2 12 10 19 19 15 15 5 4 8
30 28 26 27 29 17 17 13 13 2 4 10 12 17 17 13 13 5 4 8
28 26 27 29 30 19 19 15 15 4 2 12 10 19 19 15 15 5 4 8
25 25 25 25 25 17 17 13 13 2 4 10 12 17 17 13 13 5 4 8
32 33 35 36 34 20 18 19 19 15 15 8 6 16 14 19 19 7 2 6
33 35 36 34 32 18 20 17 17 13 13 6 8 14 16 17 17 7 2 6
35 36 34 32 33 20 18 19 19 15 15 8 6 16 14 19 19 7 2 6
36 34 32 33 35 18 20 17 17 13 13 6 8 14 16 17 17 7 2 6
34 32 33 35 36 20 18 19 19 15 15 8 6 16 14 19 19 7 2 6
31 31 31 31 31 18 20 17 17 13 13 6 8 14 16 17 17 7 2 6
38 39 41 42 40 16 14 20 18 19 19 4 2 12 10 16 14 9 7 4
39 41 42 40 38 14 16 18 20 17 17 2 4 10 12 14 16 9 7 4
41 42 40 38 39 16 14 20 18 19 19 4 2 12 10 16 14 9 7 4
42 40 38 39 41 14 16 18 20 17 17 2 4 10 12 14 16 9 7 4
40 38 39 41 42 16 14 20 18 19 19 4 2 12 10 16 14 9 7 4
37 37 37 37 37 14 16 18 20 17 17 2 4 10 12 14 16 9 7 4
44 45 47 48 46 12 10 16 14 20 18 19 19 8 6 12 10 8 9 2
45 47 48 46 44 10 12 14 16 18 20 17 17 6 8 10 12 8 9 2
47 48 46 44 45 12 10 16 14 20 18 19 19 8 6 12 10 8 9 2
48 46 44 45 47 10 12 14 16 18 20 17 17 6 8 10 12 8 9 2
46 44 45 47 48 10 12 14 16 18 20 17 17 6 8 10 12 8 9 2
48 46 47 46 47 12 10 16 14 20 18 19 19 8 6 12 10 8 9 2
43 47 43 45 47 10 12 14 16 18 20 17 17 6 8 10 12 8 9 2
47 48 45 48 45 10 12 14 16 18 20 17 17 6 8 10 12 8 9 2
47 48 46 43 45 10 12 14 16 18 20 17 17 6 8 10 12 8 9 2
45 47 48 46 43 10 12 14 16 18 20 17 17 6 8 10 12 8 9 2
46 43 48 46 46 12 10 16 14 20 18 19 19 8 6 12 10 8 9 2
45 48 45 47 48 12 10 16 14 20 18 19 19 8 6 12 10 8 9 2
48 46 47 48 48 12 10 16 14 20 18 19 19 8 6 12 10 8 9 2
45 47 48 45 48 10 12 14 16 18 20 17 17 6 8 10 12 8 9 2
45 47 47 47 48 12 10 16 14 20 18 19 19 8 6 12 10 8 9 2
50 51 53 54 52 6 8 10 12 14 16 18 20 2 4 6 8 6 8 9
51 53 54 52 50 6 8 10 12 14 16 18 20 2 4 6 8 6 8 9
53 54 52 50 51 8 6 12 10 16 14 20 18 4 2 8 6 6 8 9
54 52 50 51 53 6 8 10 12 14 16 18 20 2 4 6 8 6 8 9
52 50 51 53 54 8 6 12 10 16 14 20 18 4 2 8 6 6 8 9
52 53 54 54 54 6 8 10 12 14 16 18 20 2 4 6 8 6 8 9
51 52 51 52 49 6 8 10 12 14 16 18 20 2 4 6 8 6 8 9
51 51 53 53 52 6 8 10 12 14 16 18 20 2 4 6 8 6 8 9
52 51 51 53 53 8 6 12 10 16 14 20 18 4 2 8 6 6 8 9
52 51 52 53 52 8 6 12 10 16 14 20 18 4 2 8 6 6 8 9
52 52 49 49 53 8 6 12 10 16 14 20 18 4 2 8 6 6 8 9
51 51 51 51 51 8 6 12 10 16 14 20 18 4 2 8 6 6 8 9
49 51 53 54 52 6 8 10 12 14 16 18 20 2 4 6 8 6 8 9
51 52 51 51 54 8 6 12 10 16 14 20 18 4 2 8 6 6 8 9
52 49 51 53 54 6 8 10 12 14 16 18 20 2 4 6 8 6 8 9
51 51 54 51 52 8 6 12 10 16 14 20 18 4 2 8 6 6 8 9
56 57 59 60 58 2 4 6 8 10 12 14 16 18 20 18 20 10 10 10
57 59 60 58 56 2 4 6 8 10 12 14 16 18 20 18 20 10 10 10
59 60 58 56 57 4 2 8 6 12 10 16 14 20 18 20 18 10 10 10
60 58 56 57 59 2 4 6 8 10 12 14 16 18 20 18 20 10 10 10
58 56 57 59 60 4 2 8 6 12 10 16 14 20 18 20 18 10 10 10
58 59 60 60 60 2 4 6 8 10 12 14 16 18 20 18 20 10 10 10
57 58 57 58 55 2 4 6 8 10 12 14 16 18 20 18 20 10 10 10
57 57 59 59 58 2 4 6 8 10 12 14 16 18 20 18 20 10 10 10
58 57 57 59 59 4 2 8 6 12 10 16 14 20 18 20 18 10 10 10
58 57 58 59 58 4 2 8 6 12 10 16 14 20 18 20 18 10 10 10
58 58 55 55 59 4 2 8 6 12 10 16 14 20 18 20 18 10 10 10
57 57 57 57 57 4 2 8 6 12 10 16 14 20 18 20 18 10 10 10
55 57 59 60 58 2 4 6 8 10 12 14 16 18 20 18 20 10 10 10
57 58 57 57 60 4 2 8 6 12 10 16 14 20 18 20 18 10 10 10
58 55 57 59 60 2 4 6 8 10 12 14 16 18 20 18 20 10 10 10
57 57 60 57 58 4 2 8 6 12 10 16 14 20 18 20 18 10 10 10

SIZE: 90 x 20
METHOD: Six-block row decomposition construction (Theorem 21 and Appendix A.3), with t=10 five-column inputs of row sizes 6,6,6,6,6,6,6,16,16,16, and 15 added columns from factorized input pairs. The total added-column weight is 54.
MATRIX:
2 3 5 6 4 3 3 3 3 3 3 3 3 3 3 3 3 1 1 1
3 5 6 4 2 1 1 1 1 1 1 1 1 1 1 1 1 1 1 1
5 6 4 2 3 3 3 3 3 3 3 3 3 3 3 3 3 1 1 1
6 4 2 3 5 1 1 1 1 1 1 1 1 1 1 1 1 1 1 1
4 2 3 5 6 3 3 3 3 3 3 3 3 3 3 3 3 1 1 1
1 1 1 1 1 1 1 1 1 1 1 1 1 1 1 1 1 1 1 1
8 9 11 12 10 7 7 7 7 7 7 7 7 7 7 4 2 3 3 3
9 11 12 10 8 5 5 5 5 5 5 5 5 5 5 2 4 3 3 3
11 12 10 8 9 7 7 7 7 7 7 7 7 7 7 4 2 3 3 3
12 10 8 9 11 5 5 5 5 5 5 5 5 5 5 2 4 3 3 3
10 8 9 11 12 7 7 7 7 7 7 7 7 7 7 4 2 3 3 3
7 7 7 7 7 5 5 5 5 5 5 5 5 5 5 2 4 3 3 3
14 15 17 18 16 11 11 4 2 11 11 11 11 11 11 7 7 4 5 5
15 17 18 16 14 9 9 2 4 9 9 9 9 9 9 5 5 4 5 5
17 18 16 14 15 11 11 4 2 11 11 11 11 11 11 7 7 4 5 5
18 16 14 15 17 9 9 2 4 9 9 9 9 9 9 5 5 4 5 5
16 14 15 17 18 11 11 4 2 11 11 11 11 11 11 7 7 4 5 5
13 13 13 13 13 9 9 2 4 9 9 9 9 9 9 5 5 4 5 5
20 21 23 24 22 15 15 11 11 8 6 15 15 15 15 11 11 2 6 7
21 23 24 22 20 13 13 9 9 6 8 13 13 13 13 9 9 2 6 7
23 24 22 20 21 15 15 11 11 8 6 15 15 15 15 11 11 2 6 7
24 22 20 21 23 13 13 9 9 6 8 13 13 13 13 9 9 2 6 7
22 20 21 23 24 15 15 11 11 8 6 15 15 15 15 11 11 2 6 7
19 19 19 19 19 13 13 9 9 6 8 13 13 13 13 9 9 2 6 7
26 27 29 30 28 19 19 15 15 4 2 12 10 19 19 15 15 5 4 8
27 29 30 28 26 17 17 13 13 2 4 10 12 17 17 13 13 5 4 8
29 30 28 26 27 19 19 15 15 4 2 12 10 19 19 15 15 5 4 8
30 28 26 27 29 17 17 13 13 2 4 10 12 17 17 13 13 5 4 8
28 26 27 29 30 19 19 15 15 4 2 12 10 19 19 15 15 5 4 8
25 25 25 25 25 17 17 13 13 2 4 10 12 17 17 13 13 5 4 8
32 33 35 36 34 20 18 19 19 15 15 8 6 16 14 19 19 7 2 6
33 35 36 34 32 18 20 17 17 13 13 6 8 14 16 17 17 7 2 6
35 36 34 32 33 20 18 19 19 15 15 8 6 16 14 19 19 7 2 6
36 34 32 33 35 18 20 17 17 13 13 6 8 14 16 17 17 7 2 6
34 32 33 35 36 20 18 19 19 15 15 8 6 16 14 19 19 7 2 6
31 31 31 31 31 18 20 17 17 13 13 6 8 14 16 17 17 7 2 6
38 39 41 42 40 16 14 20 18 19 19 4 2 12 10 16 14 9 7 4
39 41 42 40 38 14 16 18 20 17 17 2 4 10 12 14 16 9 7 4
41 42 40 38 39 16 14 20 18 19 19 4 2 12 10 16 14 9 7 4
42 40 38 39 41 14 16 18 20 17 17 2 4 10 12 14 16 9 7 4
40 38 39 41 42 16 14 20 18 19 19 4 2 12 10 16 14 9 7 4
37 37 37 37 37 14 16 18 20 17 17 2 4 10 12 14 16 9 7 4
44 45 47 48 46 10 12 14 16 18 20 17 17 6 8 10 12 8 9 2
45 47 48 46 44 10 12 14 16 18 20 17 17 6 8 10 12 8 9 2
47 48 46 44 45 12 10 16 14 20 18 19 19 8 6 12 10 8 9 2
48 46 44 45 47 10 12 14 16 18 20 17 17 6 8 10 12 8 9 2
46 44 45 47 48 12 10 16 14 20 18 19 19 8 6 12 10 8 9 2
46 47 48 48 48 10 12 14 16 18 20 17 17 6 8 10 12 8 9 2
45 46 45 46 43 10 12 14 16 18 20 17 17 6 8 10 12 8 9 2
45 45 47 47 46 10 12 14 16 18 20 17 17 6 8 10 12 8 9 2
46 45 45 47 47 12 10 16 14 20 18 19 19 8 6 12 10 8 9 2
46 45 46 47 46 12 10 16 14 20 18 19 19 8 6 12 10 8 9 2
46 46 43 43 47 12 10 16 14 20 18 19 19 8 6 12 10 8 9 2
45 45 45 45 45 12 10 16 14 20 18 19 19 8 6 12 10 8 9 2
43 45 47 48 46 10 12 14 16 18 20 17 17 6 8 10 12 8 9 2
45 46 45 45 48 12 10 16 14 20 18 19 19 8 6 12 10 8 9 2
46 43 45 47 48 10 12 14 16 18 20 17 17 6 8 10 12 8 9 2
45 45 48 45 46 12 10 16 14 20 18 19 19 8 6 12 10 8 9 2
50 51 53 54 52 6 8 10 12 14 16 18 20 2 4 6 8 6 8 9
51 53 54 52 50 6 8 10 12 14 16 18 20 2 4 6 8 6 8 9
53 54 52 50 51 8 6 12 10 16 14 20 18 4 2 8 6 6 8 9
54 52 50 51 53 6 8 10 12 14 16 18 20 2 4 6 8 6 8 9
52 50 51 53 54 8 6 12 10 16 14 20 18 4 2 8 6 6 8 9
52 53 54 54 54 6 8 10 12 14 16 18 20 2 4 6 8 6 8 9
51 52 51 52 49 6 8 10 12 14 16 18 20 2 4 6 8 6 8 9
51 51 53 53 52 6 8 10 12 14 16 18 20 2 4 6 8 6 8 9
52 51 51 53 53 8 6 12 10 16 14 20 18 4 2 8 6 6 8 9
52 51 52 53 52 8 6 12 10 16 14 20 18 4 2 8 6 6 8 9
52 52 49 49 53 8 6 12 10 16 14 20 18 4 2 8 6 6 8 9
51 51 51 51 51 8 6 12 10 16 14 20 18 4 2 8 6 6 8 9
49 51 53 54 52 6 8 10 12 14 16 18 20 2 4 6 8 6 8 9
51 52 51 51 54 8 6 12 10 16 14 20 18 4 2 8 6 6 8 9
52 49 51 53 54 6 8 10 12 14 16 18 20 2 4 6 8 6 8 9
51 51 54 51 52 8 6 12 10 16 14 20 18 4 2 8 6 6 8 9
56 57 59 60 58 2 4 6 8 10 12 14 16 18 20 18 20 10 10 10
57 59 60 58 56 2 4 6 8 10 12 14 16 18 20 18 20 10 10 10
59 60 58 56 57 4 2 8 6 12 10 16 14 20 18 20 18 10 10 10
60 58 56 57 59 2 4 6 8 10 12 14 16 18 20 18 20 10 10 10
58 56 57 59 60 4 2 8 6 12 10 16 14 20 18 20 18 10 10 10
58 59 60 60 60 2 4 6 8 10 12 14 16 18 20 18 20 10 10 10
57 58 57 58 55 2 4 6 8 10 12 14 16 18 20 18 20 10 10 10
57 57 59 59 58 2 4 6 8 10 12 14 16 18 20 18 20 10 10 10
58 57 57 59 59 4 2 8 6 12 10 16 14 20 18 20 18 10 10 10
58 57 58 59 58 4 2 8 6 12 10 16 14 20 18 20 18 10 10 10
58 58 55 55 59 4 2 8 6 12 10 16 14 20 18 20 18 10 10 10
57 57 57 57 57 4 2 8 6 12 10 16 14 20 18 20 18 10 10 10
55 57 59 60 58 2 4 6 8 10 12 14 16 18 20 18 20 10 10 10
57 58 57 57 60 4 2 8 6 12 10 16 14 20 18 20 18 10 10 10
58 55 57 59 60 2 4 6 8 10 12 14 16 18 20 18 20 10 10 10
57 57 60 57 58 4 2 8 6 12 10 16 14 20 18 20 18 10 10 10

SIZE: 91 x 20
METHOD: Six-block row decomposition construction (Theorem 21 and Appendix A.3), with t=10 five-column inputs of row sizes 6,6,6,6,6,6,8,15,16,16, and 15 added columns from factorized input pairs. The total added-column weight is 54.
MATRIX:
2 3 5 6 4 3 3 3 3 3 3 3 3 3 3 3 3 1 1 1
3 5 6 4 2 1 1 1 1 1 1 1 1 1 1 1 1 1 1 1
5 6 4 2 3 3 3 3 3 3 3 3 3 3 3 3 3 1 1 1
6 4 2 3 5 1 1 1 1 1 1 1 1 1 1 1 1 1 1 1
4 2 3 5 6 3 3 3 3 3 3 3 3 3 3 3 3 1 1 1
1 1 1 1 1 1 1 1 1 1 1 1 1 1 1 1 1 1 1 1
8 9 11 12 10 7 7 7 7 7 7 7 7 7 7 4 2 3 3 3
9 11 12 10 8 5 5 5 5 5 5 5 5 5 5 2 4 3 3 3
11 12 10 8 9 7 7 7 7 7 7 7 7 7 7 4 2 3 3 3
12 10 8 9 11 5 5 5 5 5 5 5 5 5 5 2 4 3 3 3
10 8 9 11 12 7 7 7 7 7 7 7 7 7 7 4 2 3 3 3
7 7 7 7 7 5 5 5 5 5 5 5 5 5 5 2 4 3 3 3
14 15 17 18 16 11 11 4 2 11 11 11 11 11 11 7 7 4 5 5
15 17 18 16 14 9 9 2 4 9 9 9 9 9 9 5 5 4 5 5
17 18 16 14 15 11 11 4 2 11 11 11 11 11 11 7 7 4 5 5
18 16 14 15 17 9 9 2 4 9 9 9 9 9 9 5 5 4 5 5
16 14 15 17 18 11 11 4 2 11 11 11 11 11 11 7 7 4 5 5
13 13 13 13 13 9 9 2 4 9 9 9 9 9 9 5 5 4 5 5
20 21 23 24 22 15 15 11 11 8 6 15 15 15 15 11 11 2 6 7
21 23 24 22 20 13 13 9 9 6 8 13 13 13 13 9 9 2 6 7
23 24 22 20 21 15 15 11 11 8 6 15 15 15 15 11 11 2 6 7
24 22 20 21 23 13 13 9 9 6 8 13 13 13 13 9 9 2 6 7
22 20 21 23 24 15 15 11 11 8 6 15 15 15 15 11 11 2 6 7
19 19 19 19 19 13 13 9 9 6 8 13 13 13 13 9 9 2 6 7
26 27 29 30 28 19 19 15 15 4 2 12 10 19 19 15 15 5 4 8
27 29 30 28 26 17 17 13 13 2 4 10 12 17 17 13 13 5 4 8
29 30 28 26 27 19 19 15 15 4 2 12 10 19 19 15 15 5 4 8
30 28 26 27 29 17 17 13 13 2 4 10 12 17 17 13 13 5 4 8
28 26 27 29 30 19 19 15 15 4 2 12 10 19 19 15 15 5 4 8
25 25 25 25 25 17 17 13 13 2 4 10 12 17 17 13 13 5 4 8
32 33 35 36 34 20 18 19 19 15 15 8 6 16 14 19 19 7 2 6
33 35 36 34 32 18 20 17 17 13 13 6 8 14 16 17 17 7 2 6
35 36 34 32 33 20 18 19 19 15 15 8 6 16 14 19 19 7 2 6
36 34 32 33 35 18 20 17 17 13 13 6 8 14 16 17 17 7 2 6
34 32 33 35 36 20 18 19 19 15 15 8 6 16 14 19 19 7 2 6
31 31 31 31 31 18 20 17 17 13 13 6 8 14 16 17 17 7 2 6
37 37 37 37 37 14 16 18 20 17 17 2 4 10 12 14 16 9 7 4
37 38 39 39 39 16 14 20 18 19 19 4 2 12 10 16 14 9 7 4
38 39 41 41 41 14 16 18 20 17 17 2 4 10 12 14 16 9 7 4
38 40 43 43 43 16 14 20 18 19 19 4 2 12 10 16 14 9 7 4
39 39 42 38 40 16 14 20 18 19 19 4 2 12 10 16 14 9 7 4
39 40 44 40 38 14 16 18 20 17 17 2 4 10 12 14 16 9 7 4
40 37 38 42 44 16 14 20 18 19 19 4 2 12 10 16 14 9 7 4
40 38 40 44 42 16 14 20 18 19 19 4 2 12 10 16 14 9 7 4
42 43 49 50 48 12 10 16 14 20 18 19 19 8 6 12 10 8 9 2
43 45 50 48 46 10 12 14 16 18 20 17 17 6 8 10 12 8 9 2
45 46 48 46 47 12 10 16 14 20 18 19 19 8 6 12 10 8 9 2
46 44 46 47 49 10 12 14 16 18 20 17 17 6 8 10 12 8 9 2
44 42 47 49 50 10 12 14 16 18 20 17 17 6 8 10 12 8 9 2
46 44 49 48 49 12 10 16 14 20 18 19 19 8 6 12 10 8 9 2
41 45 45 47 49 10 12 14 16 18 20 17 17 6 8 10 12 8 9 2
45 46 47 50 47 10 12 14 16 18 20 17 17 6 8 10 12 8 9 2
45 46 48 45 47 10 12 14 16 18 20 17 17 6 8 10 12 8 9 2
43 45 50 48 45 10 12 14 16 18 20 17 17 6 8 10 12 8 9 2
44 41 50 48 48 12 10 16 14 20 18 19 19 8 6 12 10 8 9 2
43 46 47 49 50 12 10 16 14 20 18 19 19 8 6 12 10 8 9 2
46 44 49 50 50 12 10 16 14 20 18 19 19 8 6 12 10 8 9 2
43 45 50 47 50 10 12 14 16 18 20 17 17 6 8 10 12 8 9 2
43 45 49 49 50 12 10 16 14 20 18 19 19 8 6 12 10 8 9 2
48 49 55 56 54 6 8 10 12 14 16 18 20 2 4 6 8 6 8 9
49 51 56 54 52 6 8 10 12 14 16 18 20 2 4 6 8 6 8 9
51 52 54 52 53 8 6 12 10 16 14 20 18 4 2 8 6 6 8 9
52 50 52 53 55 6 8 10 12 14 16 18 20 2 4 6 8 6 8 9
50 48 53 55 56 8 6 12 10 16 14 20 18 4 2 8 6 6 8 9
50 51 56 56 56 6 8 10 12 14 16 18 20 2 4 6 8 6 8 9
49 50 53 54 51 6 8 10 12 14 16 18 20 2 4 6 8 6 8 9
49 49 55 55 54 6 8 10 12 14 16 18 20 2 4 6 8 6 8 9
50 49 53 55 55 8 6 12 10 16 14 20 18 4 2 8 6 6 8 9
50 49 54 55 54 8 6 12 10 16 14 20 18 4 2 8 6 6 8 9
50 50 51 51 55 8 6 12 10 16 14 20 18 4 2 8 6 6 8 9
49 49 53 53 53 8 6 12 10 16 14 20 18 4 2 8 6 6 8 9
47 49 55 56 54 6 8 10 12 14 16 18 20 2 4 6 8 6 8 9
49 50 53 53 56 8 6 12 10 16 14 20 18 4 2 8 6 6 8 9
50 47 53 55 56 6 8 10 12 14 16 18 20 2 4 6 8 6 8 9
49 49 56 53 54 8 6 12 10 16 14 20 18 4 2 8 6 6 8 9
54 55 61 62 60 2 4 6 8 10 12 14 16 18 20 18 20 10 10 10
55 57 62 60 58 2 4 6 8 10 12 14 16 18 20 18 20 10 10 10
57 58 60 58 59 4 2 8 6 12 10 16 14 20 18 20 18 10 10 10
58 56 58 59 61 2 4 6 8 10 12 14 16 18 20 18 20 10 10 10
56 54 59 61 62 4 2 8 6 12 10 16 14 20 18 20 18 10 10 10
56 57 62 62 62 2 4 6 8 10 12 14 16 18 20 18 20 10 10 10
55 56 59 60 57 2 4 6 8 10 12 14 16 18 20 18 20 10 10 10
55 55 61 61 60 2 4 6 8 10 12 14 16 18 20 18 20 10 10 10
56 55 59 61 61 4 2 8 6 12 10 16 14 20 18 20 18 10 10 10
56 55 60 61 60 4 2 8 6 12 10 16 14 20 18 20 18 10 10 10
56 56 57 57 61 4 2 8 6 12 10 16 14 20 18 20 18 10 10 10
55 55 59 59 59 4 2 8 6 12 10 16 14 20 18 20 18 10 10 10
53 55 61 62 60 2 4 6 8 10 12 14 16 18 20 18 20 10 10 10
55 56 59 59 62 4 2 8 6 12 10 16 14 20 18 20 18 10 10 10
56 53 59 61 62 2 4 6 8 10 12 14 16 18 20 18 20 10 10 10
55 55 62 59 60 4 2 8 6 12 10 16 14 20 18 20 18 10 10 10

SIZE: 92 x 20
METHOD: Six-block row decomposition construction (Theorem 21 and Appendix A.3), with t=10 five-column inputs of row sizes 6,6,6,6,6,6,8,16,16,16, and 15 added columns from factorized input pairs. The total added-column weight is 54.
MATRIX:
2 3 5 6 4 3 3 3 3 3 3 3 3 3 3 3 3 1 1 1
3 5 6 4 2 1 1 1 1 1 1 1 1 1 1 1 1 1 1 1
5 6 4 2 3 3 3 3 3 3 3 3 3 3 3 3 3 1 1 1
6 4 2 3 5 1 1 1 1 1 1 1 1 1 1 1 1 1 1 1
4 2 3 5 6 3 3 3 3 3 3 3 3 3 3 3 3 1 1 1
1 1 1 1 1 1 1 1 1 1 1 1 1 1 1 1 1 1 1 1
8 9 11 12 10 7 7 7 7 7 7 7 7 7 7 4 2 3 3 3
9 11 12 10 8 5 5 5 5 5 5 5 5 5 5 2 4 3 3 3
11 12 10 8 9 7 7 7 7 7 7 7 7 7 7 4 2 3 3 3
12 10 8 9 11 5 5 5 5 5 5 5 5 5 5 2 4 3 3 3
10 8 9 11 12 7 7 7 7 7 7 7 7 7 7 4 2 3 3 3
7 7 7 7 7 5 5 5 5 5 5 5 5 5 5 2 4 3 3 3
14 15 17 18 16 11 11 4 2 11 11 11 11 11 11 7 7 4 5 5
15 17 18 16 14 9 9 2 4 9 9 9 9 9 9 5 5 4 5 5
17 18 16 14 15 11 11 4 2 11 11 11 11 11 11 7 7 4 5 5
18 16 14 15 17 9 9 2 4 9 9 9 9 9 9 5 5 4 5 5
16 14 15 17 18 11 11 4 2 11 11 11 11 11 11 7 7 4 5 5
13 13 13 13 13 9 9 2 4 9 9 9 9 9 9 5 5 4 5 5
20 21 23 24 22 15 15 11 11 8 6 15 15 15 15 11 11 2 6 7
21 23 24 22 20 13 13 9 9 6 8 13 13 13 13 9 9 2 6 7
23 24 22 20 21 15 15 11 11 8 6 15 15 15 15 11 11 2 6 7
24 22 20 21 23 13 13 9 9 6 8 13 13 13 13 9 9 2 6 7
22 20 21 23 24 15 15 11 11 8 6 15 15 15 15 11 11 2 6 7
19 19 19 19 19 13 13 9 9 6 8 13 13 13 13 9 9 2 6 7
26 27 29 30 28 19 19 15 15 4 2 12 10 19 19 15 15 5 4 8
27 29 30 28 26 17 17 13 13 2 4 10 12 17 17 13 13 5 4 8
29 30 28 26 27 19 19 15 15 4 2 12 10 19 19 15 15 5 4 8
30 28 26 27 29 17 17 13 13 2 4 10 12 17 17 13 13 5 4 8
28 26 27 29 30 19 19 15 15 4 2 12 10 19 19 15 15 5 4 8
25 25 25 25 25 17 17 13 13 2 4 10 12 17 17 13 13 5 4 8
32 33 35 36 34 20 18 19 19 15 15 8 6 16 14 19 19 7 2 6
33 35 36 34 32 18 20 17 17 13 13 6 8 14 16 17 17 7 2 6
35 36 34 32 33 20 18 19 19 15 15 8 6 16 14 19 19 7 2 6
36 34 32 33 35 18 20 17 17 13 13 6 8 14 16 17 17 7 2 6
34 32 33 35 36 20 18 19 19 15 15 8 6 16 14 19 19 7 2 6
31 31 31 31 31 18 20 17 17 13 13 6 8 14 16 17 17 7 2 6
37 37 37 37 37 14 16 18 20 17 17 2 4 10 12 14 16 9 7 4
37 38 39 39 39 16 14 20 18 19 19 4 2 12 10 16 14 9 7 4
38 39 41 41 41 14 16 18 20 17 17 2 4 10 12 14 16 9 7 4
38 40 43 43 43 16 14 20 18 19 19 4 2 12 10 16 14 9 7 4
39 39 42 38 40 16 14 20 18 19 19 4 2 12 10 16 14 9 7 4
39 40 44 40 38 14 16 18 20 17 17 2 4 10 12 14 16 9 7 4
40 37 38 42 44 16 14 20 18 19 19 4 2 12 10 16 14 9 7 4
40 38 40 44 42 16 14 20 18 19 19 4 2 12 10 16 14 9 7 4
42 43 49 50 48 10 12 14 16 18 20 17 17 6 8 10 12 8 9 2
43 45 50 48 46 10 12 14 16 18 20 17 17 6 8 10 12 8 9 2
45 46 48 46 47 12 10 16 14 20 18 19 19 8 6 12 10 8 9 2
46 44 46 47 49 10 12 14 16 18 20 17 17 6 8 10 12 8 9 2
44 42 47 49 50 12 10 16 14 20 18 19 19 8 6 12 10 8 9 2
44 45 50 50 50 10 12 14 16 18 20 17 17 6 8 10 12 8 9 2
43 44 47 48 45 10 12 14 16 18 20 17 17 6 8 10 12 8 9 2
43 43 49 49 48 10 12 14 16 18 20 17 17 6 8 10 12 8 9 2
44 43 47 49 49 12 10 16 14 20 18 19 19 8 6 12 10 8 9 2
44 43 48 49 48 12 10 16 14 20 18 19 19 8 6 12 10 8 9 2
44 44 45 45 49 12 10 16 14 20 18 19 19 8 6 12 10 8 9 2
43 43 47 47 47 12 10 16 14 20 18 19 19 8 6 12 10 8 9 2
41 43 49 50 48 10 12 14 16 18 20 17 17 6 8 10 12 8 9 2
43 44 47 47 50 12 10 16 14 20 18 19 19 8 6 12 10 8 9 2
44 41 47 49 50 10 12 14 16 18 20 17 17 6 8 10 12 8 9 2
43 43 50 47 48 12 10 16 14 20 18 19 19 8 6 12 10 8 9 2
48 49 55 56 54 6 8 10 12 14 16 18 20 2 4 6 8 6 8 9
49 51 56 54 52 6 8 10 12 14 16 18 20 2 4 6 8 6 8 9
51 52 54 52 53 8 6 12 10 16 14 20 18 4 2 8 6 6 8 9
52 50 52 53 55 6 8 10 12 14 16 18 20 2 4 6 8 6 8 9
50 48 53 55 56 8 6 12 10 16 14 20 18 4 2 8 6 6 8 9
50 51 56 56 56 6 8 10 12 14 16 18 20 2 4 6 8 6 8 9
49 50 53 54 51 6 8 10 12 14 16 18 20 2 4 6 8 6 8 9
49 49 55 55 54 6 8 10 12 14 16 18 20 2 4 6 8 6 8 9
50 49 53 55 55 8 6 12 10 16 14 20 18 4 2 8 6 6 8 9
50 49 54 55 54 8 6 12 10 16 14 20 18 4 2 8 6 6 8 9
50 50 51 51 55 8 6 12 10 16 14 20 18 4 2 8 6 6 8 9
49 49 53 53 53 8 6 12 10 16 14 20 18 4 2 8 6 6 8 9
47 49 55 56 54 6 8 10 12 14 16 18 20 2 4 6 8 6 8 9
49 50 53 53 56 8 6 12 10 16 14 20 18 4 2 8 6 6 8 9
50 47 53 55 56 6 8 10 12 14 16 18 20 2 4 6 8 6 8 9
49 49 56 53 54 8 6 12 10 16 14 20 18 4 2 8 6 6 8 9
54 55 61 62 60 2 4 6 8 10 12 14 16 18 20 18 20 10 10 10
55 57 62 60 58 2 4 6 8 10 12 14 16 18 20 18 20 10 10 10
57 58 60 58 59 4 2 8 6 12 10 16 14 20 18 20 18 10 10 10
58 56 58 59 61 2 4 6 8 10 12 14 16 18 20 18 20 10 10 10
56 54 59 61 62 4 2 8 6 12 10 16 14 20 18 20 18 10 10 10
56 57 62 62 62 2 4 6 8 10 12 14 16 18 20 18 20 10 10 10
55 56 59 60 57 2 4 6 8 10 12 14 16 18 20 18 20 10 10 10
55 55 61 61 60 2 4 6 8 10 12 14 16 18 20 18 20 10 10 10
56 55 59 61 61 4 2 8 6 12 10 16 14 20 18 20 18 10 10 10
56 55 60 61 60 4 2 8 6 12 10 16 14 20 18 20 18 10 10 10
56 56 57 57 61 4 2 8 6 12 10 16 14 20 18 20 18 10 10 10
55 55 59 59 59 4 2 8 6 12 10 16 14 20 18 20 18 10 10 10
53 55 61 62 60 2 4 6 8 10 12 14 16 18 20 18 20 10 10 10
55 56 59 59 62 4 2 8 6 12 10 16 14 20 18 20 18 10 10 10
56 53 59 61 62 2 4 6 8 10 12 14 16 18 20 18 20 10 10 10
55 55 62 59 60 4 2 8 6 12 10 16 14 20 18 20 18 10 10 10

SIZE: 93 x 20
METHOD: Six-block row decomposition construction (Theorem 21 and Appendix A.3), with t=10 five-column inputs of row sizes 6,6,6,6,6,6,9,16,16,16, and 15 added columns from factorized input pairs. The total added-column weight is 54.
MATRIX:
2 3 5 6 4 3 3 3 3 3 3 3 3 3 3 3 3 1 1 1
3 5 6 4 2 1 1 1 1 1 1 1 1 1 1 1 1 1 1 1
5 6 4 2 3 3 3 3 3 3 3 3 3 3 3 3 3 1 1 1
6 4 2 3 5 1 1 1 1 1 1 1 1 1 1 1 1 1 1 1
4 2 3 5 6 3 3 3 3 3 3 3 3 3 3 3 3 1 1 1
1 1 1 1 1 1 1 1 1 1 1 1 1 1 1 1 1 1 1 1
8 9 11 12 10 7 7 7 7 7 7 7 7 7 7 4 2 3 3 3
9 11 12 10 8 5 5 5 5 5 5 5 5 5 5 2 4 3 3 3
11 12 10 8 9 7 7 7 7 7 7 7 7 7 7 4 2 3 3 3
12 10 8 9 11 5 5 5 5 5 5 5 5 5 5 2 4 3 3 3
10 8 9 11 12 7 7 7 7 7 7 7 7 7 7 4 2 3 3 3
7 7 7 7 7 5 5 5 5 5 5 5 5 5 5 2 4 3 3 3
14 15 17 18 16 11 11 4 2 11 11 11 11 11 11 7 7 4 5 5
15 17 18 16 14 9 9 2 4 9 9 9 9 9 9 5 5 4 5 5
17 18 16 14 15 11 11 4 2 11 11 11 11 11 11 7 7 4 5 5
18 16 14 15 17 9 9 2 4 9 9 9 9 9 9 5 5 4 5 5
16 14 15 17 18 11 11 4 2 11 11 11 11 11 11 7 7 4 5 5
13 13 13 13 13 9 9 2 4 9 9 9 9 9 9 5 5 4 5 5
20 21 23 24 22 15 15 11 11 8 6 15 15 15 15 11 11 2 6 7
21 23 24 22 20 13 13 9 9 6 8 13 13 13 13 9 9 2 6 7
23 24 22 20 21 15 15 11 11 8 6 15 15 15 15 11 11 2 6 7
24 22 20 21 23 13 13 9 9 6 8 13 13 13 13 9 9 2 6 7
22 20 21 23 24 15 15 11 11 8 6 15 15 15 15 11 11 2 6 7
19 19 19 19 19 13 13 9 9 6 8 13 13 13 13 9 9 2 6 7
26 27 29 30 28 19 19 15 15 4 2 12 10 19 19 15 15 5 4 8
27 29 30 28 26 17 17 13 13 2 4 10 12 17 17 13 13 5 4 8
29 30 28 26 27 19 19 15 15 4 2 12 10 19 19 15 15 5 4 8
30 28 26 27 29 17 17 13 13 2 4 10 12 17 17 13 13 5 4 8
28 26 27 29 30 19 19 15 15 4 2 12 10 19 19 15 15 5 4 8
25 25 25 25 25 17 17 13 13 2 4 10 12 17 17 13 13 5 4 8
32 33 35 36 34 20 18 19 19 15 15 8 6 16 14 19 19 7 2 6
33 35 36 34 32 18 20 17 17 13 13 6 8 14 16 17 17 7 2 6
35 36 34 32 33 20 18 19 19 15 15 8 6 16 14 19 19 7 2 6
36 34 32 33 35 18 20 17 17 13 13 6 8 14 16 17 17 7 2 6
34 32 33 35 36 20 18 19 19 15 15 8 6 16 14 19 19 7 2 6
31 31 31 31 31 18 20 17 17 13 13 6 8 14 16 17 17 7 2 6
38 39 41 42 40 14 16 18 20 17 17 2 4 10 12 14 16 9 7 4
39 41 42 40 38 16 14 20 18 19 19 4 2 12 10 16 14 9 7 4
41 42 40 38 39 14 16 18 20 17 17 2 4 10 12 14 16 9 7 4
42 40 38 39 41 14 16 18 20 17 17 2 4 10 12 14 16 9 7 4
40 38 39 41 42 16 14 20 18 19 19 4 2 12 10 16 14 9 7 4
42 37 37 41 37 16 14 20 18 19 19 4 2 12 10 16 14 9 7 4
37 39 39 42 37 16 14 20 18 19 19 4 2 12 10 16 14 9 7 4
40 40 39 42 42 14 16 18 20 17 17 2 4 10 12 14 16 9 7 4
41 40 41 37 41 14 16 18 20 17 17 2 4 10 12 14 16 9 7 4
44 45 47 48 46 10 12 14 16 18 20 17 17 6 8 10 12 8 9 2
45 47 48 46 44 10 12 14 16 18 20 17 17 6 8 10 12 8 9 2
47 48 46 44 45 12 10 16 14 20 18 19 19 8 6 12 10 8 9 2
48 46 44 45 47 10 12 14 16 18 20 17 17 6 8 10 12 8 9 2
46 44 45 47 48 12 10 16 14 20 18 19 19 8 6 12 10 8 9 2
46 47 48 48 48 10 12 14 16 18 20 17 17 6 8 10 12 8 9 2
45 46 45 46 43 10 12 14 16 18 20 17 17 6 8 10 12 8 9 2
45 45 47 47 46 10 12 14 16 18 20 17 17 6 8 10 12 8 9 2
46 45 45 47 47 12 10 16 14 20 18 19 19 8 6 12 10 8 9 2
46 45 46 47 46 12 10 16 14 20 18 19 19 8 6 12 10 8 9 2
46 46 43 43 47 12 10 16 14 20 18 19 19 8 6 12 10 8 9 2
45 45 45 45 45 12 10 16 14 20 18 19 19 8 6 12 10 8 9 2
43 45 47 48 46 10 12 14 16 18 20 17 17 6 8 10 12 8 9 2
45 46 45 45 48 12 10 16 14 20 18 19 19 8 6 12 10 8 9 2
46 43 45 47 48 10 12 14 16 18 20 17 17 6 8 10 12 8 9 2
45 45 48 45 46 12 10 16 14 20 18 19 19 8 6 12 10 8 9 2
50 51 53 54 52 6 8 10 12 14 16 18 20 2 4 6 8 6 8 9
51 53 54 52 50 6 8 10 12 14 16 18 20 2 4 6 8 6 8 9
53 54 52 50 51 8 6 12 10 16 14 20 18 4 2 8 6 6 8 9
54 52 50 51 53 6 8 10 12 14 16 18 20 2 4 6 8 6 8 9
52 50 51 53 54 8 6 12 10 16 14 20 18 4 2 8 6 6 8 9
52 53 54 54 54 6 8 10 12 14 16 18 20 2 4 6 8 6 8 9
51 52 51 52 49 6 8 10 12 14 16 18 20 2 4 6 8 6 8 9
51 51 53 53 52 6 8 10 12 14 16 18 20 2 4 6 8 6 8 9
52 51 51 53 53 8 6 12 10 16 14 20 18 4 2 8 6 6 8 9
52 51 52 53 52 8 6 12 10 16 14 20 18 4 2 8 6 6 8 9
52 52 49 49 53 8 6 12 10 16 14 20 18 4 2 8 6 6 8 9
51 51 51 51 51 8 6 12 10 16 14 20 18 4 2 8 6 6 8 9
49 51 53 54 52 6 8 10 12 14 16 18 20 2 4 6 8 6 8 9
51 52 51 51 54 8 6 12 10 16 14 20 18 4 2 8 6 6 8 9
52 49 51 53 54 6 8 10 12 14 16 18 20 2 4 6 8 6 8 9
51 51 54 51 52 8 6 12 10 16 14 20 18 4 2 8 6 6 8 9
56 57 59 60 58 2 4 6 8 10 12 14 16 18 20 18 20 10 10 10
57 59 60 58 56 2 4 6 8 10 12 14 16 18 20 18 20 10 10 10
59 60 58 56 57 4 2 8 6 12 10 16 14 20 18 20 18 10 10 10
60 58 56 57 59 2 4 6 8 10 12 14 16 18 20 18 20 10 10 10
58 56 57 59 60 4 2 8 6 12 10 16 14 20 18 20 18 10 10 10
58 59 60 60 60 2 4 6 8 10 12 14 16 18 20 18 20 10 10 10
57 58 57 58 55 2 4 6 8 10 12 14 16 18 20 18 20 10 10 10
57 57 59 59 58 2 4 6 8 10 12 14 16 18 20 18 20 10 10 10
58 57 57 59 59 4 2 8 6 12 10 16 14 20 18 20 18 10 10 10
58 57 58 59 58 4 2 8 6 12 10 16 14 20 18 20 18 10 10 10
58 58 55 55 59 4 2 8 6 12 10 16 14 20 18 20 18 10 10 10
57 57 57 57 57 4 2 8 6 12 10 16 14 20 18 20 18 10 10 10
55 57 59 60 58 2 4 6 8 10 12 14 16 18 20 18 20 10 10 10
57 58 57 57 60 4 2 8 6 12 10 16 14 20 18 20 18 10 10 10
58 55 57 59 60 2 4 6 8 10 12 14 16 18 20 18 20 10 10 10
57 57 60 57 58 4 2 8 6 12 10 16 14 20 18 20 18 10 10 10

SIZE: 94 x 20
METHOD: Six-block row decomposition construction (Theorem 21 and Appendix A.3), with t=10 five-column inputs of row sizes 6,6,6,6,6,6,10,16,16,16, and 15 added columns from factorized input pairs. The total added-column weight is 54.
MATRIX:
2 3 5 6 4 3 3 3 3 3 3 3 3 3 3 3 3 1 1 1
3 5 6 4 2 1 1 1 1 1 1 1 1 1 1 1 1 1 1 1
5 6 4 2 3 3 3 3 3 3 3 3 3 3 3 3 3 1 1 1
6 4 2 3 5 1 1 1 1 1 1 1 1 1 1 1 1 1 1 1
4 2 3 5 6 3 3 3 3 3 3 3 3 3 3 3 3 1 1 1
1 1 1 1 1 1 1 1 1 1 1 1 1 1 1 1 1 1 1 1
8 9 11 12 10 7 7 7 7 7 7 7 7 7 7 4 2 3 3 3
9 11 12 10 8 5 5 5 5 5 5 5 5 5 5 2 4 3 3 3
11 12 10 8 9 7 7 7 7 7 7 7 7 7 7 4 2 3 3 3
12 10 8 9 11 5 5 5 5 5 5 5 5 5 5 2 4 3 3 3
10 8 9 11 12 7 7 7 7 7 7 7 7 7 7 4 2 3 3 3
7 7 7 7 7 5 5 5 5 5 5 5 5 5 5 2 4 3 3 3
14 15 17 18 16 11 11 4 2 11 11 11 11 11 11 7 7 4 5 5
15 17 18 16 14 9 9 2 4 9 9 9 9 9 9 5 5 4 5 5
17 18 16 14 15 11 11 4 2 11 11 11 11 11 11 7 7 4 5 5
18 16 14 15 17 9 9 2 4 9 9 9 9 9 9 5 5 4 5 5
16 14 15 17 18 11 11 4 2 11 11 11 11 11 11 7 7 4 5 5
13 13 13 13 13 9 9 2 4 9 9 9 9 9 9 5 5 4 5 5
20 21 23 24 22 15 15 11 11 8 6 15 15 15 15 11 11 2 6 7
21 23 24 22 20 13 13 9 9 6 8 13 13 13 13 9 9 2 6 7
23 24 22 20 21 15 15 11 11 8 6 15 15 15 15 11 11 2 6 7
24 22 20 21 23 13 13 9 9 6 8 13 13 13 13 9 9 2 6 7
22 20 21 23 24 15 15 11 11 8 6 15 15 15 15 11 11 2 6 7
19 19 19 19 19 13 13 9 9 6 8 13 13 13 13 9 9 2 6 7
26 27 29 30 28 19 19 15 15 4 2 12 10 19 19 15 15 5 4 8
27 29 30 28 26 17 17 13 13 2 4 10 12 17 17 13 13 5 4 8
29 30 28 26 27 19 19 15 15 4 2 12 10 19 19 15 15 5 4 8
30 28 26 27 29 17 17 13 13 2 4 10 12 17 17 13 13 5 4 8
28 26 27 29 30 19 19 15 15 4 2 12 10 19 19 15 15 5 4 8
25 25 25 25 25 17 17 13 13 2 4 10 12 17 17 13 13 5 4 8
32 33 35 36 34 20 18 19 19 15 15 8 6 16 14 19 19 7 2 6
33 35 36 34 32 18 20 17 17 13 13 6 8 14 16 17 17 7 2 6
35 36 34 32 33 20 18 19 19 15 15 8 6 16 14 19 19 7 2 6
36 34 32 33 35 18 20 17 17 13 13 6 8 14 16 17 17 7 2 6
34 32 33 35 36 20 18 19 19 15 15 8 6 16 14 19 19 7 2 6
31 31 31 31 31 18 20 17 17 13 13 6 8 14 16 17 17 7 2 6
38 39 41 42 40 14 16 18 20 17 17 2 4 10 12 14 16 9 7 4
39 41 42 40 38 16 14 20 18 19 19 4 2 12 10 16 14 9 7 4
41 42 40 38 39 14 16 18 20 17 17 2 4 10 12 14 16 9 7 4
42 40 38 39 41 14 16 18 20 17 17 2 4 10 12 14 16 9 7 4
40 38 39 41 42 16 14 20 18 19 19 4 2 12 10 16 14 9 7 4
41 42 42 37 41 16 14 20 18 19 19 4 2 12 10 16 14 9 7 4
42 37 42 40 37 14 16 18 20 17 17 2 4 10 12 14 16 9 7 4
42 37 37 39 39 14 16 18 20 17 17 2 4 10 12 14 16 9 7 4
41 41 42 42 37 16 14 20 18 19 19 4 2 12 10 16 14 9 7 4
37 41 41 40 41 16 14 20 18 19 19 4 2 12 10 16 14 9 7 4
44 45 47 48 46 10 12 14 16 18 20 17 17 6 8 10 12 8 9 2
45 47 48 46 44 10 12 14 16 18 20 17 17 6 8 10 12 8 9 2
47 48 46 44 45 12 10 16 14 20 18 19 19 8 6 12 10 8 9 2
48 46 44 45 47 10 12 14 16 18 20 17 17 6 8 10 12 8 9 2
46 44 45 47 48 12 10 16 14 20 18 19 19 8 6 12 10 8 9 2
46 47 48 48 48 10 12 14 16 18 20 17 17 6 8 10 12 8 9 2
45 46 45 46 43 10 12 14 16 18 20 17 17 6 8 10 12 8 9 2
45 45 47 47 46 10 12 14 16 18 20 17 17 6 8 10 12 8 9 2
46 45 45 47 47 12 10 16 14 20 18 19 19 8 6 12 10 8 9 2
46 45 46 47 46 12 10 16 14 20 18 19 19 8 6 12 10 8 9 2
46 46 43 43 47 12 10 16 14 20 18 19 19 8 6 12 10 8 9 2
45 45 45 45 45 12 10 16 14 20 18 19 19 8 6 12 10 8 9 2
43 45 47 48 46 10 12 14 16 18 20 17 17 6 8 10 12 8 9 2
45 46 45 45 48 12 10 16 14 20 18 19 19 8 6 12 10 8 9 2
46 43 45 47 48 10 12 14 16 18 20 17 17 6 8 10 12 8 9 2
45 45 48 45 46 12 10 16 14 20 18 19 19 8 6 12 10 8 9 2
50 51 53 54 52 6 8 10 12 14 16 18 20 2 4 6 8 6 8 9
51 53 54 52 50 6 8 10 12 14 16 18 20 2 4 6 8 6 8 9
53 54 52 50 51 8 6 12 10 16 14 20 18 4 2 8 6 6 8 9
54 52 50 51 53 6 8 10 12 14 16 18 20 2 4 6 8 6 8 9
52 50 51 53 54 8 6 12 10 16 14 20 18 4 2 8 6 6 8 9
52 53 54 54 54 6 8 10 12 14 16 18 20 2 4 6 8 6 8 9
51 52 51 52 49 6 8 10 12 14 16 18 20 2 4 6 8 6 8 9
51 51 53 53 52 6 8 10 12 14 16 18 20 2 4 6 8 6 8 9
52 51 51 53 53 8 6 12 10 16 14 20 18 4 2 8 6 6 8 9
52 51 52 53 52 8 6 12 10 16 14 20 18 4 2 8 6 6 8 9
52 52 49 49 53 8 6 12 10 16 14 20 18 4 2 8 6 6 8 9
51 51 51 51 51 8 6 12 10 16 14 20 18 4 2 8 6 6 8 9
49 51 53 54 52 6 8 10 12 14 16 18 20 2 4 6 8 6 8 9
51 52 51 51 54 8 6 12 10 16 14 20 18 4 2 8 6 6 8 9
52 49 51 53 54 6 8 10 12 14 16 18 20 2 4 6 8 6 8 9
51 51 54 51 52 8 6 12 10 16 14 20 18 4 2 8 6 6 8 9
56 57 59 60 58 2 4 6 8 10 12 14 16 18 20 18 20 10 10 10
57 59 60 58 56 2 4 6 8 10 12 14 16 18 20 18 20 10 10 10
59 60 58 56 57 4 2 8 6 12 10 16 14 20 18 20 18 10 10 10
60 58 56 57 59 2 4 6 8 10 12 14 16 18 20 18 20 10 10 10
58 56 57 59 60 4 2 8 6 12 10 16 14 20 18 20 18 10 10 10
58 59 60 60 60 2 4 6 8 10 12 14 16 18 20 18 20 10 10 10
57 58 57 58 55 2 4 6 8 10 12 14 16 18 20 18 20 10 10 10
57 57 59 59 58 2 4 6 8 10 12 14 16 18 20 18 20 10 10 10
58 57 57 59 59 4 2 8 6 12 10 16 14 20 18 20 18 10 10 10
58 57 58 59 58 4 2 8 6 12 10 16 14 20 18 20 18 10 10 10
58 58 55 55 59 4 2 8 6 12 10 16 14 20 18 20 18 10 10 10
57 57 57 57 57 4 2 8 6 12 10 16 14 20 18 20 18 10 10 10
55 57 59 60 58 2 4 6 8 10 12 14 16 18 20 18 20 10 10 10
57 58 57 57 60 4 2 8 6 12 10 16 14 20 18 20 18 10 10 10
58 55 57 59 60 2 4 6 8 10 12 14 16 18 20 18 20 10 10 10
57 57 60 57 58 4 2 8 6 12 10 16 14 20 18 20 18 10 10 10

SIZE: 95 x 20
METHOD: Six-block row decomposition construction (Theorem 21 and Appendix A.3), with t=10 five-column inputs of row sizes 6,6,6,6,6,6,11,16,16,16, and 15 added columns from factorized input pairs. The total added-column weight is 54.
MATRIX:
2 3 5 6 4 3 3 3 3 3 3 3 3 3 3 3 3 1 1 1
3 5 6 4 2 1 1 1 1 1 1 1 1 1 1 1 1 1 1 1
5 6 4 2 3 3 3 3 3 3 3 3 3 3 3 3 3 1 1 1
6 4 2 3 5 1 1 1 1 1 1 1 1 1 1 1 1 1 1 1
4 2 3 5 6 3 3 3 3 3 3 3 3 3 3 3 3 1 1 1
1 1 1 1 1 1 1 1 1 1 1 1 1 1 1 1 1 1 1 1
8 9 11 12 10 7 7 7 7 7 7 7 7 7 7 4 2 3 3 3
9 11 12 10 8 5 5 5 5 5 5 5 5 5 5 2 4 3 3 3
11 12 10 8 9 7 7 7 7 7 7 7 7 7 7 4 2 3 3 3
12 10 8 9 11 5 5 5 5 5 5 5 5 5 5 2 4 3 3 3
10 8 9 11 12 7 7 7 7 7 7 7 7 7 7 4 2 3 3 3
7 7 7 7 7 5 5 5 5 5 5 5 5 5 5 2 4 3 3 3
14 15 17 18 16 11 11 4 2 11 11 11 11 11 11 7 7 4 5 5
15 17 18 16 14 9 9 2 4 9 9 9 9 9 9 5 5 4 5 5
17 18 16 14 15 11 11 4 2 11 11 11 11 11 11 7 7 4 5 5
18 16 14 15 17 9 9 2 4 9 9 9 9 9 9 5 5 4 5 5
16 14 15 17 18 11 11 4 2 11 11 11 11 11 11 7 7 4 5 5
13 13 13 13 13 9 9 2 4 9 9 9 9 9 9 5 5 4 5 5
20 21 23 24 22 15 15 11 11 8 6 15 15 15 15 11 11 2 6 7
21 23 24 22 20 13 13 9 9 6 8 13 13 13 13 9 9 2 6 7
23 24 22 20 21 15 15 11 11 8 6 15 15 15 15 11 11 2 6 7
24 22 20 21 23 13 13 9 9 6 8 13 13 13 13 9 9 2 6 7
22 20 21 23 24 15 15 11 11 8 6 15 15 15 15 11 11 2 6 7
19 19 19 19 19 13 13 9 9 6 8 13 13 13 13 9 9 2 6 7
26 27 29 30 28 19 19 15 15 4 2 12 10 19 19 15 15 5 4 8
27 29 30 28 26 17 17 13 13 2 4 10 12 17 17 13 13 5 4 8
29 30 28 26 27 19 19 15 15 4 2 12 10 19 19 15 15 5 4 8
30 28 26 27 29 17 17 13 13 2 4 10 12 17 17 13 13 5 4 8
28 26 27 29 30 19 19 15 15 4 2 12 10 19 19 15 15 5 4 8
25 25 25 25 25 17 17 13 13 2 4 10 12 17 17 13 13 5 4 8
32 33 35 36 34 20 18 19 19 15 15 8 6 16 14 19 19 7 2 6
33 35 36 34 32 18 20 17 17 13 13 6 8 14 16 17 17 7 2 6
35 36 34 32 33 20 18 19 19 15 15 8 6 16 14 19 19 7 2 6
36 34 32 33 35 18 20 17 17 13 13 6 8 14 16 17 17 7 2 6
34 32 33 35 36 20 18 19 19 15 15 8 6 16 14 19 19 7 2 6
31 31 31 31 31 18 20 17 17 13 13 6 8 14 16 17 17 7 2 6
38 39 41 42 40 14 16 18 20 17 17 2 4 10 12 14 16 9 7 4
39 41 42 40 38 14 16 18 20 17 17 2 4 10 12 14 16 9 7 4
41 42 40 38 39 16 14 20 18 19 19 4 2 12 10 16 14 9 7 4
42 40 38 39 41 14 16 18 20 17 17 2 4 10 12 14 16 9 7 4
40 38 39 41 42 14 16 18 20 17 17 2 4 10 12 14 16 9 7 4
40 37 42 40 40 14 16 18 20 17 17 2 4 10 12 14 16 9 7 4
39 40 37 37 37 16 14 20 18 19 19 4 2 12 10 16 14 9 7 4
40 39 39 42 39 14 16 18 20 17 17 2 4 10 12 14 16 9 7 4
40 39 40 37 39 16 14 20 18 19 19 4 2 12 10 16 14 9 7 4
39 39 39 41 37 16 14 20 18 19 19 4 2 12 10 16 14 9 7 4
37 39 41 42 40 16 14 20 18 19 19 4 2 12 10 16 14 9 7 4
44 45 47 48 46 10 12 14 16 18 20 17 17 6 8 10 12 8 9 2
45 47 48 46 44 10 12 14 16 18 20 17 17 6 8 10 12 8 9 2
47 48 46 44 45 12 10 16 14 20 18 19 19 8 6 12 10 8 9 2
48 46 44 45 47 10 12 14 16 18 20 17 17 6 8 10 12 8 9 2
46 44 45 47 48 12 10 16 14 20 18 19 19 8 6 12 10 8 9 2
46 47 48 48 48 10 12 14 16 18 20 17 17 6 8 10 12 8 9 2
45 46 45 46 43 10 12 14 16 18 20 17 17 6 8 10 12 8 9 2
45 45 47 47 46 10 12 14 16 18 20 17 17 6 8 10 12 8 9 2
46 45 45 47 47 12 10 16 14 20 18 19 19 8 6 12 10 8 9 2
46 45 46 47 46 12 10 16 14 20 18 19 19 8 6 12 10 8 9 2
46 46 43 43 47 12 10 16 14 20 18 19 19 8 6 12 10 8 9 2
45 45 45 45 45 12 10 16 14 20 18 19 19 8 6 12 10 8 9 2
43 45 47 48 46 10 12 14 16 18 20 17 17 6 8 10 12 8 9 2
45 46 45 45 48 12 10 16 14 20 18 19 19 8 6 12 10 8 9 2
46 43 45 47 48 10 12 14 16 18 20 17 17 6 8 10 12 8 9 2
45 45 48 45 46 12 10 16 14 20 18 19 19 8 6 12 10 8 9 2
50 51 53 54 52 6 8 10 12 14 16 18 20 2 4 6 8 6 8 9
51 53 54 52 50 6 8 10 12 14 16 18 20 2 4 6 8 6 8 9
53 54 52 50 51 8 6 12 10 16 14 20 18 4 2 8 6 6 8 9
54 52 50 51 53 6 8 10 12 14 16 18 20 2 4 6 8 6 8 9
52 50 51 53 54 8 6 12 10 16 14 20 18 4 2 8 6 6 8 9
52 53 54 54 54 6 8 10 12 14 16 18 20 2 4 6 8 6 8 9
51 52 51 52 49 6 8 10 12 14 16 18 20 2 4 6 8 6 8 9
51 51 53 53 52 6 8 10 12 14 16 18 20 2 4 6 8 6 8 9
52 51 51 53 53 8 6 12 10 16 14 20 18 4 2 8 6 6 8 9
52 51 52 53 52 8 6 12 10 16 14 20 18 4 2 8 6 6 8 9
52 52 49 49 53 8 6 12 10 16 14 20 18 4 2 8 6 6 8 9
51 51 51 51 51 8 6 12 10 16 14 20 18 4 2 8 6 6 8 9
49 51 53 54 52 6 8 10 12 14 16 18 20 2 4 6 8 6 8 9
51 52 51 51 54 8 6 12 10 16 14 20 18 4 2 8 6 6 8 9
52 49 51 53 54 6 8 10 12 14 16 18 20 2 4 6 8 6 8 9
51 51 54 51 52 8 6 12 10 16 14 20 18 4 2 8 6 6 8 9
56 57 59 60 58 2 4 6 8 10 12 14 16 18 20 18 20 10 10 10
57 59 60 58 56 2 4 6 8 10 12 14 16 18 20 18 20 10 10 10
59 60 58 56 57 4 2 8 6 12 10 16 14 20 18 20 18 10 10 10
60 58 56 57 59 2 4 6 8 10 12 14 16 18 20 18 20 10 10 10
58 56 57 59 60 4 2 8 6 12 10 16 14 20 18 20 18 10 10 10
58 59 60 60 60 2 4 6 8 10 12 14 16 18 20 18 20 10 10 10
57 58 57 58 55 2 4 6 8 10 12 14 16 18 20 18 20 10 10 10
57 57 59 59 58 2 4 6 8 10 12 14 16 18 20 18 20 10 10 10
58 57 57 59 59 4 2 8 6 12 10 16 14 20 18 20 18 10 10 10
58 57 58 59 58 4 2 8 6 12 10 16 14 20 18 20 18 10 10 10
58 58 55 55 59 4 2 8 6 12 10 16 14 20 18 20 18 10 10 10
57 57 57 57 57 4 2 8 6 12 10 16 14 20 18 20 18 10 10 10
55 57 59 60 58 2 4 6 8 10 12 14 16 18 20 18 20 10 10 10
57 58 57 57 60 4 2 8 6 12 10 16 14 20 18 20 18 10 10 10
58 55 57 59 60 2 4 6 8 10 12 14 16 18 20 18 20 10 10 10
57 57 60 57 58 4 2 8 6 12 10 16 14 20 18 20 18 10 10 10

SIZE: 96 x 20
METHOD: Six-block row decomposition construction (Theorem 21 and Appendix A.3), with t=10 five-column inputs of row sizes 6,6,6,6,6,6,12,16,16,16, and 15 added columns from factorized input pairs. The total added-column weight is 54.
MATRIX:
2 3 5 6 4 3 3 3 3 3 3 3 3 3 3 3 3 1 1 1
3 5 6 4 2 1 1 1 1 1 1 1 1 1 1 1 1 1 1 1
5 6 4 2 3 3 3 3 3 3 3 3 3 3 3 3 3 1 1 1
6 4 2 3 5 1 1 1 1 1 1 1 1 1 1 1 1 1 1 1
4 2 3 5 6 3 3 3 3 3 3 3 3 3 3 3 3 1 1 1
1 1 1 1 1 1 1 1 1 1 1 1 1 1 1 1 1 1 1 1
8 9 11 12 10 7 7 7 7 7 7 7 7 7 7 4 2 3 3 3
9 11 12 10 8 5 5 5 5 5 5 5 5 5 5 2 4 3 3 3
11 12 10 8 9 7 7 7 7 7 7 7 7 7 7 4 2 3 3 3
12 10 8 9 11 5 5 5 5 5 5 5 5 5 5 2 4 3 3 3
10 8 9 11 12 7 7 7 7 7 7 7 7 7 7 4 2 3 3 3
7 7 7 7 7 5 5 5 5 5 5 5 5 5 5 2 4 3 3 3
14 15 17 18 16 11 11 4 2 11 11 11 11 11 11 7 7 4 5 5
15 17 18 16 14 9 9 2 4 9 9 9 9 9 9 5 5 4 5 5
17 18 16 14 15 11 11 4 2 11 11 11 11 11 11 7 7 4 5 5
18 16 14 15 17 9 9 2 4 9 9 9 9 9 9 5 5 4 5 5
16 14 15 17 18 11 11 4 2 11 11 11 11 11 11 7 7 4 5 5
13 13 13 13 13 9 9 2 4 9 9 9 9 9 9 5 5 4 5 5
20 21 23 24 22 15 15 11 11 8 6 15 15 15 15 11 11 2 6 7
21 23 24 22 20 13 13 9 9 6 8 13 13 13 13 9 9 2 6 7
23 24 22 20 21 15 15 11 11 8 6 15 15 15 15 11 11 2 6 7
24 22 20 21 23 13 13 9 9 6 8 13 13 13 13 9 9 2 6 7
22 20 21 23 24 15 15 11 11 8 6 15 15 15 15 11 11 2 6 7
19 19 19 19 19 13 13 9 9 6 8 13 13 13 13 9 9 2 6 7
26 27 29 30 28 19 19 15 15 4 2 12 10 19 19 15 15 5 4 8
27 29 30 28 26 17 17 13 13 2 4 10 12 17 17 13 13 5 4 8
29 30 28 26 27 19 19 15 15 4 2 12 10 19 19 15 15 5 4 8
30 28 26 27 29 17 17 13 13 2 4 10 12 17 17 13 13 5 4 8
28 26 27 29 30 19 19 15 15 4 2 12 10 19 19 15 15 5 4 8
25 25 25 25 25 17 17 13 13 2 4 10 12 17 17 13 13 5 4 8
32 33 35 36 34 20 18 19 19 15 15 8 6 16 14 19 19 7 2 6
33 35 36 34 32 18 20 17 17 13 13 6 8 14 16 17 17 7 2 6
35 36 34 32 33 20 18 19 19 15 15 8 6 16 14 19 19 7 2 6
36 34 32 33 35 18 20 17 17 13 13 6 8 14 16 17 17 7 2 6
34 32 33 35 36 20 18 19 19 15 15 8 6 16 14 19 19 7 2 6
31 31 31 31 31 18 20 17 17 13 13 6 8 14 16 17 17 7 2 6
38 39 41 42 40 16 14 20 18 19 19 4 2 12 10 16 14 9 7 4
39 41 42 40 38 14 16 18 20 17 17 2 4 10 12 14 16 9 7 4
41 42 40 38 39 16 14 20 18 19 19 4 2 12 10 16 14 9 7 4
42 40 38 39 41 16 14 20 18 19 19 4 2 12 10 16 14 9 7 4
40 38 39 41 42 16 14 20 18 19 19 4 2 12 10 16 14 9 7 4
37 41 41 42 42 14 16 18 20 17 17 2 4 10 12 14 16 9 7 4
39 39 42 37 37 14 16 18 20 17 17 2 4 10 12 14 16 9 7 4
40 41 37 41 41 14 16 18 20 17 17 2 4 10 12 14 16 9 7 4
40 37 39 41 42 14 16 18 20 17 17 2 4 10 12 14 16 9 7 4
39 41 41 41 42 16 14 20 18 19 19 4 2 12 10 16 14 9 7 4
40 41 42 42 42 14 16 18 20 17 17 2 4 10 12 14 16 9 7 4
40 41 40 41 42 16 14 20 18 19 19 4 2 12 10 16 14 9 7 4
44 45 47 48 46 10 12 14 16 18 20 17 17 6 8 10 12 8 9 2
45 47 48 46 44 10 12 14 16 18 20 17 17 6 8 10 12 8 9 2
47 48 46 44 45 12 10 16 14 20 18 19 19 8 6 12 10 8 9 2
48 46 44 45 47 10 12 14 16 18 20 17 17 6 8 10 12 8 9 2
46 44 45 47 48 12 10 16 14 20 18 19 19 8 6 12 10 8 9 2
46 47 48 48 48 10 12 14 16 18 20 17 17 6 8 10 12 8 9 2
45 46 45 46 43 10 12 14 16 18 20 17 17 6 8 10 12 8 9 2
45 45 47 47 46 10 12 14 16 18 20 17 17 6 8 10 12 8 9 2
46 45 45 47 47 12 10 16 14 20 18 19 19 8 6 12 10 8 9 2
46 45 46 47 46 12 10 16 14 20 18 19 19 8 6 12 10 8 9 2
46 46 43 43 47 12 10 16 14 20 18 19 19 8 6 12 10 8 9 2
45 45 45 45 45 12 10 16 14 20 18 19 19 8 6 12 10 8 9 2
43 45 47 48 46 10 12 14 16 18 20 17 17 6 8 10 12 8 9 2
45 46 45 45 48 12 10 16 14 20 18 19 19 8 6 12 10 8 9 2
46 43 45 47 48 10 12 14 16 18 20 17 17 6 8 10 12 8 9 2
45 45 48 45 46 12 10 16 14 20 18 19 19 8 6 12 10 8 9 2
50 51 53 54 52 6 8 10 12 14 16 18 20 2 4 6 8 6 8 9
51 53 54 52 50 6 8 10 12 14 16 18 20 2 4 6 8 6 8 9
53 54 52 50 51 8 6 12 10 16 14 20 18 4 2 8 6 6 8 9
54 52 50 51 53 6 8 10 12 14 16 18 20 2 4 6 8 6 8 9
52 50 51 53 54 8 6 12 10 16 14 20 18 4 2 8 6 6 8 9
52 53 54 54 54 6 8 10 12 14 16 18 20 2 4 6 8 6 8 9
51 52 51 52 49 6 8 10 12 14 16 18 20 2 4 6 8 6 8 9
51 51 53 53 52 6 8 10 12 14 16 18 20 2 4 6 8 6 8 9
52 51 51 53 53 8 6 12 10 16 14 20 18 4 2 8 6 6 8 9
52 51 52 53 52 8 6 12 10 16 14 20 18 4 2 8 6 6 8 9
52 52 49 49 53 8 6 12 10 16 14 20 18 4 2 8 6 6 8 9
51 51 51 51 51 8 6 12 10 16 14 20 18 4 2 8 6 6 8 9
49 51 53 54 52 6 8 10 12 14 16 18 20 2 4 6 8 6 8 9
51 52 51 51 54 8 6 12 10 16 14 20 18 4 2 8 6 6 8 9
52 49 51 53 54 6 8 10 12 14 16 18 20 2 4 6 8 6 8 9
51 51 54 51 52 8 6 12 10 16 14 20 18 4 2 8 6 6 8 9
56 57 59 60 58 2 4 6 8 10 12 14 16 18 20 18 20 10 10 10
57 59 60 58 56 2 4 6 8 10 12 14 16 18 20 18 20 10 10 10
59 60 58 56 57 4 2 8 6 12 10 16 14 20 18 20 18 10 10 10
60 58 56 57 59 2 4 6 8 10 12 14 16 18 20 18 20 10 10 10
58 56 57 59 60 4 2 8 6 12 10 16 14 20 18 20 18 10 10 10
58 59 60 60 60 2 4 6 8 10 12 14 16 18 20 18 20 10 10 10
57 58 57 58 55 2 4 6 8 10 12 14 16 18 20 18 20 10 10 10
57 57 59 59 58 2 4 6 8 10 12 14 16 18 20 18 20 10 10 10
58 57 57 59 59 4 2 8 6 12 10 16 14 20 18 20 18 10 10 10
58 57 58 59 58 4 2 8 6 12 10 16 14 20 18 20 18 10 10 10
58 58 55 55 59 4 2 8 6 12 10 16 14 20 18 20 18 10 10 10
57 57 57 57 57 4 2 8 6 12 10 16 14 20 18 20 18 10 10 10
55 57 59 60 58 2 4 6 8 10 12 14 16 18 20 18 20 10 10 10
57 58 57 57 60 4 2 8 6 12 10 16 14 20 18 20 18 10 10 10
58 55 57 59 60 2 4 6 8 10 12 14 16 18 20 18 20 10 10 10
57 57 60 57 58 4 2 8 6 12 10 16 14 20 18 20 18 10 10 10

SIZE: 97 x 20
METHOD: Six-block row decomposition construction (Theorem 21 and Appendix A.3), with t=10 five-column inputs of row sizes 6,6,6,6,6,6,13,16,16,16, and 15 added columns from factorized input pairs. The total added-column weight is 54.
MATRIX:
2 3 5 6 4 3 3 3 3 3 3 3 3 3 3 3 3 1 1 1
3 5 6 4 2 1 1 1 1 1 1 1 1 1 1 1 1 1 1 1
5 6 4 2 3 3 3 3 3 3 3 3 3 3 3 3 3 1 1 1
6 4 2 3 5 1 1 1 1 1 1 1 1 1 1 1 1 1 1 1
4 2 3 5 6 3 3 3 3 3 3 3 3 3 3 3 3 1 1 1
1 1 1 1 1 1 1 1 1 1 1 1 1 1 1 1 1 1 1 1
8 9 11 12 10 7 7 7 7 7 7 7 7 7 7 4 2 3 3 3
9 11 12 10 8 5 5 5 5 5 5 5 5 5 5 2 4 3 3 3
11 12 10 8 9 7 7 7 7 7 7 7 7 7 7 4 2 3 3 3
12 10 8 9 11 5 5 5 5 5 5 5 5 5 5 2 4 3 3 3
10 8 9 11 12 7 7 7 7 7 7 7 7 7 7 4 2 3 3 3
7 7 7 7 7 5 5 5 5 5 5 5 5 5 5 2 4 3 3 3
14 15 17 18 16 11 11 4 2 11 11 11 11 11 11 7 7 4 5 5
15 17 18 16 14 9 9 2 4 9 9 9 9 9 9 5 5 4 5 5
17 18 16 14 15 11 11 4 2 11 11 11 11 11 11 7 7 4 5 5
18 16 14 15 17 9 9 2 4 9 9 9 9 9 9 5 5 4 5 5
16 14 15 17 18 11 11 4 2 11 11 11 11 11 11 7 7 4 5 5
13 13 13 13 13 9 9 2 4 9 9 9 9 9 9 5 5 4 5 5
20 21 23 24 22 15 15 11 11 8 6 15 15 15 15 11 11 2 6 7
21 23 24 22 20 13 13 9 9 6 8 13 13 13 13 9 9 2 6 7
23 24 22 20 21 15 15 11 11 8 6 15 15 15 15 11 11 2 6 7
24 22 20 21 23 13 13 9 9 6 8 13 13 13 13 9 9 2 6 7
22 20 21 23 24 15 15 11 11 8 6 15 15 15 15 11 11 2 6 7
19 19 19 19 19 13 13 9 9 6 8 13 13 13 13 9 9 2 6 7
26 27 29 30 28 19 19 15 15 4 2 12 10 19 19 15 15 5 4 8
27 29 30 28 26 17 17 13 13 2 4 10 12 17 17 13 13 5 4 8
29 30 28 26 27 19 19 15 15 4 2 12 10 19 19 15 15 5 4 8
30 28 26 27 29 17 17 13 13 2 4 10 12 17 17 13 13 5 4 8
28 26 27 29 30 19 19 15 15 4 2 12 10 19 19 15 15 5 4 8
25 25 25 25 25 17 17 13 13 2 4 10 12 17 17 13 13 5 4 8
32 33 35 36 34 20 18 19 19 15 15 8 6 16 14 19 19 7 2 6
33 35 36 34 32 18 20 17 17 13 13 6 8 14 16 17 17 7 2 6
35 36 34 32 33 20 18 19 19 15 15 8 6 16 14 19 19 7 2 6
36 34 32 33 35 18 20 17 17 13 13 6 8 14 16 17 17 7 2 6
34 32 33 35 36 20 18 19 19 15 15 8 6 16 14 19 19 7 2 6
31 31 31 31 31 18 20 17 17 13 13 6 8 14 16 17 17 7 2 6
38 39 41 42 40 16 14 20 18 19 19 4 2 12 10 16 14 9 7 4
39 41 42 40 38 16 14 20 18 19 19 4 2 12 10 16 14 9 7 4
41 42 40 38 39 14 16 18 20 17 17 2 4 10 12 14 16 9 7 4
42 40 38 39 41 16 14 20 18 19 19 4 2 12 10 16 14 9 7 4
40 38 39 41 42 14 16 18 20 17 17 2 4 10 12 14 16 9 7 4
39 39 42 37 37 14 16 18 20 17 17 2 4 10 12 14 16 9 7 4
37 41 41 42 42 14 16 18 20 17 17 2 4 10 12 14 16 9 7 4
42 40 37 39 41 14 16 18 20 17 17 2 4 10 12 14 16 9 7 4
40 37 42 40 40 14 16 18 20 17 17 2 4 10 12 14 16 9 7 4
42 40 41 40 41 16 14 20 18 19 19 4 2 12 10 16 14 9 7 4
41 40 41 37 41 16 14 20 18 19 19 4 2 12 10 16 14 9 7 4
42 37 41 41 42 16 14 20 18 19 19 4 2 12 10 16 14 9 7 4
42 39 41 41 41 14 16 18 20 17 17 2 4 10 12 14 16 9 7 4
44 45 47 48 46 10 12 14 16 18 20 17 17 6 8 10 12 8 9 2
45 47 48 46 44 10 12 14 16 18 20 17 17 6 8 10 12 8 9 2
47 48 46 44 45 12 10 16 14 20 18 19 19 8 6 12 10 8 9 2
48 46 44 45 47 10 12 14 16 18 20 17 17 6 8 10 12 8 9 2
46 44 45 47 48 12 10 16 14 20 18 19 19 8 6 12 10 8 9 2
46 47 48 48 48 10 12 14 16 18 20 17 17 6 8 10 12 8 9 2
45 46 45 46 43 10 12 14 16 18 20 17 17 6 8 10 12 8 9 2
45 45 47 47 46 10 12 14 16 18 20 17 17 6 8 10 12 8 9 2
46 45 45 47 47 12 10 16 14 20 18 19 19 8 6 12 10 8 9 2
46 45 46 47 46 12 10 16 14 20 18 19 19 8 6 12 10 8 9 2
46 46 43 43 47 12 10 16 14 20 18 19 19 8 6 12 10 8 9 2
45 45 45 45 45 12 10 16 14 20 18 19 19 8 6 12 10 8 9 2
43 45 47 48 46 10 12 14 16 18 20 17 17 6 8 10 12 8 9 2
45 46 45 45 48 12 10 16 14 20 18 19 19 8 6 12 10 8 9 2
46 43 45 47 48 10 12 14 16 18 20 17 17 6 8 10 12 8 9 2
45 45 48 45 46 12 10 16 14 20 18 19 19 8 6 12 10 8 9 2
50 51 53 54 52 6 8 10 12 14 16 18 20 2 4 6 8 6 8 9
51 53 54 52 50 6 8 10 12 14 16 18 20 2 4 6 8 6 8 9
53 54 52 50 51 8 6 12 10 16 14 20 18 4 2 8 6 6 8 9
54 52 50 51 53 6 8 10 12 14 16 18 20 2 4 6 8 6 8 9
52 50 51 53 54 8 6 12 10 16 14 20 18 4 2 8 6 6 8 9
52 53 54 54 54 6 8 10 12 14 16 18 20 2 4 6 8 6 8 9
51 52 51 52 49 6 8 10 12 14 16 18 20 2 4 6 8 6 8 9
51 51 53 53 52 6 8 10 12 14 16 18 20 2 4 6 8 6 8 9
52 51 51 53 53 8 6 12 10 16 14 20 18 4 2 8 6 6 8 9
52 51 52 53 52 8 6 12 10 16 14 20 18 4 2 8 6 6 8 9
52 52 49 49 53 8 6 12 10 16 14 20 18 4 2 8 6 6 8 9
51 51 51 51 51 8 6 12 10 16 14 20 18 4 2 8 6 6 8 9
49 51 53 54 52 6 8 10 12 14 16 18 20 2 4 6 8 6 8 9
51 52 51 51 54 8 6 12 10 16 14 20 18 4 2 8 6 6 8 9
52 49 51 53 54 6 8 10 12 14 16 18 20 2 4 6 8 6 8 9
51 51 54 51 52 8 6 12 10 16 14 20 18 4 2 8 6 6 8 9
56 57 59 60 58 2 4 6 8 10 12 14 16 18 20 18 20 10 10 10
57 59 60 58 56 2 4 6 8 10 12 14 16 18 20 18 20 10 10 10
59 60 58 56 57 4 2 8 6 12 10 16 14 20 18 20 18 10 10 10
60 58 56 57 59 2 4 6 8 10 12 14 16 18 20 18 20 10 10 10
58 56 57 59 60 4 2 8 6 12 10 16 14 20 18 20 18 10 10 10
58 59 60 60 60 2 4 6 8 10 12 14 16 18 20 18 20 10 10 10
57 58 57 58 55 2 4 6 8 10 12 14 16 18 20 18 20 10 10 10
57 57 59 59 58 2 4 6 8 10 12 14 16 18 20 18 20 10 10 10
58 57 57 59 59 4 2 8 6 12 10 16 14 20 18 20 18 10 10 10
58 57 58 59 58 4 2 8 6 12 10 16 14 20 18 20 18 10 10 10
58 58 55 55 59 4 2 8 6 12 10 16 14 20 18 20 18 10 10 10
57 57 57 57 57 4 2 8 6 12 10 16 14 20 18 20 18 10 10 10
55 57 59 60 58 2 4 6 8 10 12 14 16 18 20 18 20 10 10 10
57 58 57 57 60 4 2 8 6 12 10 16 14 20 18 20 18 10 10 10
58 55 57 59 60 2 4 6 8 10 12 14 16 18 20 18 20 10 10 10
57 57 60 57 58 4 2 8 6 12 10 16 14 20 18 20 18 10 10 10

SIZE: 98 x 20
METHOD: Six-block row decomposition construction (Theorem 21 and Appendix A.3), with t=10 five-column inputs of row sizes 6,6,6,6,6,6,14,16,16,16, and 15 added columns from factorized input pairs. The total added-column weight is 54.
MATRIX:
2 3 5 6 4 3 3 3 3 3 3 3 3 3 3 3 3 1 1 1
3 5 6 4 2 1 1 1 1 1 1 1 1 1 1 1 1 1 1 1
5 6 4 2 3 3 3 3 3 3 3 3 3 3 3 3 3 1 1 1
6 4 2 3 5 1 1 1 1 1 1 1 1 1 1 1 1 1 1 1
4 2 3 5 6 3 3 3 3 3 3 3 3 3 3 3 3 1 1 1
1 1 1 1 1 1 1 1 1 1 1 1 1 1 1 1 1 1 1 1
8 9 11 12 10 7 7 7 7 7 7 7 7 7 7 4 2 3 3 3
9 11 12 10 8 5 5 5 5 5 5 5 5 5 5 2 4 3 3 3
11 12 10 8 9 7 7 7 7 7 7 7 7 7 7 4 2 3 3 3
12 10 8 9 11 5 5 5 5 5 5 5 5 5 5 2 4 3 3 3
10 8 9 11 12 7 7 7 7 7 7 7 7 7 7 4 2 3 3 3
7 7 7 7 7 5 5 5 5 5 5 5 5 5 5 2 4 3 3 3
14 15 17 18 16 11 11 4 2 11 11 11 11 11 11 7 7 4 5 5
15 17 18 16 14 9 9 2 4 9 9 9 9 9 9 5 5 4 5 5
17 18 16 14 15 11 11 4 2 11 11 11 11 11 11 7 7 4 5 5
18 16 14 15 17 9 9 2 4 9 9 9 9 9 9 5 5 4 5 5
16 14 15 17 18 11 11 4 2 11 11 11 11 11 11 7 7 4 5 5
13 13 13 13 13 9 9 2 4 9 9 9 9 9 9 5 5 4 5 5
20 21 23 24 22 15 15 11 11 8 6 15 15 15 15 11 11 2 6 7
21 23 24 22 20 13 13 9 9 6 8 13 13 13 13 9 9 2 6 7
23 24 22 20 21 15 15 11 11 8 6 15 15 15 15 11 11 2 6 7
24 22 20 21 23 13 13 9 9 6 8 13 13 13 13 9 9 2 6 7
22 20 21 23 24 15 15 11 11 8 6 15 15 15 15 11 11 2 6 7
19 19 19 19 19 13 13 9 9 6 8 13 13 13 13 9 9 2 6 7
26 27 29 30 28 19 19 15 15 4 2 12 10 19 19 15 15 5 4 8
27 29 30 28 26 17 17 13 13 2 4 10 12 17 17 13 13 5 4 8
29 30 28 26 27 19 19 15 15 4 2 12 10 19 19 15 15 5 4 8
30 28 26 27 29 17 17 13 13 2 4 10 12 17 17 13 13 5 4 8
28 26 27 29 30 19 19 15 15 4 2 12 10 19 19 15 15 5 4 8
25 25 25 25 25 17 17 13 13 2 4 10 12 17 17 13 13 5 4 8
32 33 35 36 34 20 18 19 19 15 15 8 6 16 14 19 19 7 2 6
33 35 36 34 32 18 20 17 17 13 13 6 8 14 16 17 17 7 2 6
35 36 34 32 33 20 18 19 19 15 15 8 6 16 14 19 19 7 2 6
36 34 32 33 35 18 20 17 17 13 13 6 8 14 16 17 17 7 2 6
34 32 33 35 36 20 18 19 19 15 15 8 6 16 14 19 19 7 2 6
31 31 31 31 31 18 20 17 17 13 13 6 8 14 16 17 17 7 2 6
38 39 41 42 40 14 16 18 20 17 17 2 4 10 12 14 16 9 7 4
39 41 42 40 38 14 16 18 20 17 17 2 4 10 12 14 16 9 7 4
41 42 40 38 39 16 14 20 18 19 19 4 2 12 10 16 14 9 7 4
42 40 38 39 41 16 14 20 18 19 19 4 2 12 10 16 14 9 7 4
40 38 39 41 42 14 16 18 20 17 17 2 4 10 12 14 16 9 7 4
42 37 37 39 39 16 14 20 18 19 19 4 2 12 10 16 14 9 7 4
41 42 42 42 40 16 14 20 18 19 19 4 2 12 10 16 14 9 7 4
37 41 41 40 41 16 14 20 18 19 19 4 2 12 10 16 14 9 7 4
41 41 42 42 37 16 14 20 18 19 19 4 2 12 10 16 14 9 7 4
42 42 40 40 39 16 14 20 18 19 19 4 2 12 10 16 14 9 7 4
41 42 40 41 40 14 16 18 20 17 17 2 4 10 12 14 16 9 7 4
41 42 39 42 39 14 16 18 20 17 17 2 4 10 12 14 16 9 7 4
41 42 40 37 39 14 16 18 20 17 17 2 4 10 12 14 16 9 7 4
41 42 39 41 41 14 16 18 20 17 17 2 4 10 12 14 16 9 7 4
44 45 47 48 46 10 12 14 16 18 20 17 17 6 8 10 12 8 9 2
45 47 48 46 44 10 12 14 16 18 20 17 17 6 8 10 12 8 9 2
47 48 46 44 45 12 10 16 14 20 18 19 19 8 6 12 10 8 9 2
48 46 44 45 47 10 12 14 16 18 20 17 17 6 8 10 12 8 9 2
46 44 45 47 48 12 10 16 14 20 18 19 19 8 6 12 10 8 9 2
46 47 48 48 48 10 12 14 16 18 20 17 17 6 8 10 12 8 9 2
45 46 45 46 43 10 12 14 16 18 20 17 17 6 8 10 12 8 9 2
45 45 47 47 46 10 12 14 16 18 20 17 17 6 8 10 12 8 9 2
46 45 45 47 47 12 10 16 14 20 18 19 19 8 6 12 10 8 9 2
46 45 46 47 46 12 10 16 14 20 18 19 19 8 6 12 10 8 9 2
46 46 43 43 47 12 10 16 14 20 18 19 19 8 6 12 10 8 9 2
45 45 45 45 45 12 10 16 14 20 18 19 19 8 6 12 10 8 9 2
43 45 47 48 46 10 12 14 16 18 20 17 17 6 8 10 12 8 9 2
45 46 45 45 48 12 10 16 14 20 18 19 19 8 6 12 10 8 9 2
46 43 45 47 48 10 12 14 16 18 20 17 17 6 8 10 12 8 9 2
45 45 48 45 46 12 10 16 14 20 18 19 19 8 6 12 10 8 9 2
50 51 53 54 52 6 8 10 12 14 16 18 20 2 4 6 8 6 8 9
51 53 54 52 50 6 8 10 12 14 16 18 20 2 4 6 8 6 8 9
53 54 52 50 51 8 6 12 10 16 14 20 18 4 2 8 6 6 8 9
54 52 50 51 53 6 8 10 12 14 16 18 20 2 4 6 8 6 8 9
52 50 51 53 54 8 6 12 10 16 14 20 18 4 2 8 6 6 8 9
52 53 54 54 54 6 8 10 12 14 16 18 20 2 4 6 8 6 8 9
51 52 51 52 49 6 8 10 12 14 16 18 20 2 4 6 8 6 8 9
51 51 53 53 52 6 8 10 12 14 16 18 20 2 4 6 8 6 8 9
52 51 51 53 53 8 6 12 10 16 14 20 18 4 2 8 6 6 8 9
52 51 52 53 52 8 6 12 10 16 14 20 18 4 2 8 6 6 8 9
52 52 49 49 53 8 6 12 10 16 14 20 18 4 2 8 6 6 8 9
51 51 51 51 51 8 6 12 10 16 14 20 18 4 2 8 6 6 8 9
49 51 53 54 52 6 8 10 12 14 16 18 20 2 4 6 8 6 8 9
51 52 51 51 54 8 6 12 10 16 14 20 18 4 2 8 6 6 8 9
52 49 51 53 54 6 8 10 12 14 16 18 20 2 4 6 8 6 8 9
51 51 54 51 52 8 6 12 10 16 14 20 18 4 2 8 6 6 8 9
56 57 59 60 58 2 4 6 8 10 12 14 16 18 20 18 20 10 10 10
57 59 60 58 56 2 4 6 8 10 12 14 16 18 20 18 20 10 10 10
59 60 58 56 57 4 2 8 6 12 10 16 14 20 18 20 18 10 10 10
60 58 56 57 59 2 4 6 8 10 12 14 16 18 20 18 20 10 10 10
58 56 57 59 60 4 2 8 6 12 10 16 14 20 18 20 18 10 10 10
58 59 60 60 60 2 4 6 8 10 12 14 16 18 20 18 20 10 10 10
57 58 57 58 55 2 4 6 8 10 12 14 16 18 20 18 20 10 10 10
57 57 59 59 58 2 4 6 8 10 12 14 16 18 20 18 20 10 10 10
58 57 57 59 59 4 2 8 6 12 10 16 14 20 18 20 18 10 10 10
58 57 58 59 58 4 2 8 6 12 10 16 14 20 18 20 18 10 10 10
58 58 55 55 59 4 2 8 6 12 10 16 14 20 18 20 18 10 10 10
57 57 57 57 57 4 2 8 6 12 10 16 14 20 18 20 18 10 10 10
55 57 59 60 58 2 4 6 8 10 12 14 16 18 20 18 20 10 10 10
57 58 57 57 60 4 2 8 6 12 10 16 14 20 18 20 18 10 10 10
58 55 57 59 60 2 4 6 8 10 12 14 16 18 20 18 20 10 10 10
57 57 60 57 58 4 2 8 6 12 10 16 14 20 18 20 18 10 10 10

SIZE: 99 x 20
METHOD: Six-block row decomposition construction (Theorem 21 and Appendix A.3), with t=10 five-column inputs of row sizes 6,6,6,6,6,6,15,16,16,16, and 15 added columns from factorized input pairs. The total added-column weight is 54.
MATRIX:
2 3 5 6 4 3 3 3 3 3 3 3 3 3 3 3 3 1 1 1
3 5 6 4 2 1 1 1 1 1 1 1 1 1 1 1 1 1 1 1
5 6 4 2 3 3 3 3 3 3 3 3 3 3 3 3 3 1 1 1
6 4 2 3 5 1 1 1 1 1 1 1 1 1 1 1 1 1 1 1
4 2 3 5 6 3 3 3 3 3 3 3 3 3 3 3 3 1 1 1
1 1 1 1 1 1 1 1 1 1 1 1 1 1 1 1 1 1 1 1
8 9 11 12 10 7 7 7 7 7 7 7 7 7 7 4 2 3 3 3
9 11 12 10 8 5 5 5 5 5 5 5 5 5 5 2 4 3 3 3
11 12 10 8 9 7 7 7 7 7 7 7 7 7 7 4 2 3 3 3
12 10 8 9 11 5 5 5 5 5 5 5 5 5 5 2 4 3 3 3
10 8 9 11 12 7 7 7 7 7 7 7 7 7 7 4 2 3 3 3
7 7 7 7 7 5 5 5 5 5 5 5 5 5 5 2 4 3 3 3
14 15 17 18 16 11 11 4 2 11 11 11 11 11 11 7 7 4 5 5
15 17 18 16 14 9 9 2 4 9 9 9 9 9 9 5 5 4 5 5
17 18 16 14 15 11 11 4 2 11 11 11 11 11 11 7 7 4 5 5
18 16 14 15 17 9 9 2 4 9 9 9 9 9 9 5 5 4 5 5
16 14 15 17 18 11 11 4 2 11 11 11 11 11 11 7 7 4 5 5
13 13 13 13 13 9 9 2 4 9 9 9 9 9 9 5 5 4 5 5
20 21 23 24 22 15 15 11 11 8 6 15 15 15 15 11 11 2 6 7
21 23 24 22 20 13 13 9 9 6 8 13 13 13 13 9 9 2 6 7
23 24 22 20 21 15 15 11 11 8 6 15 15 15 15 11 11 2 6 7
24 22 20 21 23 13 13 9 9 6 8 13 13 13 13 9 9 2 6 7
22 20 21 23 24 15 15 11 11 8 6 15 15 15 15 11 11 2 6 7
19 19 19 19 19 13 13 9 9 6 8 13 13 13 13 9 9 2 6 7
26 27 29 30 28 19 19 15 15 4 2 12 10 19 19 15 15 5 4 8
27 29 30 28 26 17 17 13 13 2 4 10 12 17 17 13 13 5 4 8
29 30 28 26 27 19 19 15 15 4 2 12 10 19 19 15 15 5 4 8
30 28 26 27 29 17 17 13 13 2 4 10 12 17 17 13 13 5 4 8
28 26 27 29 30 19 19 15 15 4 2 12 10 19 19 15 15 5 4 8
25 25 25 25 25 17 17 13 13 2 4 10 12 17 17 13 13 5 4 8
32 33 35 36 34 20 18 19 19 15 15 8 6 16 14 19 19 7 2 6
33 35 36 34 32 18 20 17 17 13 13 6 8 14 16 17 17 7 2 6
35 36 34 32 33 20 18 19 19 15 15 8 6 16 14 19 19 7 2 6
36 34 32 33 35 18 20 17 17 13 13 6 8 14 16 17 17 7 2 6
34 32 33 35 36 20 18 19 19 15 15 8 6 16 14 19 19 7 2 6
31 31 31 31 31 18 20 17 17 13 13 6 8 14 16 17 17 7 2 6
38 39 41 42 40 16 14 20 18 19 19 4 2 12 10 16 14 9 7 4
39 41 42 40 38 14 16 18 20 17 17 2 4 10 12 14 16 9 7 4
41 42 40 38 39 16 14 20 18 19 19 4 2 12 10 16 14 9 7 4
42 40 38 39 41 14 16 18 20 17 17 2 4 10 12 14 16 9 7 4
40 38 39 41 42 14 16 18 20 17 17 2 4 10 12 14 16 9 7 4
42 40 41 40 41 16 14 20 18 19 19 4 2 12 10 16 14 9 7 4
37 41 37 39 41 14 16 18 20 17 17 2 4 10 12 14 16 9 7 4
41 42 39 42 39 14 16 18 20 17 17 2 4 10 12 14 16 9 7 4
41 42 40 37 39 14 16 18 20 17 17 2 4 10 12 14 16 9 7 4
39 41 42 40 37 14 16 18 20 17 17 2 4 10 12 14 16 9 7 4
40 37 42 40 40 16 14 20 18 19 19 4 2 12 10 16 14 9 7 4
39 42 39 41 42 16 14 20 18 19 19 4 2 12 10 16 14 9 7 4
42 40 41 42 42 16 14 20 18 19 19 4 2 12 10 16 14 9 7 4
39 41 42 39 42 14 16 18 20 17 17 2 4 10 12 14 16 9 7 4
39 41 41 41 42 16 14 20 18 19 19 4 2 12 10 16 14 9 7 4
44 45 47 48 46 10 12 14 16 18 20 17 17 6 8 10 12 8 9 2
45 47 48 46 44 10 12 14 16 18 20 17 17 6 8 10 12 8 9 2
47 48 46 44 45 12 10 16 14 20 18 19 19 8 6 12 10 8 9 2
48 46 44 45 47 10 12 14 16 18 20 17 17 6 8 10 12 8 9 2
46 44 45 47 48 12 10 16 14 20 18 19 19 8 6 12 10 8 9 2
46 47 48 48 48 10 12 14 16 18 20 17 17 6 8 10 12 8 9 2
45 46 45 46 43 10 12 14 16 18 20 17 17 6 8 10 12 8 9 2
45 45 47 47 46 10 12 14 16 18 20 17 17 6 8 10 12 8 9 2
46 45 45 47 47 12 10 16 14 20 18 19 19 8 6 12 10 8 9 2
46 45 46 47 46 12 10 16 14 20 18 19 19 8 6 12 10 8 9 2
46 46 43 43 47 12 10 16 14 20 18 19 19 8 6 12 10 8 9 2
45 45 45 45 45 12 10 16 14 20 18 19 19 8 6 12 10 8 9 2
43 45 47 48 46 10 12 14 16 18 20 17 17 6 8 10 12 8 9 2
45 46 45 45 48 12 10 16 14 20 18 19 19 8 6 12 10 8 9 2
46 43 45 47 48 10 12 14 16 18 20 17 17 6 8 10 12 8 9 2
45 45 48 45 46 12 10 16 14 20 18 19 19 8 6 12 10 8 9 2
50 51 53 54 52 6 8 10 12 14 16 18 20 2 4 6 8 6 8 9
51 53 54 52 50 6 8 10 12 14 16 18 20 2 4 6 8 6 8 9
53 54 52 50 51 8 6 12 10 16 14 20 18 4 2 8 6 6 8 9
54 52 50 51 53 6 8 10 12 14 16 18 20 2 4 6 8 6 8 9
52 50 51 53 54 8 6 12 10 16 14 20 18 4 2 8 6 6 8 9
52 53 54 54 54 6 8 10 12 14 16 18 20 2 4 6 8 6 8 9
51 52 51 52 49 6 8 10 12 14 16 18 20 2 4 6 8 6 8 9
51 51 53 53 52 6 8 10 12 14 16 18 20 2 4 6 8 6 8 9
52 51 51 53 53 8 6 12 10 16 14 20 18 4 2 8 6 6 8 9
52 51 52 53 52 8 6 12 10 16 14 20 18 4 2 8 6 6 8 9
52 52 49 49 53 8 6 12 10 16 14 20 18 4 2 8 6 6 8 9
51 51 51 51 51 8 6 12 10 16 14 20 18 4 2 8 6 6 8 9
49 51 53 54 52 6 8 10 12 14 16 18 20 2 4 6 8 6 8 9
51 52 51 51 54 8 6 12 10 16 14 20 18 4 2 8 6 6 8 9
52 49 51 53 54 6 8 10 12 14 16 18 20 2 4 6 8 6 8 9
51 51 54 51 52 8 6 12 10 16 14 20 18 4 2 8 6 6 8 9
56 57 59 60 58 2 4 6 8 10 12 14 16 18 20 18 20 10 10 10
57 59 60 58 56 2 4 6 8 10 12 14 16 18 20 18 20 10 10 10
59 60 58 56 57 4 2 8 6 12 10 16 14 20 18 20 18 10 10 10
60 58 56 57 59 2 4 6 8 10 12 14 16 18 20 18 20 10 10 10
58 56 57 59 60 4 2 8 6 12 10 16 14 20 18 20 18 10 10 10
58 59 60 60 60 2 4 6 8 10 12 14 16 18 20 18 20 10 10 10
57 58 57 58 55 2 4 6 8 10 12 14 16 18 20 18 20 10 10 10
57 57 59 59 58 2 4 6 8 10 12 14 16 18 20 18 20 10 10 10
58 57 57 59 59 4 2 8 6 12 10 16 14 20 18 20 18 10 10 10
58 57 58 59 58 4 2 8 6 12 10 16 14 20 18 20 18 10 10 10
58 58 55 55 59 4 2 8 6 12 10 16 14 20 18 20 18 10 10 10
57 57 57 57 57 4 2 8 6 12 10 16 14 20 18 20 18 10 10 10
55 57 59 60 58 2 4 6 8 10 12 14 16 18 20 18 20 10 10 10
57 58 57 57 60 4 2 8 6 12 10 16 14 20 18 20 18 10 10 10
58 55 57 59 60 2 4 6 8 10 12 14 16 18 20 18 20 10 10 10
57 57 60 57 58 4 2 8 6 12 10 16 14 20 18 20 18 10 10 10

SIZE: 100 x 20
METHOD: Six-block row decomposition construction (Theorem 21 and Appendix A.3), with t=10 five-column inputs of row sizes 6,6,6,6,6,6,16,16,16,16, and 15 added columns from factorized input pairs. The total added-column weight is 54.
MATRIX:
2 3 5 6 4 3 3 3 3 3 3 3 3 3 3 3 3 1 1 1
3 5 6 4 2 1 1 1 1 1 1 1 1 1 1 1 1 1 1 1
5 6 4 2 3 3 3 3 3 3 3 3 3 3 3 3 3 1 1 1
6 4 2 3 5 1 1 1 1 1 1 1 1 1 1 1 1 1 1 1
4 2 3 5 6 3 3 3 3 3 3 3 3 3 3 3 3 1 1 1
1 1 1 1 1 1 1 1 1 1 1 1 1 1 1 1 1 1 1 1
8 9 11 12 10 7 7 7 7 7 7 7 7 7 7 4 2 3 3 3
9 11 12 10 8 5 5 5 5 5 5 5 5 5 5 2 4 3 3 3
11 12 10 8 9 7 7 7 7 7 7 7 7 7 7 4 2 3 3 3
12 10 8 9 11 5 5 5 5 5 5 5 5 5 5 2 4 3 3 3
10 8 9 11 12 7 7 7 7 7 7 7 7 7 7 4 2 3 3 3
7 7 7 7 7 5 5 5 5 5 5 5 5 5 5 2 4 3 3 3
14 15 17 18 16 11 11 4 2 11 11 11 11 11 11 7 7 4 5 5
15 17 18 16 14 9 9 2 4 9 9 9 9 9 9 5 5 4 5 5
17 18 16 14 15 11 11 4 2 11 11 11 11 11 11 7 7 4 5 5
18 16 14 15 17 9 9 2 4 9 9 9 9 9 9 5 5 4 5 5
16 14 15 17 18 11 11 4 2 11 11 11 11 11 11 7 7 4 5 5
13 13 13 13 13 9 9 2 4 9 9 9 9 9 9 5 5 4 5 5
20 21 23 24 22 15 15 11 11 8 6 15 15 15 15 11 11 2 6 7
21 23 24 22 20 13 13 9 9 6 8 13 13 13 13 9 9 2 6 7
23 24 22 20 21 15 15 11 11 8 6 15 15 15 15 11 11 2 6 7
24 22 20 21 23 13 13 9 9 6 8 13 13 13 13 9 9 2 6 7
22 20 21 23 24 15 15 11 11 8 6 15 15 15 15 11 11 2 6 7
19 19 19 19 19 13 13 9 9 6 8 13 13 13 13 9 9 2 6 7
26 27 29 30 28 19 19 15 15 4 2 12 10 19 19 15 15 5 4 8
27 29 30 28 26 17 17 13 13 2 4 10 12 17 17 13 13 5 4 8
29 30 28 26 27 19 19 15 15 4 2 12 10 19 19 15 15 5 4 8
30 28 26 27 29 17 17 13 13 2 4 10 12 17 17 13 13 5 4 8
28 26 27 29 30 19 19 15 15 4 2 12 10 19 19 15 15 5 4 8
25 25 25 25 25 17 17 13 13 2 4 10 12 17 17 13 13 5 4 8
32 33 35 36 34 20 18 19 19 15 15 8 6 16 14 19 19 7 2 6
33 35 36 34 32 18 20 17 17 13 13 6 8 14 16 17 17 7 2 6
35 36 34 32 33 20 18 19 19 15 15 8 6 16 14 19 19 7 2 6
36 34 32 33 35 18 20 17 17 13 13 6 8 14 16 17 17 7 2 6
34 32 33 35 36 20 18 19 19 15 15 8 6 16 14 19 19 7 2 6
31 31 31 31 31 18 20 17 17 13 13 6 8 14 16 17 17 7 2 6
38 39 41 42 40 14 16 18 20 17 17 2 4 10 12 14 16 9 7 4
39 41 42 40 38 14 16 18 20 17 17 2 4 10 12 14 16 9 7 4
41 42 40 38 39 16 14 20 18 19 19 4 2 12 10 16 14 9 7 4
42 40 38 39 41 14 16 18 20 17 17 2 4 10 12 14 16 9 7 4
40 38 39 41 42 16 14 20 18 19 19 4 2 12 10 16 14 9 7 4
40 41 42 42 42 14 16 18 20 17 17 2 4 10 12 14 16 9 7 4
39 40 39 40 37 14 16 18 20 17 17 2 4 10 12 14 16 9 7 4
39 39 41 41 40 14 16 18 20 17 17 2 4 10 12 14 16 9 7 4
40 39 39 41 41 16 14 20 18 19 19 4 2 12 10 16 14 9 7 4
40 39 40 41 40 16 14 20 18 19 19 4 2 12 10 16 14 9 7 4
40 40 37 37 41 16 14 20 18 19 19 4 2 12 10 16 14 9 7 4
39 39 39 39 39 16 14 20 18 19 19 4 2 12 10 16 14 9 7 4
37 39 41 42 40 14 16 18 20 17 17 2 4 10 12 14 16 9 7 4
39 40 39 39 42 16 14 20 18 19 19 4 2 12 10 16 14 9 7 4
40 37 39 41 42 14 16 18 20 17 17 2 4 10 12 14 16 9 7 4
39 39 42 39 40 16 14 20 18 19 19 4 2 12 10 16 14 9 7 4
44 45 47 48 46 10 12 14 16 18 20 17 17 6 8 10 12 8 9 2
45 47 48 46 44 10 12 14 16 18 20 17 17 6 8 10 12 8 9 2
47 48 46 44 45 12 10 16 14 20 18 19 19 8 6 12 10 8 9 2
48 46 44 45 47 10 12 14 16 18 20 17 17 6 8 10 12 8 9 2
46 44 45 47 48 12 10 16 14 20 18 19 19 8 6 12 10 8 9 2
46 47 48 48 48 10 12 14 16 18 20 17 17 6 8 10 12 8 9 2
45 46 45 46 43 10 12 14 16 18 20 17 17 6 8 10 12 8 9 2
45 45 47 47 46 10 12 14 16 18 20 17 17 6 8 10 12 8 9 2
46 45 45 47 47 12 10 16 14 20 18 19 19 8 6 12 10 8 9 2
46 45 46 47 46 12 10 16 14 20 18 19 19 8 6 12 10 8 9 2
46 46 43 43 47 12 10 16 14 20 18 19 19 8 6 12 10 8 9 2
45 45 45 45 45 12 10 16 14 20 18 19 19 8 6 12 10 8 9 2
43 45 47 48 46 10 12 14 16 18 20 17 17 6 8 10 12 8 9 2
45 46 45 45 48 12 10 16 14 20 18 19 19 8 6 12 10 8 9 2
46 43 45 47 48 10 12 14 16 18 20 17 17 6 8 10 12 8 9 2
45 45 48 45 46 12 10 16 14 20 18 19 19 8 6 12 10 8 9 2
50 51 53 54 52 6 8 10 12 14 16 18 20 2 4 6 8 6 8 9
51 53 54 52 50 6 8 10 12 14 16 18 20 2 4 6 8 6 8 9
53 54 52 50 51 8 6 12 10 16 14 20 18 4 2 8 6 6 8 9
54 52 50 51 53 6 8 10 12 14 16 18 20 2 4 6 8 6 8 9
52 50 51 53 54 8 6 12 10 16 14 20 18 4 2 8 6 6 8 9
52 53 54 54 54 6 8 10 12 14 16 18 20 2 4 6 8 6 8 9
51 52 51 52 49 6 8 10 12 14 16 18 20 2 4 6 8 6 8 9
51 51 53 53 52 6 8 10 12 14 16 18 20 2 4 6 8 6 8 9
52 51 51 53 53 8 6 12 10 16 14 20 18 4 2 8 6 6 8 9
52 51 52 53 52 8 6 12 10 16 14 20 18 4 2 8 6 6 8 9
52 52 49 49 53 8 6 12 10 16 14 20 18 4 2 8 6 6 8 9
51 51 51 51 51 8 6 12 10 16 14 20 18 4 2 8 6 6 8 9
49 51 53 54 52 6 8 10 12 14 16 18 20 2 4 6 8 6 8 9
51 52 51 51 54 8 6 12 10 16 14 20 18 4 2 8 6 6 8 9
52 49 51 53 54 6 8 10 12 14 16 18 20 2 4 6 8 6 8 9
51 51 54 51 52 8 6 12 10 16 14 20 18 4 2 8 6 6 8 9
56 57 59 60 58 2 4 6 8 10 12 14 16 18 20 18 20 10 10 10
57 59 60 58 56 2 4 6 8 10 12 14 16 18 20 18 20 10 10 10
59 60 58 56 57 4 2 8 6 12 10 16 14 20 18 20 18 10 10 10
60 58 56 57 59 2 4 6 8 10 12 14 16 18 20 18 20 10 10 10
58 56 57 59 60 4 2 8 6 12 10 16 14 20 18 20 18 10 10 10
58 59 60 60 60 2 4 6 8 10 12 14 16 18 20 18 20 10 10 10
57 58 57 58 55 2 4 6 8 10 12 14 16 18 20 18 20 10 10 10
57 57 59 59 58 2 4 6 8 10 12 14 16 18 20 18 20 10 10 10
58 57 57 59 59 4 2 8 6 12 10 16 14 20 18 20 18 10 10 10
58 57 58 59 58 4 2 8 6 12 10 16 14 20 18 20 18 10 10 10
58 58 55 55 59 4 2 8 6 12 10 16 14 20 18 20 18 10 10 10
57 57 57 57 57 4 2 8 6 12 10 16 14 20 18 20 18 10 10 10
55 57 59 60 58 2 4 6 8 10 12 14 16 18 20 18 20 10 10 10
57 58 57 57 60 4 2 8 6 12 10 16 14 20 18 20 18 10 10 10
58 55 57 59 60 2 4 6 8 10 12 14 16 18 20 18 20 10 10 10
57 57 60 57 58 4 2 8 6 12 10 16 14 20 18 20 18 10 10 10

SIZE: 101 x 20
METHOD: Six-block row decomposition construction (Theorem 21 and Appendix A.3), with t=10 five-column inputs of row sizes 6,6,6,6,6,8,15,16,16,16, and 15 added columns from factorized input pairs. The total added-column weight is 54.
MATRIX:
2 3 5 6 4 3 3 3 3 3 3 3 3 3 3 3 3 1 1 1
3 5 6 4 2 1 1 1 1 1 1 1 1 1 1 1 1 1 1 1
5 6 4 2 3 3 3 3 3 3 3 3 3 3 3 3 3 1 1 1
6 4 2 3 5 1 1 1 1 1 1 1 1 1 1 1 1 1 1 1
4 2 3 5 6 3 3 3 3 3 3 3 3 3 3 3 3 1 1 1
1 1 1 1 1 1 1 1 1 1 1 1 1 1 1 1 1 1 1 1
8 9 11 12 10 7 7 7 7 7 7 7 7 7 7 4 2 3 3 3
9 11 12 10 8 5 5 5 5 5 5 5 5 5 5 2 4 3 3 3
11 12 10 8 9 7 7 7 7 7 7 7 7 7 7 4 2 3 3 3
12 10 8 9 11 5 5 5 5 5 5 5 5 5 5 2 4 3 3 3
10 8 9 11 12 7 7 7 7 7 7 7 7 7 7 4 2 3 3 3
7 7 7 7 7 5 5 5 5 5 5 5 5 5 5 2 4 3 3 3
14 15 17 18 16 11 11 4 2 11 11 11 11 11 11 7 7 4 5 5
15 17 18 16 14 9 9 2 4 9 9 9 9 9 9 5 5 4 5 5
17 18 16 14 15 11 11 4 2 11 11 11 11 11 11 7 7 4 5 5
18 16 14 15 17 9 9 2 4 9 9 9 9 9 9 5 5 4 5 5
16 14 15 17 18 11 11 4 2 11 11 11 11 11 11 7 7 4 5 5
13 13 13 13 13 9 9 2 4 9 9 9 9 9 9 5 5 4 5 5
20 21 23 24 22 15 15 11 11 8 6 15 15 15 15 11 11 2 6 7
21 23 24 22 20 13 13 9 9 6 8 13 13 13 13 9 9 2 6 7
23 24 22 20 21 15 15 11 11 8 6 15 15 15 15 11 11 2 6 7
24 22 20 21 23 13 13 9 9 6 8 13 13 13 13 9 9 2 6 7
22 20 21 23 24 15 15 11 11 8 6 15 15 15 15 11 11 2 6 7
19 19 19 19 19 13 13 9 9 6 8 13 13 13 13 9 9 2 6 7
26 27 29 30 28 19 19 15 15 4 2 12 10 19 19 15 15 5 4 8
27 29 30 28 26 17 17 13 13 2 4 10 12 17 17 13 13 5 4 8
29 30 28 26 27 19 19 15 15 4 2 12 10 19 19 15 15 5 4 8
30 28 26 27 29 17 17 13 13 2 4 10 12 17 17 13 13 5 4 8
28 26 27 29 30 19 19 15 15 4 2 12 10 19 19 15 15 5 4 8
25 25 25 25 25 17 17 13 13 2 4 10 12 17 17 13 13 5 4 8
31 31 31 31 31 18 20 17 17 13 13 6 8 14 16 17 17 7 2 6
31 32 33 33 33 20 18 19 19 15 15 8 6 16 14 19 19 7 2 6
32 33 35 35 35 18 20 17 17 13 13 6 8 14 16 17 17 7 2 6
32 34 37 37 37 20 18 19 19 15 15 8 6 16 14 19 19 7 2 6
33 33 36 32 34 20 18 19 19 15 15 8 6 16 14 19 19 7 2 6
33 34 38 34 32 18 20 17 17 13 13 6 8 14 16 17 17 7 2 6
34 31 32 36 38 20 18 19 19 15 15 8 6 16 14 19 19 7 2 6
34 32 34 38 36 20 18 19 19 15 15 8 6 16 14 19 19 7 2 6
36 37 43 44 42 16 14 20 18 19 19 4 2 12 10 16 14 9 7 4
37 39 44 42 40 14 16 18 20 17 17 2 4 10 12 14 16 9 7 4
39 40 42 40 41 16 14 20 18 19 19 4 2 12 10 16 14 9 7 4
40 38 40 41 43 14 16 18 20 17 17 2 4 10 12 14 16 9 7 4
38 36 41 43 44 14 16 18 20 17 17 2 4 10 12 14 16 9 7 4
40 38 43 42 43 16 14 20 18 19 19 4 2 12 10 16 14 9 7 4
35 39 39 41 43 14 16 18 20 17 17 2 4 10 12 14 16 9 7 4
39 40 41 44 41 14 16 18 20 17 17 2 4 10 12 14 16 9 7 4
39 40 42 39 41 14 16 18 20 17 17 2 4 10 12 14 16 9 7 4
37 39 44 42 39 14 16 18 20 17 17 2 4 10 12 14 16 9 7 4
38 35 44 42 42 16 14 20 18 19 19 4 2 12 10 16 14 9 7 4
37 40 41 43 44 16 14 20 18 19 19 4 2 12 10 16 14 9 7 4
40 38 43 44 44 16 14 20 18 19 19 4 2 12 10 16 14 9 7 4
37 39 44 41 44 14 16 18 20 17 17 2 4 10 12 14 16 9 7 4
37 39 43 43 44 16 14 20 18 19 19 4 2 12 10 16 14 9 7 4
42 43 49 50 48 10 12 14 16 18 20 17 17 6 8 10 12 8 9 2
43 45 50 48 46 10 12 14 16 18 20 17 17 6 8 10 12 8 9 2
45 46 48 46 47 12 10 16 14 20 18 19 19 8 6 12 10 8 9 2
46 44 46 47 49 10 12 14 16 18 20 17 17 6 8 10 12 8 9 2
44 42 47 49 50 12 10 16 14 20 18 19 19 8 6 12 10 8 9 2
44 45 50 50 50 10 12 14 16 18 20 17 17 6 8 10 12 8 9 2
43 44 47 48 45 10 12 14 16 18 20 17 17 6 8 10 12 8 9 2
43 43 49 49 48 10 12 14 16 18 20 17 17 6 8 10 12 8 9 2
44 43 47 49 49 12 10 16 14 20 18 19 19 8 6 12 10 8 9 2
44 43 48 49 48 12 10 16 14 20 18 19 19 8 6 12 10 8 9 2
44 44 45 45 49 12 10 16 14 20 18 19 19 8 6 12 10 8 9 2
43 43 47 47 47 12 10 16 14 20 18 19 19 8 6 12 10 8 9 2
41 43 49 50 48 10 12 14 16 18 20 17 17 6 8 10 12 8 9 2
43 44 47 47 50 12 10 16 14 20 18 19 19 8 6 12 10 8 9 2
44 41 47 49 50 10 12 14 16 18 20 17 17 6 8 10 12 8 9 2
43 43 50 47 48 12 10 16 14 20 18 19 19 8 6 12 10 8 9 2
48 49 55 56 54 6 8 10 12 14 16 18 20 2 4 6 8 6 8 9
49 51 56 54 52 6 8 10 12 14 16 18 20 2 4 6 8 6 8 9
51 52 54 52 53 8 6 12 10 16 14 20 18 4 2 8 6 6 8 9
52 50 52 53 55 6 8 10 12 14 16 18 20 2 4 6 8 6 8 9
50 48 53 55 56 8 6 12 10 16 14 20 18 4 2 8 6 6 8 9
50 51 56 56 56 6 8 10 12 14 16 18 20 2 4 6 8 6 8 9
49 50 53 54 51 6 8 10 12 14 16 18 20 2 4 6 8 6 8 9
49 49 55 55 54 6 8 10 12 14 16 18 20 2 4 6 8 6 8 9
50 49 53 55 55 8 6 12 10 16 14 20 18 4 2 8 6 6 8 9
50 49 54 55 54 8 6 12 10 16 14 20 18 4 2 8 6 6 8 9
50 50 51 51 55 8 6 12 10 16 14 20 18 4 2 8 6 6 8 9
49 49 53 53 53 8 6 12 10 16 14 20 18 4 2 8 6 6 8 9
47 49 55 56 54 6 8 10 12 14 16 18 20 2 4 6 8 6 8 9
49 50 53 53 56 8 6 12 10 16 14 20 18 4 2 8 6 6 8 9
50 47 53 55 56 6 8 10 12 14 16 18 20 2 4 6 8 6 8 9
49 49 56 53 54 8 6 12 10 16 14 20 18 4 2 8 6 6 8 9
54 55 61 62 60 2 4 6 8 10 12 14 16 18 20 18 20 10 10 10
55 57 62 60 58 2 4 6 8 10 12 14 16 18 20 18 20 10 10 10
57 58 60 58 59 4 2 8 6 12 10 16 14 20 18 20 18 10 10 10
58 56 58 59 61 2 4 6 8 10 12 14 16 18 20 18 20 10 10 10
56 54 59 61 62 4 2 8 6 12 10 16 14 20 18 20 18 10 10 10
56 57 62 62 62 2 4 6 8 10 12 14 16 18 20 18 20 10 10 10
55 56 59 60 57 2 4 6 8 10 12 14 16 18 20 18 20 10 10 10
55 55 61 61 60 2 4 6 8 10 12 14 16 18 20 18 20 10 10 10
56 55 59 61 61 4 2 8 6 12 10 16 14 20 18 20 18 10 10 10
56 55 60 61 60 4 2 8 6 12 10 16 14 20 18 20 18 10 10 10
56 56 57 57 61 4 2 8 6 12 10 16 14 20 18 20 18 10 10 10
55 55 59 59 59 4 2 8 6 12 10 16 14 20 18 20 18 10 10 10
53 55 61 62 60 2 4 6 8 10 12 14 16 18 20 18 20 10 10 10
55 56 59 59 62 4 2 8 6 12 10 16 14 20 18 20 18 10 10 10
56 53 59 61 62 2 4 6 8 10 12 14 16 18 20 18 20 10 10 10
55 55 62 59 60 4 2 8 6 12 10 16 14 20 18 20 18 10 10 10

SIZE: 102 x 20
METHOD: Six-block row decomposition construction (Theorem 21 and Appendix A.3), with t=10 five-column inputs of row sizes 6,6,6,6,6,8,16,16,16,16, and 15 added columns from factorized input pairs. The total added-column weight is 54.
MATRIX:
2 3 5 6 4 3 3 3 3 3 3 3 3 3 3 3 3 1 1 1
3 5 6 4 2 1 1 1 1 1 1 1 1 1 1 1 1 1 1 1
5 6 4 2 3 3 3 3 3 3 3 3 3 3 3 3 3 1 1 1
6 4 2 3 5 1 1 1 1 1 1 1 1 1 1 1 1 1 1 1
4 2 3 5 6 3 3 3 3 3 3 3 3 3 3 3 3 1 1 1
1 1 1 1 1 1 1 1 1 1 1 1 1 1 1 1 1 1 1 1
8 9 11 12 10 7 7 7 7 7 7 7 7 7 7 4 2 3 3 3
9 11 12 10 8 5 5 5 5 5 5 5 5 5 5 2 4 3 3 3
11 12 10 8 9 7 7 7 7 7 7 7 7 7 7 4 2 3 3 3
12 10 8 9 11 5 5 5 5 5 5 5 5 5 5 2 4 3 3 3
10 8 9 11 12 7 7 7 7 7 7 7 7 7 7 4 2 3 3 3
7 7 7 7 7 5 5 5 5 5 5 5 5 5 5 2 4 3 3 3
14 15 17 18 16 11 11 4 2 11 11 11 11 11 11 7 7 4 5 5
15 17 18 16 14 9 9 2 4 9 9 9 9 9 9 5 5 4 5 5
17 18 16 14 15 11 11 4 2 11 11 11 11 11 11 7 7 4 5 5
18 16 14 15 17 9 9 2 4 9 9 9 9 9 9 5 5 4 5 5
16 14 15 17 18 11 11 4 2 11 11 11 11 11 11 7 7 4 5 5
13 13 13 13 13 9 9 2 4 9 9 9 9 9 9 5 5 4 5 5
20 21 23 24 22 15 15 11 11 8 6 15 15 15 15 11 11 2 6 7
21 23 24 22 20 13 13 9 9 6 8 13 13 13 13 9 9 2 6 7
23 24 22 20 21 15 15 11 11 8 6 15 15 15 15 11 11 2 6 7
24 22 20 21 23 13 13 9 9 6 8 13 13 13 13 9 9 2 6 7
22 20 21 23 24 15 15 11 11 8 6 15 15 15 15 11 11 2 6 7
19 19 19 19 19 13 13 9 9 6 8 13 13 13 13 9 9 2 6 7
26 27 29 30 28 19 19 15 15 4 2 12 10 19 19 15 15 5 4 8
27 29 30 28 26 17 17 13 13 2 4 10 12 17 17 13 13 5 4 8
29 30 28 26 27 19 19 15 15 4 2 12 10 19 19 15 15 5 4 8
30 28 26 27 29 17 17 13 13 2 4 10 12 17 17 13 13 5 4 8
28 26 27 29 30 19 19 15 15 4 2 12 10 19 19 15 15 5 4 8
25 25 25 25 25 17 17 13 13 2 4 10 12 17 17 13 13 5 4 8
31 31 31 31 31 18 20 17 17 13 13 6 8 14 16 17 17 7 2 6
31 32 33 33 33 20 18 19 19 15 15 8 6 16 14 19 19 7 2 6
32 33 35 35 35 18 20 17 17 13 13 6 8 14 16 17 17 7 2 6
32 34 37 37 37 20 18 19 19 15 15 8 6 16 14 19 19 7 2 6
33 33 36 32 34 20 18 19 19 15 15 8 6 16 14 19 19 7 2 6
33 34 38 34 32 18 20 17 17 13 13 6 8 14 16 17 17 7 2 6
34 31 32 36 38 20 18 19 19 15 15 8 6 16 14 19 19 7 2 6
34 32 34 38 36 20 18 19 19 15 15 8 6 16 14 19 19 7 2 6
36 37 43 44 42 14 16 18 20 17 17 2 4 10 12 14 16 9 7 4
37 39 44 42 40 14 16 18 20 17 17 2 4 10 12 14 16 9 7 4
39 40 42 40 41 16 14 20 18 19 19 4 2 12 10 16 14 9 7 4
40 38 40 41 43 14 16 18 20 17 17 2 4 10 12 14 16 9 7 4
38 36 41 43 44 16 14 20 18 19 19 4 2 12 10 16 14 9 7 4
38 39 44 44 44 14 16 18 20 17 17 2 4 10 12 14 16 9 7 4
37 38 41 42 39 14 16 18 20 17 17 2 4 10 12 14 16 9 7 4
37 37 43 43 42 14 16 18 20 17 17 2 4 10 12 14 16 9 7 4
38 37 41 43 43 16 14 20 18 19 19 4 2 12 10 16 14 9 7 4
38 37 42 43 42 16 14 20 18 19 19 4 2 12 10 16 14 9 7 4
38 38 39 39 43 16 14 20 18 19 19 4 2 12 10 16 14 9 7 4
37 37 41 41 41 16 14 20 18 19 19 4 2 12 10 16 14 9 7 4
35 37 43 44 42 14 16 18 20 17 17 2 4 10 12 14 16 9 7 4
37 38 41 41 44 16 14 20 18 19 19 4 2 12 10 16 14 9 7 4
38 35 41 43 44 14 16 18 20 17 17 2 4 10 12 14 16 9 7 4
37 37 44 41 42 16 14 20 18 19 19 4 2 12 10 16 14 9 7 4
42 43 49 50 48 10 12 14 16 18 20 17 17 6 8 10 12 8 9 2
43 45 50 48 46 10 12 14 16 18 20 17 17 6 8 10 12 8 9 2
45 46 48 46 47 12 10 16 14 20 18 19 19 8 6 12 10 8 9 2
46 44 46 47 49 10 12 14 16 18 20 17 17 6 8 10 12 8 9 2
44 42 47 49 50 12 10 16 14 20 18 19 19 8 6 12 10 8 9 2
44 45 50 50 50 10 12 14 16 18 20 17 17 6 8 10 12 8 9 2
43 44 47 48 45 10 12 14 16 18 20 17 17 6 8 10 12 8 9 2
43 43 49 49 48 10 12 14 16 18 20 17 17 6 8 10 12 8 9 2
44 43 47 49 49 12 10 16 14 20 18 19 19 8 6 12 10 8 9 2
44 43 48 49 48 12 10 16 14 20 18 19 19 8 6 12 10 8 9 2
44 44 45 45 49 12 10 16 14 20 18 19 19 8 6 12 10 8 9 2
43 43 47 47 47 12 10 16 14 20 18 19 19 8 6 12 10 8 9 2
41 43 49 50 48 10 12 14 16 18 20 17 17 6 8 10 12 8 9 2
43 44 47 47 50 12 10 16 14 20 18 19 19 8 6 12 10 8 9 2
44 41 47 49 50 10 12 14 16 18 20 17 17 6 8 10 12 8 9 2
43 43 50 47 48 12 10 16 14 20 18 19 19 8 6 12 10 8 9 2
48 49 55 56 54 6 8 10 12 14 16 18 20 2 4 6 8 6 8 9
49 51 56 54 52 6 8 10 12 14 16 18 20 2 4 6 8 6 8 9
51 52 54 52 53 8 6 12 10 16 14 20 18 4 2 8 6 6 8 9
52 50 52 53 55 6 8 10 12 14 16 18 20 2 4 6 8 6 8 9
50 48 53 55 56 8 6 12 10 16 14 20 18 4 2 8 6 6 8 9
50 51 56 56 56 6 8 10 12 14 16 18 20 2 4 6 8 6 8 9
49 50 53 54 51 6 8 10 12 14 16 18 20 2 4 6 8 6 8 9
49 49 55 55 54 6 8 10 12 14 16 18 20 2 4 6 8 6 8 9
50 49 53 55 55 8 6 12 10 16 14 20 18 4 2 8 6 6 8 9
50 49 54 55 54 8 6 12 10 16 14 20 18 4 2 8 6 6 8 9
50 50 51 51 55 8 6 12 10 16 14 20 18 4 2 8 6 6 8 9
49 49 53 53 53 8 6 12 10 16 14 20 18 4 2 8 6 6 8 9
47 49 55 56 54 6 8 10 12 14 16 18 20 2 4 6 8 6 8 9
49 50 53 53 56 8 6 12 10 16 14 20 18 4 2 8 6 6 8 9
50 47 53 55 56 6 8 10 12 14 16 18 20 2 4 6 8 6 8 9
49 49 56 53 54 8 6 12 10 16 14 20 18 4 2 8 6 6 8 9
54 55 61 62 60 2 4 6 8 10 12 14 16 18 20 18 20 10 10 10
55 57 62 60 58 2 4 6 8 10 12 14 16 18 20 18 20 10 10 10
57 58 60 58 59 4 2 8 6 12 10 16 14 20 18 20 18 10 10 10
58 56 58 59 61 2 4 6 8 10 12 14 16 18 20 18 20 10 10 10
56 54 59 61 62 4 2 8 6 12 10 16 14 20 18 20 18 10 10 10
56 57 62 62 62 2 4 6 8 10 12 14 16 18 20 18 20 10 10 10
55 56 59 60 57 2 4 6 8 10 12 14 16 18 20 18 20 10 10 10
55 55 61 61 60 2 4 6 8 10 12 14 16 18 20 18 20 10 10 10
56 55 59 61 61 4 2 8 6 12 10 16 14 20 18 20 18 10 10 10
56 55 60 61 60 4 2 8 6 12 10 16 14 20 18 20 18 10 10 10
56 56 57 57 61 4 2 8 6 12 10 16 14 20 18 20 18 10 10 10
55 55 59 59 59 4 2 8 6 12 10 16 14 20 18 20 18 10 10 10
53 55 61 62 60 2 4 6 8 10 12 14 16 18 20 18 20 10 10 10
55 56 59 59 62 4 2 8 6 12 10 16 14 20 18 20 18 10 10 10
56 53 59 61 62 2 4 6 8 10 12 14 16 18 20 18 20 10 10 10
55 55 62 59 60 4 2 8 6 12 10 16 14 20 18 20 18 10 10 10

SIZE: 103 x 20
METHOD: Six-block row decomposition construction (Theorem 21 and Appendix A.3), with t=10 five-column inputs of row sizes 6,6,6,6,6,9,16,16,16,16, and 15 added columns from factorized input pairs. The total added-column weight is 54.
MATRIX:
2 3 5 6 4 3 3 3 3 3 3 3 3 3 3 3 3 1 1 1
3 5 6 4 2 1 1 1 1 1 1 1 1 1 1 1 1 1 1 1
5 6 4 2 3 3 3 3 3 3 3 3 3 3 3 3 3 1 1 1
6 4 2 3 5 1 1 1 1 1 1 1 1 1 1 1 1 1 1 1
4 2 3 5 6 3 3 3 3 3 3 3 3 3 3 3 3 1 1 1
1 1 1 1 1 1 1 1 1 1 1 1 1 1 1 1 1 1 1 1
8 9 11 12 10 7 7 7 7 7 7 7 7 7 7 4 2 3 3 3
9 11 12 10 8 5 5 5 5 5 5 5 5 5 5 2 4 3 3 3
11 12 10 8 9 7 7 7 7 7 7 7 7 7 7 4 2 3 3 3
12 10 8 9 11 5 5 5 5 5 5 5 5 5 5 2 4 3 3 3
10 8 9 11 12 7 7 7 7 7 7 7 7 7 7 4 2 3 3 3
7 7 7 7 7 5 5 5 5 5 5 5 5 5 5 2 4 3 3 3
14 15 17 18 16 11 11 4 2 11 11 11 11 11 11 7 7 4 5 5
15 17 18 16 14 9 9 2 4 9 9 9 9 9 9 5 5 4 5 5
17 18 16 14 15 11 11 4 2 11 11 11 11 11 11 7 7 4 5 5
18 16 14 15 17 9 9 2 4 9 9 9 9 9 9 5 5 4 5 5
16 14 15 17 18 11 11 4 2 11 11 11 11 11 11 7 7 4 5 5
13 13 13 13 13 9 9 2 4 9 9 9 9 9 9 5 5 4 5 5
20 21 23 24 22 15 15 11 11 8 6 15 15 15 15 11 11 2 6 7
21 23 24 22 20 13 13 9 9 6 8 13 13 13 13 9 9 2 6 7
23 24 22 20 21 15 15 11 11 8 6 15 15 15 15 11 11 2 6 7
24 22 20 21 23 13 13 9 9 6 8 13 13 13 13 9 9 2 6 7
22 20 21 23 24 15 15 11 11 8 6 15 15 15 15 11 11 2 6 7
19 19 19 19 19 13 13 9 9 6 8 13 13 13 13 9 9 2 6 7
26 27 29 30 28 19 19 15 15 4 2 12 10 19 19 15 15 5 4 8
27 29 30 28 26 17 17 13 13 2 4 10 12 17 17 13 13 5 4 8
29 30 28 26 27 19 19 15 15 4 2 12 10 19 19 15 15 5 4 8
30 28 26 27 29 17 17 13 13 2 4 10 12 17 17 13 13 5 4 8
28 26 27 29 30 19 19 15 15 4 2 12 10 19 19 15 15 5 4 8
25 25 25 25 25 17 17 13 13 2 4 10 12 17 17 13 13 5 4 8
32 33 35 36 34 18 20 17 17 13 13 6 8 14 16 17 17 7 2 6
33 35 36 34 32 20 18 19 19 15 15 8 6 16 14 19 19 7 2 6
35 36 34 32 33 18 20 17 17 13 13 6 8 14 16 17 17 7 2 6
36 34 32 33 35 18 20 17 17 13 13 6 8 14 16 17 17 7 2 6
34 32 33 35 36 20 18 19 19 15 15 8 6 16 14 19 19 7 2 6
36 31 31 35 31 20 18 19 19 15 15 8 6 16 14 19 19 7 2 6
31 33 33 36 31 20 18 19 19 15 15 8 6 16 14 19 19 7 2 6
34 34 33 36 36 18 20 17 17 13 13 6 8 14 16 17 17 7 2 6
35 34 35 31 35 18 20 17 17 13 13 6 8 14 16 17 17 7 2 6
38 39 41 42 40 14 16 18 20 17 17 2 4 10 12 14 16 9 7 4
39 41 42 40 38 14 16 18 20 17 17 2 4 10 12 14 16 9 7 4
41 42 40 38 39 16 14 20 18 19 19 4 2 12 10 16 14 9 7 4
42 40 38 39 41 14 16 18 20 17 17 2 4 10 12 14 16 9 7 4
40 38 39 41 42 16 14 20 18 19 19 4 2 12 10 16 14 9 7 4
40 41 42 42 42 14 16 18 20 17 17 2 4 10 12 14 16 9 7 4
39 40 39 40 37 14 16 18 20 17 17 2 4 10 12 14 16 9 7 4
39 39 41 41 40 14 16 18 20 17 17 2 4 10 12 14 16 9 7 4
40 39 39 41 41 16 14 20 18 19 19 4 2 12 10 16 14 9 7 4
40 39 40 41 40 16 14 20 18 19 19 4 2 12 10 16 14 9 7 4
40 40 37 37 41 16 14 20 18 19 19 4 2 12 10 16 14 9 7 4
39 39 39 39 39 16 14 20 18 19 19 4 2 12 10 16 14 9 7 4
37 39 41 42 40 14 16 18 20 17 17 2 4 10 12 14 16 9 7 4
39 40 39 39 42 16 14 20 18 19 19 4 2 12 10 16 14 9 7 4
40 37 39 41 42 14 16 18 20 17 17 2 4 10 12 14 16 9 7 4
39 39 42 39 40 16 14 20 18 19 19 4 2 12 10 16 14 9 7 4
44 45 47 48 46 10 12 14 16 18 20 17 17 6 8 10 12 8 9 2
45 47 48 46 44 10 12 14 16 18 20 17 17 6 8 10 12 8 9 2
47 48 46 44 45 12 10 16 14 20 18 19 19 8 6 12 10 8 9 2
48 46 44 45 47 10 12 14 16 18 20 17 17 6 8 10 12 8 9 2
46 44 45 47 48 12 10 16 14 20 18 19 19 8 6 12 10 8 9 2
46 47 48 48 48 10 12 14 16 18 20 17 17 6 8 10 12 8 9 2
45 46 45 46 43 10 12 14 16 18 20 17 17 6 8 10 12 8 9 2
45 45 47 47 46 10 12 14 16 18 20 17 17 6 8 10 12 8 9 2
46 45 45 47 47 12 10 16 14 20 18 19 19 8 6 12 10 8 9 2
46 45 46 47 46 12 10 16 14 20 18 19 19 8 6 12 10 8 9 2
46 46 43 43 47 12 10 16 14 20 18 19 19 8 6 12 10 8 9 2
45 45 45 45 45 12 10 16 14 20 18 19 19 8 6 12 10 8 9 2
43 45 47 48 46 10 12 14 16 18 20 17 17 6 8 10 12 8 9 2
45 46 45 45 48 12 10 16 14 20 18 19 19 8 6 12 10 8 9 2
46 43 45 47 48 10 12 14 16 18 20 17 17 6 8 10 12 8 9 2
45 45 48 45 46 12 10 16 14 20 18 19 19 8 6 12 10 8 9 2
50 51 53 54 52 6 8 10 12 14 16 18 20 2 4 6 8 6 8 9
51 53 54 52 50 6 8 10 12 14 16 18 20 2 4 6 8 6 8 9
53 54 52 50 51 8 6 12 10 16 14 20 18 4 2 8 6 6 8 9
54 52 50 51 53 6 8 10 12 14 16 18 20 2 4 6 8 6 8 9
52 50 51 53 54 8 6 12 10 16 14 20 18 4 2 8 6 6 8 9
52 53 54 54 54 6 8 10 12 14 16 18 20 2 4 6 8 6 8 9
51 52 51 52 49 6 8 10 12 14 16 18 20 2 4 6 8 6 8 9
51 51 53 53 52 6 8 10 12 14 16 18 20 2 4 6 8 6 8 9
52 51 51 53 53 8 6 12 10 16 14 20 18 4 2 8 6 6 8 9
52 51 52 53 52 8 6 12 10 16 14 20 18 4 2 8 6 6 8 9
52 52 49 49 53 8 6 12 10 16 14 20 18 4 2 8 6 6 8 9
51 51 51 51 51 8 6 12 10 16 14 20 18 4 2 8 6 6 8 9
49 51 53 54 52 6 8 10 12 14 16 18 20 2 4 6 8 6 8 9
51 52 51 51 54 8 6 12 10 16 14 20 18 4 2 8 6 6 8 9
52 49 51 53 54 6 8 10 12 14 16 18 20 2 4 6 8 6 8 9
51 51 54 51 52 8 6 12 10 16 14 20 18 4 2 8 6 6 8 9
56 57 59 60 58 2 4 6 8 10 12 14 16 18 20 18 20 10 10 10
57 59 60 58 56 2 4 6 8 10 12 14 16 18 20 18 20 10 10 10
59 60 58 56 57 4 2 8 6 12 10 16 14 20 18 20 18 10 10 10
60 58 56 57 59 2 4 6 8 10 12 14 16 18 20 18 20 10 10 10
58 56 57 59 60 4 2 8 6 12 10 16 14 20 18 20 18 10 10 10
58 59 60 60 60 2 4 6 8 10 12 14 16 18 20 18 20 10 10 10
57 58 57 58 55 2 4 6 8 10 12 14 16 18 20 18 20 10 10 10
57 57 59 59 58 2 4 6 8 10 12 14 16 18 20 18 20 10 10 10
58 57 57 59 59 4 2 8 6 12 10 16 14 20 18 20 18 10 10 10
58 57 58 59 58 4 2 8 6 12 10 16 14 20 18 20 18 10 10 10
58 58 55 55 59 4 2 8 6 12 10 16 14 20 18 20 18 10 10 10
57 57 57 57 57 4 2 8 6 12 10 16 14 20 18 20 18 10 10 10
55 57 59 60 58 2 4 6 8 10 12 14 16 18 20 18 20 10 10 10
57 58 57 57 60 4 2 8 6 12 10 16 14 20 18 20 18 10 10 10
58 55 57 59 60 2 4 6 8 10 12 14 16 18 20 18 20 10 10 10
57 57 60 57 58 4 2 8 6 12 10 16 14 20 18 20 18 10 10 10

SIZE: 104 x 20
METHOD: Six-block row decomposition construction (Theorem 21 and Appendix A.3), with t=10 five-column inputs of row sizes 6,6,6,6,6,10,16,16,16,16, and 15 added columns from factorized input pairs. The total added-column weight is 54.
MATRIX:
2 3 5 6 4 3 3 3 3 3 3 3 3 3 3 3 3 1 1 1
3 5 6 4 2 1 1 1 1 1 1 1 1 1 1 1 1 1 1 1
5 6 4 2 3 3 3 3 3 3 3 3 3 3 3 3 3 1 1 1
6 4 2 3 5 1 1 1 1 1 1 1 1 1 1 1 1 1 1 1
4 2 3 5 6 3 3 3 3 3 3 3 3 3 3 3 3 1 1 1
1 1 1 1 1 1 1 1 1 1 1 1 1 1 1 1 1 1 1 1
8 9 11 12 10 7 7 7 7 7 7 7 7 7 7 4 2 3 3 3
9 11 12 10 8 5 5 5 5 5 5 5 5 5 5 2 4 3 3 3
11 12 10 8 9 7 7 7 7 7 7 7 7 7 7 4 2 3 3 3
12 10 8 9 11 5 5 5 5 5 5 5 5 5 5 2 4 3 3 3
10 8 9 11 12 7 7 7 7 7 7 7 7 7 7 4 2 3 3 3
7 7 7 7 7 5 5 5 5 5 5 5 5 5 5 2 4 3 3 3
14 15 17 18 16 11 11 4 2 11 11 11 11 11 11 7 7 4 5 5
15 17 18 16 14 9 9 2 4 9 9 9 9 9 9 5 5 4 5 5
17 18 16 14 15 11 11 4 2 11 11 11 11 11 11 7 7 4 5 5
18 16 14 15 17 9 9 2 4 9 9 9 9 9 9 5 5 4 5 5
16 14 15 17 18 11 11 4 2 11 11 11 11 11 11 7 7 4 5 5
13 13 13 13 13 9 9 2 4 9 9 9 9 9 9 5 5 4 5 5
20 21 23 24 22 15 15 11 11 8 6 15 15 15 15 11 11 2 6 7
21 23 24 22 20 13 13 9 9 6 8 13 13 13 13 9 9 2 6 7
23 24 22 20 21 15 15 11 11 8 6 15 15 15 15 11 11 2 6 7
24 22 20 21 23 13 13 9 9 6 8 13 13 13 13 9 9 2 6 7
22 20 21 23 24 15 15 11 11 8 6 15 15 15 15 11 11 2 6 7
19 19 19 19 19 13 13 9 9 6 8 13 13 13 13 9 9 2 6 7
26 27 29 30 28 19 19 15 15 4 2 12 10 19 19 15 15 5 4 8
27 29 30 28 26 17 17 13 13 2 4 10 12 17 17 13 13 5 4 8
29 30 28 26 27 19 19 15 15 4 2 12 10 19 19 15 15 5 4 8
30 28 26 27 29 17 17 13 13 2 4 10 12 17 17 13 13 5 4 8
28 26 27 29 30 19 19 15 15 4 2 12 10 19 19 15 15 5 4 8
25 25 25 25 25 17 17 13 13 2 4 10 12 17 17 13 13 5 4 8
32 33 35 36 34 18 20 17 17 13 13 6 8 14 16 17 17 7 2 6
33 35 36 34 32 20 18 19 19 15 15 8 6 16 14 19 19 7 2 6
35 36 34 32 33 18 20 17 17 13 13 6 8 14 16 17 17 7 2 6
36 34 32 33 35 18 20 17 17 13 13 6 8 14 16 17 17 7 2 6
34 32 33 35 36 20 18 19 19 15 15 8 6 16 14 19 19 7 2 6
35 36 36 31 35 20 18 19 19 15 15 8 6 16 14 19 19 7 2 6
36 31 36 34 31 18 20 17 17 13 13 6 8 14 16 17 17 7 2 6
36 31 31 33 33 18 20 17 17 13 13 6 8 14 16 17 17 7 2 6
35 35 36 36 31 20 18 19 19 15 15 8 6 16 14 19 19 7 2 6
31 35 35 34 35 20 18 19 19 15 15 8 6 16 14 19 19 7 2 6
38 39 41 42 40 14 16 18 20 17 17 2 4 10 12 14 16 9 7 4
39 41 42 40 38 14 16 18 20 17 17 2 4 10 12 14 16 9 7 4
41 42 40 38 39 16 14 20 18 19 19 4 2 12 10 16 14 9 7 4
42 40 38 39 41 14 16 18 20 17 17 2 4 10 12 14 16 9 7 4
40 38 39 41 42 16 14 20 18 19 19 4 2 12 10 16 14 9 7 4
40 41 42 42 42 14 16 18 20 17 17 2 4 10 12 14 16 9 7 4
39 40 39 40 37 14 16 18 20 17 17 2 4 10 12 14 16 9 7 4
39 39 41 41 40 14 16 18 20 17 17 2 4 10 12 14 16 9 7 4
40 39 39 41 41 16 14 20 18 19 19 4 2 12 10 16 14 9 7 4
40 39 40 41 40 16 14 20 18 19 19 4 2 12 10 16 14 9 7 4
40 40 37 37 41 16 14 20 18 19 19 4 2 12 10 16 14 9 7 4
39 39 39 39 39 16 14 20 18 19 19 4 2 12 10 16 14 9 7 4
37 39 41 42 40 14 16 18 20 17 17 2 4 10 12 14 16 9 7 4
39 40 39 39 42 16 14 20 18 19 19 4 2 12 10 16 14 9 7 4
40 37 39 41 42 14 16 18 20 17 17 2 4 10 12 14 16 9 7 4
39 39 42 39 40 16 14 20 18 19 19 4 2 12 10 16 14 9 7 4
44 45 47 48 46 10 12 14 16 18 20 17 17 6 8 10 12 8 9 2
45 47 48 46 44 10 12 14 16 18 20 17 17 6 8 10 12 8 9 2
47 48 46 44 45 12 10 16 14 20 18 19 19 8 6 12 10 8 9 2
48 46 44 45 47 10 12 14 16 18 20 17 17 6 8 10 12 8 9 2
46 44 45 47 48 12 10 16 14 20 18 19 19 8 6 12 10 8 9 2
46 47 48 48 48 10 12 14 16 18 20 17 17 6 8 10 12 8 9 2
45 46 45 46 43 10 12 14 16 18 20 17 17 6 8 10 12 8 9 2
45 45 47 47 46 10 12 14 16 18 20 17 17 6 8 10 12 8 9 2
46 45 45 47 47 12 10 16 14 20 18 19 19 8 6 12 10 8 9 2
46 45 46 47 46 12 10 16 14 20 18 19 19 8 6 12 10 8 9 2
46 46 43 43 47 12 10 16 14 20 18 19 19 8 6 12 10 8 9 2
45 45 45 45 45 12 10 16 14 20 18 19 19 8 6 12 10 8 9 2
43 45 47 48 46 10 12 14 16 18 20 17 17 6 8 10 12 8 9 2
45 46 45 45 48 12 10 16 14 20 18 19 19 8 6 12 10 8 9 2
46 43 45 47 48 10 12 14 16 18 20 17 17 6 8 10 12 8 9 2
45 45 48 45 46 12 10 16 14 20 18 19 19 8 6 12 10 8 9 2
50 51 53 54 52 6 8 10 12 14 16 18 20 2 4 6 8 6 8 9
51 53 54 52 50 6 8 10 12 14 16 18 20 2 4 6 8 6 8 9
53 54 52 50 51 8 6 12 10 16 14 20 18 4 2 8 6 6 8 9
54 52 50 51 53 6 8 10 12 14 16 18 20 2 4 6 8 6 8 9
52 50 51 53 54 8 6 12 10 16 14 20 18 4 2 8 6 6 8 9
52 53 54 54 54 6 8 10 12 14 16 18 20 2 4 6 8 6 8 9
51 52 51 52 49 6 8 10 12 14 16 18 20 2 4 6 8 6 8 9
51 51 53 53 52 6 8 10 12 14 16 18 20 2 4 6 8 6 8 9
52 51 51 53 53 8 6 12 10 16 14 20 18 4 2 8 6 6 8 9
52 51 52 53 52 8 6 12 10 16 14 20 18 4 2 8 6 6 8 9
52 52 49 49 53 8 6 12 10 16 14 20 18 4 2 8 6 6 8 9
51 51 51 51 51 8 6 12 10 16 14 20 18 4 2 8 6 6 8 9
49 51 53 54 52 6 8 10 12 14 16 18 20 2 4 6 8 6 8 9
51 52 51 51 54 8 6 12 10 16 14 20 18 4 2 8 6 6 8 9
52 49 51 53 54 6 8 10 12 14 16 18 20 2 4 6 8 6 8 9
51 51 54 51 52 8 6 12 10 16 14 20 18 4 2 8 6 6 8 9
56 57 59 60 58 2 4 6 8 10 12 14 16 18 20 18 20 10 10 10
57 59 60 58 56 2 4 6 8 10 12 14 16 18 20 18 20 10 10 10
59 60 58 56 57 4 2 8 6 12 10 16 14 20 18 20 18 10 10 10
60 58 56 57 59 2 4 6 8 10 12 14 16 18 20 18 20 10 10 10
58 56 57 59 60 4 2 8 6 12 10 16 14 20 18 20 18 10 10 10
58 59 60 60 60 2 4 6 8 10 12 14 16 18 20 18 20 10 10 10
57 58 57 58 55 2 4 6 8 10 12 14 16 18 20 18 20 10 10 10
57 57 59 59 58 2 4 6 8 10 12 14 16 18 20 18 20 10 10 10
58 57 57 59 59 4 2 8 6 12 10 16 14 20 18 20 18 10 10 10
58 57 58 59 58 4 2 8 6 12 10 16 14 20 18 20 18 10 10 10
58 58 55 55 59 4 2 8 6 12 10 16 14 20 18 20 18 10 10 10
57 57 57 57 57 4 2 8 6 12 10 16 14 20 18 20 18 10 10 10
55 57 59 60 58 2 4 6 8 10 12 14 16 18 20 18 20 10 10 10
57 58 57 57 60 4 2 8 6 12 10 16 14 20 18 20 18 10 10 10
58 55 57 59 60 2 4 6 8 10 12 14 16 18 20 18 20 10 10 10
57 57 60 57 58 4 2 8 6 12 10 16 14 20 18 20 18 10 10 10

SIZE: 105 x 20
METHOD: Six-block row decomposition construction (Theorem 21 and Appendix A.3), with t=10 five-column inputs of row sizes 6,6,6,6,6,11,16,16,16,16, and 15 added columns from factorized input pairs. The total added-column weight is 54.
MATRIX:
2 3 5 6 4 3 3 3 3 3 3 3 3 3 3 3 3 1 1 1
3 5 6 4 2 1 1 1 1 1 1 1 1 1 1 1 1 1 1 1
5 6 4 2 3 3 3 3 3 3 3 3 3 3 3 3 3 1 1 1
6 4 2 3 5 1 1 1 1 1 1 1 1 1 1 1 1 1 1 1
4 2 3 5 6 3 3 3 3 3 3 3 3 3 3 3 3 1 1 1
1 1 1 1 1 1 1 1 1 1 1 1 1 1 1 1 1 1 1 1
8 9 11 12 10 7 7 7 7 7 7 7 7 7 7 4 2 3 3 3
9 11 12 10 8 5 5 5 5 5 5 5 5 5 5 2 4 3 3 3
11 12 10 8 9 7 7 7 7 7 7 7 7 7 7 4 2 3 3 3
12 10 8 9 11 5 5 5 5 5 5 5 5 5 5 2 4 3 3 3
10 8 9 11 12 7 7 7 7 7 7 7 7 7 7 4 2 3 3 3
7 7 7 7 7 5 5 5 5 5 5 5 5 5 5 2 4 3 3 3
14 15 17 18 16 11 11 4 2 11 11 11 11 11 11 7 7 4 5 5
15 17 18 16 14 9 9 2 4 9 9 9 9 9 9 5 5 4 5 5
17 18 16 14 15 11 11 4 2 11 11 11 11 11 11 7 7 4 5 5
18 16 14 15 17 9 9 2 4 9 9 9 9 9 9 5 5 4 5 5
16 14 15 17 18 11 11 4 2 11 11 11 11 11 11 7 7 4 5 5
13 13 13 13 13 9 9 2 4 9 9 9 9 9 9 5 5 4 5 5
20 21 23 24 22 15 15 11 11 8 6 15 15 15 15 11 11 2 6 7
21 23 24 22 20 13 13 9 9 6 8 13 13 13 13 9 9 2 6 7
23 24 22 20 21 15 15 11 11 8 6 15 15 15 15 11 11 2 6 7
24 22 20 21 23 13 13 9 9 6 8 13 13 13 13 9 9 2 6 7
22 20 21 23 24 15 15 11 11 8 6 15 15 15 15 11 11 2 6 7
19 19 19 19 19 13 13 9 9 6 8 13 13 13 13 9 9 2 6 7
26 27 29 30 28 19 19 15 15 4 2 12 10 19 19 15 15 5 4 8
27 29 30 28 26 17 17 13 13 2 4 10 12 17 17 13 13 5 4 8
29 30 28 26 27 19 19 15 15 4 2 12 10 19 19 15 15 5 4 8
30 28 26 27 29 17 17 13 13 2 4 10 12 17 17 13 13 5 4 8
28 26 27 29 30 19 19 15 15 4 2 12 10 19 19 15 15 5 4 8
25 25 25 25 25 17 17 13 13 2 4 10 12 17 17 13 13 5 4 8
32 33 35 36 34 18 20 17 17 13 13 6 8 14 16 17 17 7 2 6
33 35 36 34 32 18 20 17 17 13 13 6 8 14 16 17 17 7 2 6
35 36 34 32 33 20 18 19 19 15 15 8 6 16 14 19 19 7 2 6
36 34 32 33 35 18 20 17 17 13 13 6 8 14 16 17 17 7 2 6
34 32 33 35 36 18 20 17 17 13 13 6 8 14 16 17 17 7 2 6
34 31 36 34 34 18 20 17 17 13 13 6 8 14 16 17 17 7 2 6
33 34 31 31 31 20 18 19 19 15 15 8 6 16 14 19 19 7 2 6
34 33 33 36 33 18 20 17 17 13 13 6 8 14 16 17 17 7 2 6
34 33 34 31 33 20 18 19 19 15 15 8 6 16 14 19 19 7 2 6
33 33 33 35 31 20 18 19 19 15 15 8 6 16 14 19 19 7 2 6
31 33 35 36 34 20 18 19 19 15 15 8 6 16 14 19 19 7 2 6
38 39 41 42 40 14 16 18 20 17 17 2 4 10 12 14 16 9 7 4
39 41 42 40 38 14 16 18 20 17 17 2 4 10 12 14 16 9 7 4
41 42 40 38 39 16 14 20 18 19 19 4 2 12 10 16 14 9 7 4
42 40 38 39 41 14 16 18 20 17 17 2 4 10 12 14 16 9 7 4
40 38 39 41 42 16 14 20 18 19 19 4 2 12 10 16 14 9 7 4
40 41 42 42 42 14 16 18 20 17 17 2 4 10 12 14 16 9 7 4
39 40 39 40 37 14 16 18 20 17 17 2 4 10 12 14 16 9 7 4
39 39 41 41 40 14 16 18 20 17 17 2 4 10 12 14 16 9 7 4
40 39 39 41 41 16 14 20 18 19 19 4 2 12 10 16 14 9 7 4
40 39 40 41 40 16 14 20 18 19 19 4 2 12 10 16 14 9 7 4
40 40 37 37 41 16 14 20 18 19 19 4 2 12 10 16 14 9 7 4
39 39 39 39 39 16 14 20 18 19 19 4 2 12 10 16 14 9 7 4
37 39 41 42 40 14 16 18 20 17 17 2 4 10 12 14 16 9 7 4
39 40 39 39 42 16 14 20 18 19 19 4 2 12 10 16 14 9 7 4
40 37 39 41 42 14 16 18 20 17 17 2 4 10 12 14 16 9 7 4
39 39 42 39 40 16 14 20 18 19 19 4 2 12 10 16 14 9 7 4
44 45 47 48 46 10 12 14 16 18 20 17 17 6 8 10 12 8 9 2
45 47 48 46 44 10 12 14 16 18 20 17 17 6 8 10 12 8 9 2
47 48 46 44 45 12 10 16 14 20 18 19 19 8 6 12 10 8 9 2
48 46 44 45 47 10 12 14 16 18 20 17 17 6 8 10 12 8 9 2
46 44 45 47 48 12 10 16 14 20 18 19 19 8 6 12 10 8 9 2
46 47 48 48 48 10 12 14 16 18 20 17 17 6 8 10 12 8 9 2
45 46 45 46 43 10 12 14 16 18 20 17 17 6 8 10 12 8 9 2
45 45 47 47 46 10 12 14 16 18 20 17 17 6 8 10 12 8 9 2
46 45 45 47 47 12 10 16 14 20 18 19 19 8 6 12 10 8 9 2
46 45 46 47 46 12 10 16 14 20 18 19 19 8 6 12 10 8 9 2
46 46 43 43 47 12 10 16 14 20 18 19 19 8 6 12 10 8 9 2
45 45 45 45 45 12 10 16 14 20 18 19 19 8 6 12 10 8 9 2
43 45 47 48 46 10 12 14 16 18 20 17 17 6 8 10 12 8 9 2
45 46 45 45 48 12 10 16 14 20 18 19 19 8 6 12 10 8 9 2
46 43 45 47 48 10 12 14 16 18 20 17 17 6 8 10 12 8 9 2
45 45 48 45 46 12 10 16 14 20 18 19 19 8 6 12 10 8 9 2
50 51 53 54 52 6 8 10 12 14 16 18 20 2 4 6 8 6 8 9
51 53 54 52 50 6 8 10 12 14 16 18 20 2 4 6 8 6 8 9
53 54 52 50 51 8 6 12 10 16 14 20 18 4 2 8 6 6 8 9
54 52 50 51 53 6 8 10 12 14 16 18 20 2 4 6 8 6 8 9
52 50 51 53 54 8 6 12 10 16 14 20 18 4 2 8 6 6 8 9
52 53 54 54 54 6 8 10 12 14 16 18 20 2 4 6 8 6 8 9
51 52 51 52 49 6 8 10 12 14 16 18 20 2 4 6 8 6 8 9
51 51 53 53 52 6 8 10 12 14 16 18 20 2 4 6 8 6 8 9
52 51 51 53 53 8 6 12 10 16 14 20 18 4 2 8 6 6 8 9
52 51 52 53 52 8 6 12 10 16 14 20 18 4 2 8 6 6 8 9
52 52 49 49 53 8 6 12 10 16 14 20 18 4 2 8 6 6 8 9
51 51 51 51 51 8 6 12 10 16 14 20 18 4 2 8 6 6 8 9
49 51 53 54 52 6 8 10 12 14 16 18 20 2 4 6 8 6 8 9
51 52 51 51 54 8 6 12 10 16 14 20 18 4 2 8 6 6 8 9
52 49 51 53 54 6 8 10 12 14 16 18 20 2 4 6 8 6 8 9
51 51 54 51 52 8 6 12 10 16 14 20 18 4 2 8 6 6 8 9
56 57 59 60 58 2 4 6 8 10 12 14 16 18 20 18 20 10 10 10
57 59 60 58 56 2 4 6 8 10 12 14 16 18 20 18 20 10 10 10
59 60 58 56 57 4 2 8 6 12 10 16 14 20 18 20 18 10 10 10
60 58 56 57 59 2 4 6 8 10 12 14 16 18 20 18 20 10 10 10
58 56 57 59 60 4 2 8 6 12 10 16 14 20 18 20 18 10 10 10
58 59 60 60 60 2 4 6 8 10 12 14 16 18 20 18 20 10 10 10
57 58 57 58 55 2 4 6 8 10 12 14 16 18 20 18 20 10 10 10
57 57 59 59 58 2 4 6 8 10 12 14 16 18 20 18 20 10 10 10
58 57 57 59 59 4 2 8 6 12 10 16 14 20 18 20 18 10 10 10
58 57 58 59 58 4 2 8 6 12 10 16 14 20 18 20 18 10 10 10
58 58 55 55 59 4 2 8 6 12 10 16 14 20 18 20 18 10 10 10
57 57 57 57 57 4 2 8 6 12 10 16 14 20 18 20 18 10 10 10
55 57 59 60 58 2 4 6 8 10 12 14 16 18 20 18 20 10 10 10
57 58 57 57 60 4 2 8 6 12 10 16 14 20 18 20 18 10 10 10
58 55 57 59 60 2 4 6 8 10 12 14 16 18 20 18 20 10 10 10
57 57 60 57 58 4 2 8 6 12 10 16 14 20 18 20 18 10 10 10

SIZE: 106 x 20
METHOD: Six-block row decomposition construction (Theorem 21 and Appendix A.3), with t=10 five-column inputs of row sizes 6,6,6,6,6,12,16,16,16,16, and 15 added columns from factorized input pairs. The total added-column weight is 54.
MATRIX:
2 3 5 6 4 3 3 3 3 3 3 3 3 3 3 3 3 1 1 1
3 5 6 4 2 1 1 1 1 1 1 1 1 1 1 1 1 1 1 1
5 6 4 2 3 3 3 3 3 3 3 3 3 3 3 3 3 1 1 1
6 4 2 3 5 1 1 1 1 1 1 1 1 1 1 1 1 1 1 1
4 2 3 5 6 3 3 3 3 3 3 3 3 3 3 3 3 1 1 1
1 1 1 1 1 1 1 1 1 1 1 1 1 1 1 1 1 1 1 1
8 9 11 12 10 7 7 7 7 7 7 7 7 7 7 4 2 3 3 3
9 11 12 10 8 5 5 5 5 5 5 5 5 5 5 2 4 3 3 3
11 12 10 8 9 7 7 7 7 7 7 7 7 7 7 4 2 3 3 3
12 10 8 9 11 5 5 5 5 5 5 5 5 5 5 2 4 3 3 3
10 8 9 11 12 7 7 7 7 7 7 7 7 7 7 4 2 3 3 3
7 7 7 7 7 5 5 5 5 5 5 5 5 5 5 2 4 3 3 3
14 15 17 18 16 11 11 4 2 11 11 11 11 11 11 7 7 4 5 5
15 17 18 16 14 9 9 2 4 9 9 9 9 9 9 5 5 4 5 5
17 18 16 14 15 11 11 4 2 11 11 11 11 11 11 7 7 4 5 5
18 16 14 15 17 9 9 2 4 9 9 9 9 9 9 5 5 4 5 5
16 14 15 17 18 11 11 4 2 11 11 11 11 11 11 7 7 4 5 5
13 13 13 13 13 9 9 2 4 9 9 9 9 9 9 5 5 4 5 5
20 21 23 24 22 15 15 11 11 8 6 15 15 15 15 11 11 2 6 7
21 23 24 22 20 13 13 9 9 6 8 13 13 13 13 9 9 2 6 7
23 24 22 20 21 15 15 11 11 8 6 15 15 15 15 11 11 2 6 7
24 22 20 21 23 13 13 9 9 6 8 13 13 13 13 9 9 2 6 7
22 20 21 23 24 15 15 11 11 8 6 15 15 15 15 11 11 2 6 7
19 19 19 19 19 13 13 9 9 6 8 13 13 13 13 9 9 2 6 7
26 27 29 30 28 19 19 15 15 4 2 12 10 19 19 15 15 5 4 8
27 29 30 28 26 17 17 13 13 2 4 10 12 17 17 13 13 5 4 8
29 30 28 26 27 19 19 15 15 4 2 12 10 19 19 15 15 5 4 8
30 28 26 27 29 17 17 13 13 2 4 10 12 17 17 13 13 5 4 8
28 26 27 29 30 19 19 15 15 4 2 12 10 19 19 15 15 5 4 8
25 25 25 25 25 17 17 13 13 2 4 10 12 17 17 13 13 5 4 8
32 33 35 36 34 20 18 19 19 15 15 8 6 16 14 19 19 7 2 6
33 35 36 34 32 18 20 17 17 13 13 6 8 14 16 17 17 7 2 6
35 36 34 32 33 20 18 19 19 15 15 8 6 16 14 19 19 7 2 6
36 34 32 33 35 20 18 19 19 15 15 8 6 16 14 19 19 7 2 6
34 32 33 35 36 20 18 19 19 15 15 8 6 16 14 19 19 7 2 6
31 35 35 36 36 18 20 17 17 13 13 6 8 14 16 17 17 7 2 6
33 33 36 31 31 18 20 17 17 13 13 6 8 14 16 17 17 7 2 6
34 35 31 35 35 18 20 17 17 13 13 6 8 14 16 17 17 7 2 6
34 31 33 35 36 18 20 17 17 13 13 6 8 14 16 17 17 7 2 6
33 35 35 35 36 20 18 19 19 15 15 8 6 16 14 19 19 7 2 6
34 35 36 36 36 18 20 17 17 13 13 6 8 14 16 17 17 7 2 6
34 35 34 35 36 20 18 19 19 15 15 8 6 16 14 19 19 7 2 6
38 39 41 42 40 14 16 18 20 17 17 2 4 10 12 14 16 9 7 4
39 41 42 40 38 14 16 18 20 17 17 2 4 10 12 14 16 9 7 4
41 42 40 38 39 16 14 20 18 19 19 4 2 12 10 16 14 9 7 4
42 40 38 39 41 14 16 18 20 17 17 2 4 10 12 14 16 9 7 4
40 38 39 41 42 16 14 20 18 19 19 4 2 12 10 16 14 9 7 4
40 41 42 42 42 14 16 18 20 17 17 2 4 10 12 14 16 9 7 4
39 40 39 40 37 14 16 18 20 17 17 2 4 10 12 14 16 9 7 4
39 39 41 41 40 14 16 18 20 17 17 2 4 10 12 14 16 9 7 4
40 39 39 41 41 16 14 20 18 19 19 4 2 12 10 16 14 9 7 4
40 39 40 41 40 16 14 20 18 19 19 4 2 12 10 16 14 9 7 4
40 40 37 37 41 16 14 20 18 19 19 4 2 12 10 16 14 9 7 4
39 39 39 39 39 16 14 20 18 19 19 4 2 12 10 16 14 9 7 4
37 39 41 42 40 14 16 18 20 17 17 2 4 10 12 14 16 9 7 4
39 40 39 39 42 16 14 20 18 19 19 4 2 12 10 16 14 9 7 4
40 37 39 41 42 14 16 18 20 17 17 2 4 10 12 14 16 9 7 4
39 39 42 39 40 16 14 20 18 19 19 4 2 12 10 16 14 9 7 4
44 45 47 48 46 10 12 14 16 18 20 17 17 6 8 10 12 8 9 2
45 47 48 46 44 10 12 14 16 18 20 17 17 6 8 10 12 8 9 2
47 48 46 44 45 12 10 16 14 20 18 19 19 8 6 12 10 8 9 2
48 46 44 45 47 10 12 14 16 18 20 17 17 6 8 10 12 8 9 2
46 44 45 47 48 12 10 16 14 20 18 19 19 8 6 12 10 8 9 2
46 47 48 48 48 10 12 14 16 18 20 17 17 6 8 10 12 8 9 2
45 46 45 46 43 10 12 14 16 18 20 17 17 6 8 10 12 8 9 2
45 45 47 47 46 10 12 14 16 18 20 17 17 6 8 10 12 8 9 2
46 45 45 47 47 12 10 16 14 20 18 19 19 8 6 12 10 8 9 2
46 45 46 47 46 12 10 16 14 20 18 19 19 8 6 12 10 8 9 2
46 46 43 43 47 12 10 16 14 20 18 19 19 8 6 12 10 8 9 2
45 45 45 45 45 12 10 16 14 20 18 19 19 8 6 12 10 8 9 2
43 45 47 48 46 10 12 14 16 18 20 17 17 6 8 10 12 8 9 2
45 46 45 45 48 12 10 16 14 20 18 19 19 8 6 12 10 8 9 2
46 43 45 47 48 10 12 14 16 18 20 17 17 6 8 10 12 8 9 2
45 45 48 45 46 12 10 16 14 20 18 19 19 8 6 12 10 8 9 2
50 51 53 54 52 6 8 10 12 14 16 18 20 2 4 6 8 6 8 9
51 53 54 52 50 6 8 10 12 14 16 18 20 2 4 6 8 6 8 9
53 54 52 50 51 8 6 12 10 16 14 20 18 4 2 8 6 6 8 9
54 52 50 51 53 6 8 10 12 14 16 18 20 2 4 6 8 6 8 9
52 50 51 53 54 8 6 12 10 16 14 20 18 4 2 8 6 6 8 9
52 53 54 54 54 6 8 10 12 14 16 18 20 2 4 6 8 6 8 9
51 52 51 52 49 6 8 10 12 14 16 18 20 2 4 6 8 6 8 9
51 51 53 53 52 6 8 10 12 14 16 18 20 2 4 6 8 6 8 9
52 51 51 53 53 8 6 12 10 16 14 20 18 4 2 8 6 6 8 9
52 51 52 53 52 8 6 12 10 16 14 20 18 4 2 8 6 6 8 9
52 52 49 49 53 8 6 12 10 16 14 20 18 4 2 8 6 6 8 9
51 51 51 51 51 8 6 12 10 16 14 20 18 4 2 8 6 6 8 9
49 51 53 54 52 6 8 10 12 14 16 18 20 2 4 6 8 6 8 9
51 52 51 51 54 8 6 12 10 16 14 20 18 4 2 8 6 6 8 9
52 49 51 53 54 6 8 10 12 14 16 18 20 2 4 6 8 6 8 9
51 51 54 51 52 8 6 12 10 16 14 20 18 4 2 8 6 6 8 9
56 57 59 60 58 2 4 6 8 10 12 14 16 18 20 18 20 10 10 10
57 59 60 58 56 2 4 6 8 10 12 14 16 18 20 18 20 10 10 10
59 60 58 56 57 4 2 8 6 12 10 16 14 20 18 20 18 10 10 10
60 58 56 57 59 2 4 6 8 10 12 14 16 18 20 18 20 10 10 10
58 56 57 59 60 4 2 8 6 12 10 16 14 20 18 20 18 10 10 10
58 59 60 60 60 2 4 6 8 10 12 14 16 18 20 18 20 10 10 10
57 58 57 58 55 2 4 6 8 10 12 14 16 18 20 18 20 10 10 10
57 57 59 59 58 2 4 6 8 10 12 14 16 18 20 18 20 10 10 10
58 57 57 59 59 4 2 8 6 12 10 16 14 20 18 20 18 10 10 10
58 57 58 59 58 4 2 8 6 12 10 16 14 20 18 20 18 10 10 10
58 58 55 55 59 4 2 8 6 12 10 16 14 20 18 20 18 10 10 10
57 57 57 57 57 4 2 8 6 12 10 16 14 20 18 20 18 10 10 10
55 57 59 60 58 2 4 6 8 10 12 14 16 18 20 18 20 10 10 10
57 58 57 57 60 4 2 8 6 12 10 16 14 20 18 20 18 10 10 10
58 55 57 59 60 2 4 6 8 10 12 14 16 18 20 18 20 10 10 10
57 57 60 57 58 4 2 8 6 12 10 16 14 20 18 20 18 10 10 10

SIZE: 107 x 20
METHOD: Six-block row decomposition construction (Theorem 21 and Appendix A.3), with t=10 five-column inputs of row sizes 6,6,6,6,6,13,16,16,16,16, and 15 added columns from factorized input pairs. The total added-column weight is 54.
MATRIX:
2 3 5 6 4 3 3 3 3 3 3 3 3 3 3 3 3 1 1 1
3 5 6 4 2 1 1 1 1 1 1 1 1 1 1 1 1 1 1 1
5 6 4 2 3 3 3 3 3 3 3 3 3 3 3 3 3 1 1 1
6 4 2 3 5 1 1 1 1 1 1 1 1 1 1 1 1 1 1 1
4 2 3 5 6 3 3 3 3 3 3 3 3 3 3 3 3 1 1 1
1 1 1 1 1 1 1 1 1 1 1 1 1 1 1 1 1 1 1 1
8 9 11 12 10 7 7 7 7 7 7 7 7 7 7 4 2 3 3 3
9 11 12 10 8 5 5 5 5 5 5 5 5 5 5 2 4 3 3 3
11 12 10 8 9 7 7 7 7 7 7 7 7 7 7 4 2 3 3 3
12 10 8 9 11 5 5 5 5 5 5 5 5 5 5 2 4 3 3 3
10 8 9 11 12 7 7 7 7 7 7 7 7 7 7 4 2 3 3 3
7 7 7 7 7 5 5 5 5 5 5 5 5 5 5 2 4 3 3 3
14 15 17 18 16 11 11 4 2 11 11 11 11 11 11 7 7 4 5 5
15 17 18 16 14 9 9 2 4 9 9 9 9 9 9 5 5 4 5 5
17 18 16 14 15 11 11 4 2 11 11 11 11 11 11 7 7 4 5 5
18 16 14 15 17 9 9 2 4 9 9 9 9 9 9 5 5 4 5 5
16 14 15 17 18 11 11 4 2 11 11 11 11 11 11 7 7 4 5 5
13 13 13 13 13 9 9 2 4 9 9 9 9 9 9 5 5 4 5 5
20 21 23 24 22 15 15 11 11 8 6 15 15 15 15 11 11 2 6 7
21 23 24 22 20 13 13 9 9 6 8 13 13 13 13 9 9 2 6 7
23 24 22 20 21 15 15 11 11 8 6 15 15 15 15 11 11 2 6 7
24 22 20 21 23 13 13 9 9 6 8 13 13 13 13 9 9 2 6 7
22 20 21 23 24 15 15 11 11 8 6 15 15 15 15 11 11 2 6 7
19 19 19 19 19 13 13 9 9 6 8 13 13 13 13 9 9 2 6 7
26 27 29 30 28 19 19 15 15 4 2 12 10 19 19 15 15 5 4 8
27 29 30 28 26 17 17 13 13 2 4 10 12 17 17 13 13 5 4 8
29 30 28 26 27 19 19 15 15 4 2 12 10 19 19 15 15 5 4 8
30 28 26 27 29 17 17 13 13 2 4 10 12 17 17 13 13 5 4 8
28 26 27 29 30 19 19 15 15 4 2 12 10 19 19 15 15 5 4 8
25 25 25 25 25 17 17 13 13 2 4 10 12 17 17 13 13 5 4 8
32 33 35 36 34 20 18 19 19 15 15 8 6 16 14 19 19 7 2 6
33 35 36 34 32 20 18 19 19 15 15 8 6 16 14 19 19 7 2 6
35 36 34 32 33 18 20 17 17 13 13 6 8 14 16 17 17 7 2 6
36 34 32 33 35 20 18 19 19 15 15 8 6 16 14 19 19 7 2 6
34 32 33 35 36 18 20 17 17 13 13 6 8 14 16 17 17 7 2 6
33 33 36 31 31 18 20 17 17 13 13 6 8 14 16 17 17 7 2 6
31 35 35 36 36 18 20 17 17 13 13 6 8 14 16 17 17 7 2 6
36 34 31 33 35 18 20 17 17 13 13 6 8 14 16 17 17 7 2 6
34 31 36 34 34 18 20 17 17 13 13 6 8 14 16 17 17 7 2 6
36 34 35 34 35 20 18 19 19 15 15 8 6 16 14 19 19 7 2 6
35 34 35 31 35 20 18 19 19 15 15 8 6 16 14 19 19 7 2 6
36 31 35 35 36 20 18 19 19 15 15 8 6 16 14 19 19 7 2 6
36 33 35 35 35 18 20 17 17 13 13 6 8 14 16 17 17 7 2 6
38 39 41 42 40 14 16 18 20 17 17 2 4 10 12 14 16 9 7 4
39 41 42 40 38 14 16 18 20 17 17 2 4 10 12 14 16 9 7 4
41 42 40 38 39 16 14 20 18 19 19 4 2 12 10 16 14 9 7 4
42 40 38 39 41 14 16 18 20 17 17 2 4 10 12 14 16 9 7 4
40 38 39 41 42 16 14 20 18 19 19 4 2 12 10 16 14 9 7 4
40 41 42 42 42 14 16 18 20 17 17 2 4 10 12 14 16 9 7 4
39 40 39 40 37 14 16 18 20 17 17 2 4 10 12 14 16 9 7 4
39 39 41 41 40 14 16 18 20 17 17 2 4 10 12 14 16 9 7 4
40 39 39 41 41 16 14 20 18 19 19 4 2 12 10 16 14 9 7 4
40 39 40 41 40 16 14 20 18 19 19 4 2 12 10 16 14 9 7 4
40 40 37 37 41 16 14 20 18 19 19 4 2 12 10 16 14 9 7 4
39 39 39 39 39 16 14 20 18 19 19 4 2 12 10 16 14 9 7 4
37 39 41 42 40 14 16 18 20 17 17 2 4 10 12 14 16 9 7 4
39 40 39 39 42 16 14 20 18 19 19 4 2 12 10 16 14 9 7 4
40 37 39 41 42 14 16 18 20 17 17 2 4 10 12 14 16 9 7 4
39 39 42 39 40 16 14 20 18 19 19 4 2 12 10 16 14 9 7 4
44 45 47 48 46 10 12 14 16 18 20 17 17 6 8 10 12 8 9 2
45 47 48 46 44 10 12 14 16 18 20 17 17 6 8 10 12 8 9 2
47 48 46 44 45 12 10 16 14 20 18 19 19 8 6 12 10 8 9 2
48 46 44 45 47 10 12 14 16 18 20 17 17 6 8 10 12 8 9 2
46 44 45 47 48 12 10 16 14 20 18 19 19 8 6 12 10 8 9 2
46 47 48 48 48 10 12 14 16 18 20 17 17 6 8 10 12 8 9 2
45 46 45 46 43 10 12 14 16 18 20 17 17 6 8 10 12 8 9 2
45 45 47 47 46 10 12 14 16 18 20 17 17 6 8 10 12 8 9 2
46 45 45 47 47 12 10 16 14 20 18 19 19 8 6 12 10 8 9 2
46 45 46 47 46 12 10 16 14 20 18 19 19 8 6 12 10 8 9 2
46 46 43 43 47 12 10 16 14 20 18 19 19 8 6 12 10 8 9 2
45 45 45 45 45 12 10 16 14 20 18 19 19 8 6 12 10 8 9 2
43 45 47 48 46 10 12 14 16 18 20 17 17 6 8 10 12 8 9 2
45 46 45 45 48 12 10 16 14 20 18 19 19 8 6 12 10 8 9 2
46 43 45 47 48 10 12 14 16 18 20 17 17 6 8 10 12 8 9 2
45 45 48 45 46 12 10 16 14 20 18 19 19 8 6 12 10 8 9 2
50 51 53 54 52 6 8 10 12 14 16 18 20 2 4 6 8 6 8 9
51 53 54 52 50 6 8 10 12 14 16 18 20 2 4 6 8 6 8 9
53 54 52 50 51 8 6 12 10 16 14 20 18 4 2 8 6 6 8 9
54 52 50 51 53 6 8 10 12 14 16 18 20 2 4 6 8 6 8 9
52 50 51 53 54 8 6 12 10 16 14 20 18 4 2 8 6 6 8 9
52 53 54 54 54 6 8 10 12 14 16 18 20 2 4 6 8 6 8 9
51 52 51 52 49 6 8 10 12 14 16 18 20 2 4 6 8 6 8 9
51 51 53 53 52 6 8 10 12 14 16 18 20 2 4 6 8 6 8 9
52 51 51 53 53 8 6 12 10 16 14 20 18 4 2 8 6 6 8 9
52 51 52 53 52 8 6 12 10 16 14 20 18 4 2 8 6 6 8 9
52 52 49 49 53 8 6 12 10 16 14 20 18 4 2 8 6 6 8 9
51 51 51 51 51 8 6 12 10 16 14 20 18 4 2 8 6 6 8 9
49 51 53 54 52 6 8 10 12 14 16 18 20 2 4 6 8 6 8 9
51 52 51 51 54 8 6 12 10 16 14 20 18 4 2 8 6 6 8 9
52 49 51 53 54 6 8 10 12 14 16 18 20 2 4 6 8 6 8 9
51 51 54 51 52 8 6 12 10 16 14 20 18 4 2 8 6 6 8 9
56 57 59 60 58 2 4 6 8 10 12 14 16 18 20 18 20 10 10 10
57 59 60 58 56 2 4 6 8 10 12 14 16 18 20 18 20 10 10 10
59 60 58 56 57 4 2 8 6 12 10 16 14 20 18 20 18 10 10 10
60 58 56 57 59 2 4 6 8 10 12 14 16 18 20 18 20 10 10 10
58 56 57 59 60 4 2 8 6 12 10 16 14 20 18 20 18 10 10 10
58 59 60 60 60 2 4 6 8 10 12 14 16 18 20 18 20 10 10 10
57 58 57 58 55 2 4 6 8 10 12 14 16 18 20 18 20 10 10 10
57 57 59 59 58 2 4 6 8 10 12 14 16 18 20 18 20 10 10 10
58 57 57 59 59 4 2 8 6 12 10 16 14 20 18 20 18 10 10 10
58 57 58 59 58 4 2 8 6 12 10 16 14 20 18 20 18 10 10 10
58 58 55 55 59 4 2 8 6 12 10 16 14 20 18 20 18 10 10 10
57 57 57 57 57 4 2 8 6 12 10 16 14 20 18 20 18 10 10 10
55 57 59 60 58 2 4 6 8 10 12 14 16 18 20 18 20 10 10 10
57 58 57 57 60 4 2 8 6 12 10 16 14 20 18 20 18 10 10 10
58 55 57 59 60 2 4 6 8 10 12 14 16 18 20 18 20 10 10 10
57 57 60 57 58 4 2 8 6 12 10 16 14 20 18 20 18 10 10 10

SIZE: 108 x 20
METHOD: Six-block row decomposition construction (Theorem 21 and Appendix A.3), with t=10 five-column inputs of row sizes 6,6,6,6,6,14,16,16,16,16, and 15 added columns from factorized input pairs. The total added-column weight is 54.
MATRIX:
2 3 5 6 4 3 3 3 3 3 3 3 3 3 3 3 3 1 1 1
3 5 6 4 2 1 1 1 1 1 1 1 1 1 1 1 1 1 1 1
5 6 4 2 3 3 3 3 3 3 3 3 3 3 3 3 3 1 1 1
6 4 2 3 5 1 1 1 1 1 1 1 1 1 1 1 1 1 1 1
4 2 3 5 6 3 3 3 3 3 3 3 3 3 3 3 3 1 1 1
1 1 1 1 1 1 1 1 1 1 1 1 1 1 1 1 1 1 1 1
8 9 11 12 10 7 7 7 7 7 7 7 7 7 7 4 2 3 3 3
9 11 12 10 8 5 5 5 5 5 5 5 5 5 5 2 4 3 3 3
11 12 10 8 9 7 7 7 7 7 7 7 7 7 7 4 2 3 3 3
12 10 8 9 11 5 5 5 5 5 5 5 5 5 5 2 4 3 3 3
10 8 9 11 12 7 7 7 7 7 7 7 7 7 7 4 2 3 3 3
7 7 7 7 7 5 5 5 5 5 5 5 5 5 5 2 4 3 3 3
14 15 17 18 16 11 11 4 2 11 11 11 11 11 11 7 7 4 5 5
15 17 18 16 14 9 9 2 4 9 9 9 9 9 9 5 5 4 5 5
17 18 16 14 15 11 11 4 2 11 11 11 11 11 11 7 7 4 5 5
18 16 14 15 17 9 9 2 4 9 9 9 9 9 9 5 5 4 5 5
16 14 15 17 18 11 11 4 2 11 11 11 11 11 11 7 7 4 5 5
13 13 13 13 13 9 9 2 4 9 9 9 9 9 9 5 5 4 5 5
20 21 23 24 22 15 15 11 11 8 6 15 15 15 15 11 11 2 6 7
21 23 24 22 20 13 13 9 9 6 8 13 13 13 13 9 9 2 6 7
23 24 22 20 21 15 15 11 11 8 6 15 15 15 15 11 11 2 6 7
24 22 20 21 23 13 13 9 9 6 8 13 13 13 13 9 9 2 6 7
22 20 21 23 24 15 15 11 11 8 6 15 15 15 15 11 11 2 6 7
19 19 19 19 19 13 13 9 9 6 8 13 13 13 13 9 9 2 6 7
26 27 29 30 28 19 19 15 15 4 2 12 10 19 19 15 15 5 4 8
27 29 30 28 26 17 17 13 13 2 4 10 12 17 17 13 13 5 4 8
29 30 28 26 27 19 19 15 15 4 2 12 10 19 19 15 15 5 4 8
30 28 26 27 29 17 17 13 13 2 4 10 12 17 17 13 13 5 4 8
28 26 27 29 30 19 19 15 15 4 2 12 10 19 19 15 15 5 4 8
25 25 25 25 25 17 17 13 13 2 4 10 12 17 17 13 13 5 4 8
32 33 35 36 34 18 20 17 17 13 13 6 8 14 16 17 17 7 2 6
33 35 36 34 32 18 20 17 17 13 13 6 8 14 16 17 17 7 2 6
35 36 34 32 33 20 18 19 19 15 15 8 6 16 14 19 19 7 2 6
36 34 32 33 35 20 18 19 19 15 15 8 6 16 14 19 19 7 2 6
34 32 33 35 36 18 20 17 17 13 13 6 8 14 16 17 17 7 2 6
36 31 31 33 33 20 18 19 19 15 15 8 6 16 14 19 19 7 2 6
35 36 36 36 34 20 18 19 19 15 15 8 6 16 14 19 19 7 2 6
31 35 35 34 35 20 18 19 19 15 15 8 6 16 14 19 19 7 2 6
35 35 36 36 31 20 18 19 19 15 15 8 6 16 14 19 19 7 2 6
36 36 34 34 33 20 18 19 19 15 15 8 6 16 14 19 19 7 2 6
35 36 34 35 34 18 20 17 17 13 13 6 8 14 16 17 17 7 2 6
35 36 33 36 33 18 20 17 17 13 13 6 8 14 16 17 17 7 2 6
35 36 34 31 33 18 20 17 17 13 13 6 8 14 16 17 17 7 2 6
35 36 33 35 35 18 20 17 17 13 13 6 8 14 16 17 17 7 2 6
38 39 41 42 40 14 16 18 20 17 17 2 4 10 12 14 16 9 7 4
39 41 42 40 38 14 16 18 20 17 17 2 4 10 12 14 16 9 7 4
41 42 40 38 39 16 14 20 18 19 19 4 2 12 10 16 14 9 7 4
42 40 38 39 41 14 16 18 20 17 17 2 4 10 12 14 16 9 7 4
40 38 39 41 42 16 14 20 18 19 19 4 2 12 10 16 14 9 7 4
40 41 42 42 42 14 16 18 20 17 17 2 4 10 12 14 16 9 7 4
39 40 39 40 37 14 16 18 20 17 17 2 4 10 12 14 16 9 7 4
39 39 41 41 40 14 16 18 20 17 17 2 4 10 12 14 16 9 7 4
40 39 39 41 41 16 14 20 18 19 19 4 2 12 10 16 14 9 7 4
40 39 40 41 40 16 14 20 18 19 19 4 2 12 10 16 14 9 7 4
40 40 37 37 41 16 14 20 18 19 19 4 2 12 10 16 14 9 7 4
39 39 39 39 39 16 14 20 18 19 19 4 2 12 10 16 14 9 7 4
37 39 41 42 40 14 16 18 20 17 17 2 4 10 12 14 16 9 7 4
39 40 39 39 42 16 14 20 18 19 19 4 2 12 10 16 14 9 7 4
40 37 39 41 42 14 16 18 20 17 17 2 4 10 12 14 16 9 7 4
39 39 42 39 40 16 14 20 18 19 19 4 2 12 10 16 14 9 7 4
44 45 47 48 46 10 12 14 16 18 20 17 17 6 8 10 12 8 9 2
45 47 48 46 44 10 12 14 16 18 20 17 17 6 8 10 12 8 9 2
47 48 46 44 45 12 10 16 14 20 18 19 19 8 6 12 10 8 9 2
48 46 44 45 47 10 12 14 16 18 20 17 17 6 8 10 12 8 9 2
46 44 45 47 48 12 10 16 14 20 18 19 19 8 6 12 10 8 9 2
46 47 48 48 48 10 12 14 16 18 20 17 17 6 8 10 12 8 9 2
45 46 45 46 43 10 12 14 16 18 20 17 17 6 8 10 12 8 9 2
45 45 47 47 46 10 12 14 16 18 20 17 17 6 8 10 12 8 9 2
46 45 45 47 47 12 10 16 14 20 18 19 19 8 6 12 10 8 9 2
46 45 46 47 46 12 10 16 14 20 18 19 19 8 6 12 10 8 9 2
46 46 43 43 47 12 10 16 14 20 18 19 19 8 6 12 10 8 9 2
45 45 45 45 45 12 10 16 14 20 18 19 19 8 6 12 10 8 9 2
43 45 47 48 46 10 12 14 16 18 20 17 17 6 8 10 12 8 9 2
45 46 45 45 48 12 10 16 14 20 18 19 19 8 6 12 10 8 9 2
46 43 45 47 48 10 12 14 16 18 20 17 17 6 8 10 12 8 9 2
45 45 48 45 46 12 10 16 14 20 18 19 19 8 6 12 10 8 9 2
50 51 53 54 52 6 8 10 12 14 16 18 20 2 4 6 8 6 8 9
51 53 54 52 50 6 8 10 12 14 16 18 20 2 4 6 8 6 8 9
53 54 52 50 51 8 6 12 10 16 14 20 18 4 2 8 6 6 8 9
54 52 50 51 53 6 8 10 12 14 16 18 20 2 4 6 8 6 8 9
52 50 51 53 54 8 6 12 10 16 14 20 18 4 2 8 6 6 8 9
52 53 54 54 54 6 8 10 12 14 16 18 20 2 4 6 8 6 8 9
51 52 51 52 49 6 8 10 12 14 16 18 20 2 4 6 8 6 8 9
51 51 53 53 52 6 8 10 12 14 16 18 20 2 4 6 8 6 8 9
52 51 51 53 53 8 6 12 10 16 14 20 18 4 2 8 6 6 8 9
52 51 52 53 52 8 6 12 10 16 14 20 18 4 2 8 6 6 8 9
52 52 49 49 53 8 6 12 10 16 14 20 18 4 2 8 6 6 8 9
51 51 51 51 51 8 6 12 10 16 14 20 18 4 2 8 6 6 8 9
49 51 53 54 52 6 8 10 12 14 16 18 20 2 4 6 8 6 8 9
51 52 51 51 54 8 6 12 10 16 14 20 18 4 2 8 6 6 8 9
52 49 51 53 54 6 8 10 12 14 16 18 20 2 4 6 8 6 8 9
51 51 54 51 52 8 6 12 10 16 14 20 18 4 2 8 6 6 8 9
56 57 59 60 58 2 4 6 8 10 12 14 16 18 20 18 20 10 10 10
57 59 60 58 56 2 4 6 8 10 12 14 16 18 20 18 20 10 10 10
59 60 58 56 57 4 2 8 6 12 10 16 14 20 18 20 18 10 10 10
60 58 56 57 59 2 4 6 8 10 12 14 16 18 20 18 20 10 10 10
58 56 57 59 60 4 2 8 6 12 10 16 14 20 18 20 18 10 10 10
58 59 60 60 60 2 4 6 8 10 12 14 16 18 20 18 20 10 10 10
57 58 57 58 55 2 4 6 8 10 12 14 16 18 20 18 20 10 10 10
57 57 59 59 58 2 4 6 8 10 12 14 16 18 20 18 20 10 10 10
58 57 57 59 59 4 2 8 6 12 10 16 14 20 18 20 18 10 10 10
58 57 58 59 58 4 2 8 6 12 10 16 14 20 18 20 18 10 10 10
58 58 55 55 59 4 2 8 6 12 10 16 14 20 18 20 18 10 10 10
57 57 57 57 57 4 2 8 6 12 10 16 14 20 18 20 18 10 10 10
55 57 59 60 58 2 4 6 8 10 12 14 16 18 20 18 20 10 10 10
57 58 57 57 60 4 2 8 6 12 10 16 14 20 18 20 18 10 10 10
58 55 57 59 60 2 4 6 8 10 12 14 16 18 20 18 20 10 10 10
57 57 60 57 58 4 2 8 6 12 10 16 14 20 18 20 18 10 10 10

SIZE: 109 x 20
METHOD: Six-block row decomposition construction (Theorem 21 and Appendix A.3), with t=10 five-column inputs of row sizes 6,6,6,6,6,15,16,16,16,16, and 15 added columns from factorized input pairs. The total added-column weight is 54.
MATRIX:
2 3 5 6 4 3 3 3 3 3 3 3 3 3 3 3 3 1 1 1
3 5 6 4 2 1 1 1 1 1 1 1 1 1 1 1 1 1 1 1
5 6 4 2 3 3 3 3 3 3 3 3 3 3 3 3 3 1 1 1
6 4 2 3 5 1 1 1 1 1 1 1 1 1 1 1 1 1 1 1
4 2 3 5 6 3 3 3 3 3 3 3 3 3 3 3 3 1 1 1
1 1 1 1 1 1 1 1 1 1 1 1 1 1 1 1 1 1 1 1
8 9 11 12 10 7 7 7 7 7 7 7 7 7 7 4 2 3 3 3
9 11 12 10 8 5 5 5 5 5 5 5 5 5 5 2 4 3 3 3
11 12 10 8 9 7 7 7 7 7 7 7 7 7 7 4 2 3 3 3
12 10 8 9 11 5 5 5 5 5 5 5 5 5 5 2 4 3 3 3
10 8 9 11 12 7 7 7 7 7 7 7 7 7 7 4 2 3 3 3
7 7 7 7 7 5 5 5 5 5 5 5 5 5 5 2 4 3 3 3
14 15 17 18 16 11 11 4 2 11 11 11 11 11 11 7 7 4 5 5
15 17 18 16 14 9 9 2 4 9 9 9 9 9 9 5 5 4 5 5
17 18 16 14 15 11 11 4 2 11 11 11 11 11 11 7 7 4 5 5
18 16 14 15 17 9 9 2 4 9 9 9 9 9 9 5 5 4 5 5
16 14 15 17 18 11 11 4 2 11 11 11 11 11 11 7 7 4 5 5
13 13 13 13 13 9 9 2 4 9 9 9 9 9 9 5 5 4 5 5
20 21 23 24 22 15 15 11 11 8 6 15 15 15 15 11 11 2 6 7
21 23 24 22 20 13 13 9 9 6 8 13 13 13 13 9 9 2 6 7
23 24 22 20 21 15 15 11 11 8 6 15 15 15 15 11 11 2 6 7
24 22 20 21 23 13 13 9 9 6 8 13 13 13 13 9 9 2 6 7
22 20 21 23 24 15 15 11 11 8 6 15 15 15 15 11 11 2 6 7
19 19 19 19 19 13 13 9 9 6 8 13 13 13 13 9 9 2 6 7
26 27 29 30 28 19 19 15 15 4 2 12 10 19 19 15 15 5 4 8
27 29 30 28 26 17 17 13 13 2 4 10 12 17 17 13 13 5 4 8
29 30 28 26 27 19 19 15 15 4 2 12 10 19 19 15 15 5 4 8
30 28 26 27 29 17 17 13 13 2 4 10 12 17 17 13 13 5 4 8
28 26 27 29 30 19 19 15 15 4 2 12 10 19 19 15 15 5 4 8
25 25 25 25 25 17 17 13 13 2 4 10 12 17 17 13 13 5 4 8
32 33 35 36 34 20 18 19 19 15 15 8 6 16 14 19 19 7 2 6
33 35 36 34 32 18 20 17 17 13 13 6 8 14 16 17 17 7 2 6
35 36 34 32 33 20 18 19 19 15 15 8 6 16 14 19 19 7 2 6
36 34 32 33 35 18 20 17 17 13 13 6 8 14 16 17 17 7 2 6
34 32 33 35 36 18 20 17 17 13 13 6 8 14 16 17 17 7 2 6
36 34 35 34 35 20 18 19 19 15 15 8 6 16 14 19 19 7 2 6
31 35 31 33 35 18 20 17 17 13 13 6 8 14 16 17 17 7 2 6
35 36 33 36 33 18 20 17 17 13 13 6 8 14 16 17 17 7 2 6
35 36 34 31 33 18 20 17 17 13 13 6 8 14 16 17 17 7 2 6
33 35 36 34 31 18 20 17 17 13 13 6 8 14 16 17 17 7 2 6
34 31 36 34 34 20 18 19 19 15 15 8 6 16 14 19 19 7 2 6
33 36 33 35 36 20 18 19 19 15 15 8 6 16 14 19 19 7 2 6
36 34 35 36 36 20 18 19 19 15 15 8 6 16 14 19 19 7 2 6
33 35 36 33 36 18 20 17 17 13 13 6 8 14 16 17 17 7 2 6
33 35 35 35 36 20 18 19 19 15 15 8 6 16 14 19 19 7 2 6
38 39 41 42 40 14 16 18 20 17 17 2 4 10 12 14 16 9 7 4
39 41 42 40 38 14 16 18 20 17 17 2 4 10 12 14 16 9 7 4
41 42 40 38 39 16 14 20 18 19 19 4 2 12 10 16 14 9 7 4
42 40 38 39 41 14 16 18 20 17 17 2 4 10 12 14 16 9 7 4
40 38 39 41 42 16 14 20 18 19 19 4 2 12 10 16 14 9 7 4
40 41 42 42 42 14 16 18 20 17 17 2 4 10 12 14 16 9 7 4
39 40 39 40 37 14 16 18 20 17 17 2 4 10 12 14 16 9 7 4
39 39 41 41 40 14 16 18 20 17 17 2 4 10 12 14 16 9 7 4
40 39 39 41 41 16 14 20 18 19 19 4 2 12 10 16 14 9 7 4
40 39 40 41 40 16 14 20 18 19 19 4 2 12 10 16 14 9 7 4
40 40 37 37 41 16 14 20 18 19 19 4 2 12 10 16 14 9 7 4
39 39 39 39 39 16 14 20 18 19 19 4 2 12 10 16 14 9 7 4
37 39 41 42 40 14 16 18 20 17 17 2 4 10 12 14 16 9 7 4
39 40 39 39 42 16 14 20 18 19 19 4 2 12 10 16 14 9 7 4
40 37 39 41 42 14 16 18 20 17 17 2 4 10 12 14 16 9 7 4
39 39 42 39 40 16 14 20 18 19 19 4 2 12 10 16 14 9 7 4
44 45 47 48 46 10 12 14 16 18 20 17 17 6 8 10 12 8 9 2
45 47 48 46 44 10 12 14 16 18 20 17 17 6 8 10 12 8 9 2
47 48 46 44 45 12 10 16 14 20 18 19 19 8 6 12 10 8 9 2
48 46 44 45 47 10 12 14 16 18 20 17 17 6 8 10 12 8 9 2
46 44 45 47 48 12 10 16 14 20 18 19 19 8 6 12 10 8 9 2
46 47 48 48 48 10 12 14 16 18 20 17 17 6 8 10 12 8 9 2
45 46 45 46 43 10 12 14 16 18 20 17 17 6 8 10 12 8 9 2
45 45 47 47 46 10 12 14 16 18 20 17 17 6 8 10 12 8 9 2
46 45 45 47 47 12 10 16 14 20 18 19 19 8 6 12 10 8 9 2
46 45 46 47 46 12 10 16 14 20 18 19 19 8 6 12 10 8 9 2
46 46 43 43 47 12 10 16 14 20 18 19 19 8 6 12 10 8 9 2
45 45 45 45 45 12 10 16 14 20 18 19 19 8 6 12 10 8 9 2
43 45 47 48 46 10 12 14 16 18 20 17 17 6 8 10 12 8 9 2
45 46 45 45 48 12 10 16 14 20 18 19 19 8 6 12 10 8 9 2
46 43 45 47 48 10 12 14 16 18 20 17 17 6 8 10 12 8 9 2
45 45 48 45 46 12 10 16 14 20 18 19 19 8 6 12 10 8 9 2
50 51 53 54 52 6 8 10 12 14 16 18 20 2 4 6 8 6 8 9
51 53 54 52 50 6 8 10 12 14 16 18 20 2 4 6 8 6 8 9
53 54 52 50 51 8 6 12 10 16 14 20 18 4 2 8 6 6 8 9
54 52 50 51 53 6 8 10 12 14 16 18 20 2 4 6 8 6 8 9
52 50 51 53 54 8 6 12 10 16 14 20 18 4 2 8 6 6 8 9
52 53 54 54 54 6 8 10 12 14 16 18 20 2 4 6 8 6 8 9
51 52 51 52 49 6 8 10 12 14 16 18 20 2 4 6 8 6 8 9
51 51 53 53 52 6 8 10 12 14 16 18 20 2 4 6 8 6 8 9
52 51 51 53 53 8 6 12 10 16 14 20 18 4 2 8 6 6 8 9
52 51 52 53 52 8 6 12 10 16 14 20 18 4 2 8 6 6 8 9
52 52 49 49 53 8 6 12 10 16 14 20 18 4 2 8 6 6 8 9
51 51 51 51 51 8 6 12 10 16 14 20 18 4 2 8 6 6 8 9
49 51 53 54 52 6 8 10 12 14 16 18 20 2 4 6 8 6 8 9
51 52 51 51 54 8 6 12 10 16 14 20 18 4 2 8 6 6 8 9
52 49 51 53 54 6 8 10 12 14 16 18 20 2 4 6 8 6 8 9
51 51 54 51 52 8 6 12 10 16 14 20 18 4 2 8 6 6 8 9
56 57 59 60 58 2 4 6 8 10 12 14 16 18 20 18 20 10 10 10
57 59 60 58 56 2 4 6 8 10 12 14 16 18 20 18 20 10 10 10
59 60 58 56 57 4 2 8 6 12 10 16 14 20 18 20 18 10 10 10
60 58 56 57 59 2 4 6 8 10 12 14 16 18 20 18 20 10 10 10
58 56 57 59 60 4 2 8 6 12 10 16 14 20 18 20 18 10 10 10
58 59 60 60 60 2 4 6 8 10 12 14 16 18 20 18 20 10 10 10
57 58 57 58 55 2 4 6 8 10 12 14 16 18 20 18 20 10 10 10
57 57 59 59 58 2 4 6 8 10 12 14 16 18 20 18 20 10 10 10
58 57 57 59 59 4 2 8 6 12 10 16 14 20 18 20 18 10 10 10
58 57 58 59 58 4 2 8 6 12 10 16 14 20 18 20 18 10 10 10
58 58 55 55 59 4 2 8 6 12 10 16 14 20 18 20 18 10 10 10
57 57 57 57 57 4 2 8 6 12 10 16 14 20 18 20 18 10 10 10
55 57 59 60 58 2 4 6 8 10 12 14 16 18 20 18 20 10 10 10
57 58 57 57 60 4 2 8 6 12 10 16 14 20 18 20 18 10 10 10
58 55 57 59 60 2 4 6 8 10 12 14 16 18 20 18 20 10 10 10
57 57 60 57 58 4 2 8 6 12 10 16 14 20 18 20 18 10 10 10

SIZE: 110 x 20
METHOD: Six-block row decomposition construction (Theorem 21 and Appendix A.3), with t=10 five-column inputs of row sizes 6,6,6,6,6,16,16,16,16,16, and 15 added columns from factorized input pairs. The total added-column weight is 54.
MATRIX:
2 3 5 6 4 3 3 3 3 3 3 3 3 3 3 3 3 1 1 1
3 5 6 4 2 1 1 1 1 1 1 1 1 1 1 1 1 1 1 1
5 6 4 2 3 3 3 3 3 3 3 3 3 3 3 3 3 1 1 1
6 4 2 3 5 1 1 1 1 1 1 1 1 1 1 1 1 1 1 1
4 2 3 5 6 3 3 3 3 3 3 3 3 3 3 3 3 1 1 1
1 1 1 1 1 1 1 1 1 1 1 1 1 1 1 1 1 1 1 1
8 9 11 12 10 7 7 7 7 7 7 7 7 7 7 4 2 3 3 3
9 11 12 10 8 5 5 5 5 5 5 5 5 5 5 2 4 3 3 3
11 12 10 8 9 7 7 7 7 7 7 7 7 7 7 4 2 3 3 3
12 10 8 9 11 5 5 5 5 5 5 5 5 5 5 2 4 3 3 3
10 8 9 11 12 7 7 7 7 7 7 7 7 7 7 4 2 3 3 3
7 7 7 7 7 5 5 5 5 5 5 5 5 5 5 2 4 3 3 3
14 15 17 18 16 11 11 4 2 11 11 11 11 11 11 7 7 4 5 5
15 17 18 16 14 9 9 2 4 9 9 9 9 9 9 5 5 4 5 5
17 18 16 14 15 11 11 4 2 11 11 11 11 11 11 7 7 4 5 5
18 16 14 15 17 9 9 2 4 9 9 9 9 9 9 5 5 4 5 5
16 14 15 17 18 11 11 4 2 11 11 11 11 11 11 7 7 4 5 5
13 13 13 13 13 9 9 2 4 9 9 9 9 9 9 5 5 4 5 5
20 21 23 24 22 15 15 11 11 8 6 15 15 15 15 11 11 2 6 7
21 23 24 22 20 13 13 9 9 6 8 13 13 13 13 9 9 2 6 7
23 24 22 20 21 15 15 11 11 8 6 15 15 15 15 11 11 2 6 7
24 22 20 21 23 13 13 9 9 6 8 13 13 13 13 9 9 2 6 7
22 20 21 23 24 15 15 11 11 8 6 15 15 15 15 11 11 2 6 7
19 19 19 19 19 13 13 9 9 6 8 13 13 13 13 9 9 2 6 7
26 27 29 30 28 19 19 15 15 4 2 12 10 19 19 15 15 5 4 8
27 29 30 28 26 17 17 13 13 2 4 10 12 17 17 13 13 5 4 8
29 30 28 26 27 19 19 15 15 4 2 12 10 19 19 15 15 5 4 8
30 28 26 27 29 17 17 13 13 2 4 10 12 17 17 13 13 5 4 8
28 26 27 29 30 19 19 15 15 4 2 12 10 19 19 15 15 5 4 8
25 25 25 25 25 17 17 13 13 2 4 10 12 17 17 13 13 5 4 8
32 33 35 36 34 18 20 17 17 13 13 6 8 14 16 17 17 7 2 6
33 35 36 34 32 18 20 17 17 13 13 6 8 14 16 17 17 7 2 6
35 36 34 32 33 20 18 19 19 15 15 8 6 16 14 19 19 7 2 6
36 34 32 33 35 18 20 17 17 13 13 6 8 14 16 17 17 7 2 6
34 32 33 35 36 20 18 19 19 15 15 8 6 16 14 19 19 7 2 6
34 35 36 36 36 18 20 17 17 13 13 6 8 14 16 17 17 7 2 6
33 34 33 34 31 18 20 17 17 13 13 6 8 14 16 17 17 7 2 6
33 33 35 35 34 18 20 17 17 13 13 6 8 14 16 17 17 7 2 6
34 33 33 35 35 20 18 19 19 15 15 8 6 16 14 19 19 7 2 6
34 33 34 35 34 20 18 19 19 15 15 8 6 16 14 19 19 7 2 6
34 34 31 31 35 20 18 19 19 15 15 8 6 16 14 19 19 7 2 6
33 33 33 33 33 20 18 19 19 15 15 8 6 16 14 19 19 7 2 6
31 33 35 36 34 18 20 17 17 13 13 6 8 14 16 17 17 7 2 6
33 34 33 33 36 20 18 19 19 15 15 8 6 16 14 19 19 7 2 6
34 31 33 35 36 18 20 17 17 13 13 6 8 14 16 17 17 7 2 6
33 33 36 33 34 20 18 19 19 15 15 8 6 16 14 19 19 7 2 6
38 39 41 42 40 14 16 18 20 17 17 2 4 10 12 14 16 9 7 4
39 41 42 40 38 14 16 18 20 17 17 2 4 10 12 14 16 9 7 4
41 42 40 38 39 16 14 20 18 19 19 4 2 12 10 16 14 9 7 4
42 40 38 39 41 14 16 18 20 17 17 2 4 10 12 14 16 9 7 4
40 38 39 41 42 16 14 20 18 19 19 4 2 12 10 16 14 9 7 4
40 41 42 42 42 14 16 18 20 17 17 2 4 10 12 14 16 9 7 4
39 40 39 40 37 14 16 18 20 17 17 2 4 10 12 14 16 9 7 4
39 39 41 41 40 14 16 18 20 17 17 2 4 10 12 14 16 9 7 4
40 39 39 41 41 16 14 20 18 19 19 4 2 12 10 16 14 9 7 4
40 39 40 41 40 16 14 20 18 19 19 4 2 12 10 16 14 9 7 4
40 40 37 37 41 16 14 20 18 19 19 4 2 12 10 16 14 9 7 4
39 39 39 39 39 16 14 20 18 19 19 4 2 12 10 16 14 9 7 4
37 39 41 42 40 14 16 18 20 17 17 2 4 10 12 14 16 9 7 4
39 40 39 39 42 16 14 20 18 19 19 4 2 12 10 16 14 9 7 4
40 37 39 41 42 14 16 18 20 17 17 2 4 10 12 14 16 9 7 4
39 39 42 39 40 16 14 20 18 19 19 4 2 12 10 16 14 9 7 4
44 45 47 48 46 10 12 14 16 18 20 17 17 6 8 10 12 8 9 2
45 47 48 46 44 10 12 14 16 18 20 17 17 6 8 10 12 8 9 2
47 48 46 44 45 12 10 16 14 20 18 19 19 8 6 12 10 8 9 2
48 46 44 45 47 10 12 14 16 18 20 17 17 6 8 10 12 8 9 2
46 44 45 47 48 12 10 16 14 20 18 19 19 8 6 12 10 8 9 2
46 47 48 48 48 10 12 14 16 18 20 17 17 6 8 10 12 8 9 2
45 46 45 46 43 10 12 14 16 18 20 17 17 6 8 10 12 8 9 2
45 45 47 47 46 10 12 14 16 18 20 17 17 6 8 10 12 8 9 2
46 45 45 47 47 12 10 16 14 20 18 19 19 8 6 12 10 8 9 2
46 45 46 47 46 12 10 16 14 20 18 19 19 8 6 12 10 8 9 2
46 46 43 43 47 12 10 16 14 20 18 19 19 8 6 12 10 8 9 2
45 45 45 45 45 12 10 16 14 20 18 19 19 8 6 12 10 8 9 2
43 45 47 48 46 10 12 14 16 18 20 17 17 6 8 10 12 8 9 2
45 46 45 45 48 12 10 16 14 20 18 19 19 8 6 12 10 8 9 2
46 43 45 47 48 10 12 14 16 18 20 17 17 6 8 10 12 8 9 2
45 45 48 45 46 12 10 16 14 20 18 19 19 8 6 12 10 8 9 2
50 51 53 54 52 6 8 10 12 14 16 18 20 2 4 6 8 6 8 9
51 53 54 52 50 6 8 10 12 14 16 18 20 2 4 6 8 6 8 9
53 54 52 50 51 8 6 12 10 16 14 20 18 4 2 8 6 6 8 9
54 52 50 51 53 6 8 10 12 14 16 18 20 2 4 6 8 6 8 9
52 50 51 53 54 8 6 12 10 16 14 20 18 4 2 8 6 6 8 9
52 53 54 54 54 6 8 10 12 14 16 18 20 2 4 6 8 6 8 9
51 52 51 52 49 6 8 10 12 14 16 18 20 2 4 6 8 6 8 9
51 51 53 53 52 6 8 10 12 14 16 18 20 2 4 6 8 6 8 9
52 51 51 53 53 8 6 12 10 16 14 20 18 4 2 8 6 6 8 9
52 51 52 53 52 8 6 12 10 16 14 20 18 4 2 8 6 6 8 9
52 52 49 49 53 8 6 12 10 16 14 20 18 4 2 8 6 6 8 9
51 51 51 51 51 8 6 12 10 16 14 20 18 4 2 8 6 6 8 9
49 51 53 54 52 6 8 10 12 14 16 18 20 2 4 6 8 6 8 9
51 52 51 51 54 8 6 12 10 16 14 20 18 4 2 8 6 6 8 9
52 49 51 53 54 6 8 10 12 14 16 18 20 2 4 6 8 6 8 9
51 51 54 51 52 8 6 12 10 16 14 20 18 4 2 8 6 6 8 9
56 57 59 60 58 2 4 6 8 10 12 14 16 18 20 18 20 10 10 10
57 59 60 58 56 2 4 6 8 10 12 14 16 18 20 18 20 10 10 10
59 60 58 56 57 4 2 8 6 12 10 16 14 20 18 20 18 10 10 10
60 58 56 57 59 2 4 6 8 10 12 14 16 18 20 18 20 10 10 10
58 56 57 59 60 4 2 8 6 12 10 16 14 20 18 20 18 10 10 10
58 59 60 60 60 2 4 6 8 10 12 14 16 18 20 18 20 10 10 10
57 58 57 58 55 2 4 6 8 10 12 14 16 18 20 18 20 10 10 10
57 57 59 59 58 2 4 6 8 10 12 14 16 18 20 18 20 10 10 10
58 57 57 59 59 4 2 8 6 12 10 16 14 20 18 20 18 10 10 10
58 57 58 59 58 4 2 8 6 12 10 16 14 20 18 20 18 10 10 10
58 58 55 55 59 4 2 8 6 12 10 16 14 20 18 20 18 10 10 10
57 57 57 57 57 4 2 8 6 12 10 16 14 20 18 20 18 10 10 10
55 57 59 60 58 2 4 6 8 10 12 14 16 18 20 18 20 10 10 10
57 58 57 57 60 4 2 8 6 12 10 16 14 20 18 20 18 10 10 10
58 55 57 59 60 2 4 6 8 10 12 14 16 18 20 18 20 10 10 10
57 57 60 57 58 4 2 8 6 12 10 16 14 20 18 20 18 10 10 10

SIZE: 111 x 20
METHOD: Six-block row decomposition construction (Theorem 21 and Appendix A.3), with t=10 five-column inputs of row sizes 6,6,6,6,8,15,16,16,16,16, and 15 added columns from factorized input pairs. The total added-column weight is 54.
MATRIX:
2 3 5 6 4 3 3 3 3 3 3 3 3 3 3 3 3 1 1 1
3 5 6 4 2 1 1 1 1 1 1 1 1 1 1 1 1 1 1 1
5 6 4 2 3 3 3 3 3 3 3 3 3 3 3 3 3 1 1 1
6 4 2 3 5 1 1 1 1 1 1 1 1 1 1 1 1 1 1 1
4 2 3 5 6 3 3 3 3 3 3 3 3 3 3 3 3 1 1 1
1 1 1 1 1 1 1 1 1 1 1 1 1 1 1 1 1 1 1 1
8 9 11 12 10 7 7 7 7 7 7 7 7 7 7 4 2 3 3 3
9 11 12 10 8 5 5 5 5 5 5 5 5 5 5 2 4 3 3 3
11 12 10 8 9 7 7 7 7 7 7 7 7 7 7 4 2 3 3 3
12 10 8 9 11 5 5 5 5 5 5 5 5 5 5 2 4 3 3 3
10 8 9 11 12 7 7 7 7 7 7 7 7 7 7 4 2 3 3 3
7 7 7 7 7 5 5 5 5 5 5 5 5 5 5 2 4 3 3 3
14 15 17 18 16 11 11 4 2 11 11 11 11 11 11 7 7 4 5 5
15 17 18 16 14 9 9 2 4 9 9 9 9 9 9 5 5 4 5 5
17 18 16 14 15 11 11 4 2 11 11 11 11 11 11 7 7 4 5 5
18 16 14 15 17 9 9 2 4 9 9 9 9 9 9 5 5 4 5 5
16 14 15 17 18 11 11 4 2 11 11 11 11 11 11 7 7 4 5 5
13 13 13 13 13 9 9 2 4 9 9 9 9 9 9 5 5 4 5 5
20 21 23 24 22 15 15 11 11 8 6 15 15 15 15 11 11 2 6 7
21 23 24 22 20 13 13 9 9 6 8 13 13 13 13 9 9 2 6 7
23 24 22 20 21 15 15 11 11 8 6 15 15 15 15 11 11 2 6 7
24 22 20 21 23 13 13 9 9 6 8 13 13 13 13 9 9 2 6 7
22 20 21 23 24 15 15 11 11 8 6 15 15 15 15 11 11 2 6 7
19 19 19 19 19 13 13 9 9 6 8 13 13 13 13 9 9 2 6 7
25 25 25 25 25 17 17 13 13 2 4 10 12 17 17 13 13 5 4 8
25 26 27 27 27 19 19 15 15 4 2 12 10 19 19 15 15 5 4 8
26 27 29 29 29 17 17 13 13 2 4 10 12 17 17 13 13 5 4 8
26 28 31 31 31 19 19 15 15 4 2 12 10 19 19 15 15 5 4 8
27 27 30 26 28 19 19 15 15 4 2 12 10 19 19 15 15 5 4 8
27 28 32 28 26 17 17 13 13 2 4 10 12 17 17 13 13 5 4 8
28 25 26 30 32 19 19 15 15 4 2 12 10 19 19 15 15 5 4 8
28 26 28 32 30 19 19 15 15 4 2 12 10 19 19 15 15 5 4 8
30 31 37 38 36 20 18 19 19 15 15 8 6 16 14 19 19 7 2 6
31 33 38 36 34 18 20 17 17 13 13 6 8 14 16 17 17 7 2 6
33 34 36 34 35 20 18 19 19 15 15 8 6 16 14 19 19 7 2 6
34 32 34 35 37 18 20 17 17 13 13 6 8 14 16 17 17 7 2 6
32 30 35 37 38 18 20 17 17 13 13 6 8 14 16 17 17 7 2 6
34 32 37 36 37 20 18 19 19 15 15 8 6 16 14 19 19 7 2 6
29 33 33 35 37 18 20 17 17 13 13 6 8 14 16 17 17 7 2 6
33 34 35 38 35 18 20 17 17 13 13 6 8 14 16 17 17 7 2 6
33 34 36 33 35 18 20 17 17 13 13 6 8 14 16 17 17 7 2 6
31 33 38 36 33 18 20 17 17 13 13 6 8 14 16 17 17 7 2 6
32 29 38 36 36 20 18 19 19 15 15 8 6 16 14 19 19 7 2 6
31 34 35 37 38 20 18 19 19 15 15 8 6 16 14 19 19 7 2 6
34 32 37 38 38 20 18 19 19 15 15 8 6 16 14 19 19 7 2 6
31 33 38 35 38 18 20 17 17 13 13 6 8 14 16 17 17 7 2 6
31 33 37 37 38 20 18 19 19 15 15 8 6 16 14 19 19 7 2 6
36 37 43 44 42 14 16 18 20 17 17 2 4 10 12 14 16 9 7 4
37 39 44 42 40 14 16 18 20 17 17 2 4 10 12 14 16 9 7 4
39 40 42 40 41 16 14 20 18 19 19 4 2 12 10 16 14 9 7 4
40 38 40 41 43 14 16 18 20 17 17 2 4 10 12 14 16 9 7 4
38 36 41 43 44 16 14 20 18 19 19 4 2 12 10 16 14 9 7 4
38 39 44 44 44 14 16 18 20 17 17 2 4 10 12 14 16 9 7 4
37 38 41 42 39 14 16 18 20 17 17 2 4 10 12 14 16 9 7 4
37 37 43 43 42 14 16 18 20 17 17 2 4 10 12 14 16 9 7 4
38 37 41 43 43 16 14 20 18 19 19 4 2 12 10 16 14 9 7 4
38 37 42 43 42 16 14 20 18 19 19 4 2 12 10 16 14 9 7 4
38 38 39 39 43 16 14 20 18 19 19 4 2 12 10 16 14 9 7 4
37 37 41 41 41 16 14 20 18 19 19 4 2 12 10 16 14 9 7 4
35 37 43 44 42 14 16 18 20 17 17 2 4 10 12 14 16 9 7 4
37 38 41 41 44 16 14 20 18 19 19 4 2 12 10 16 14 9 7 4
38 35 41 43 44 14 16 18 20 17 17 2 4 10 12 14 16 9 7 4
37 37 44 41 42 16 14 20 18 19 19 4 2 12 10 16 14 9 7 4
42 43 49 50 48 10 12 14 16 18 20 17 17 6 8 10 12 8 9 2
43 45 50 48 46 10 12 14 16 18 20 17 17 6 8 10 12 8 9 2
45 46 48 46 47 12 10 16 14 20 18 19 19 8 6 12 10 8 9 2
46 44 46 47 49 10 12 14 16 18 20 17 17 6 8 10 12 8 9 2
44 42 47 49 50 12 10 16 14 20 18 19 19 8 6 12 10 8 9 2
44 45 50 50 50 10 12 14 16 18 20 17 17 6 8 10 12 8 9 2
43 44 47 48 45 10 12 14 16 18 20 17 17 6 8 10 12 8 9 2
43 43 49 49 48 10 12 14 16 18 20 17 17 6 8 10 12 8 9 2
44 43 47 49 49 12 10 16 14 20 18 19 19 8 6 12 10 8 9 2
44 43 48 49 48 12 10 16 14 20 18 19 19 8 6 12 10 8 9 2
44 44 45 45 49 12 10 16 14 20 18 19 19 8 6 12 10 8 9 2
43 43 47 47 47 12 10 16 14 20 18 19 19 8 6 12 10 8 9 2
41 43 49 50 48 10 12 14 16 18 20 17 17 6 8 10 12 8 9 2
43 44 47 47 50 12 10 16 14 20 18 19 19 8 6 12 10 8 9 2
44 41 47 49 50 10 12 14 16 18 20 17 17 6 8 10 12 8 9 2
43 43 50 47 48 12 10 16 14 20 18 19 19 8 6 12 10 8 9 2
48 49 55 56 54 6 8 10 12 14 16 18 20 2 4 6 8 6 8 9
49 51 56 54 52 6 8 10 12 14 16 18 20 2 4 6 8 6 8 9
51 52 54 52 53 8 6 12 10 16 14 20 18 4 2 8 6 6 8 9
52 50 52 53 55 6 8 10 12 14 16 18 20 2 4 6 8 6 8 9
50 48 53 55 56 8 6 12 10 16 14 20 18 4 2 8 6 6 8 9
50 51 56 56 56 6 8 10 12 14 16 18 20 2 4 6 8 6 8 9
49 50 53 54 51 6 8 10 12 14 16 18 20 2 4 6 8 6 8 9
49 49 55 55 54 6 8 10 12 14 16 18 20 2 4 6 8 6 8 9
50 49 53 55 55 8 6 12 10 16 14 20 18 4 2 8 6 6 8 9
50 49 54 55 54 8 6 12 10 16 14 20 18 4 2 8 6 6 8 9
50 50 51 51 55 8 6 12 10 16 14 20 18 4 2 8 6 6 8 9
49 49 53 53 53 8 6 12 10 16 14 20 18 4 2 8 6 6 8 9
47 49 55 56 54 6 8 10 12 14 16 18 20 2 4 6 8 6 8 9
49 50 53 53 56 8 6 12 10 16 14 20 18 4 2 8 6 6 8 9
50 47 53 55 56 6 8 10 12 14 16 18 20 2 4 6 8 6 8 9
49 49 56 53 54 8 6 12 10 16 14 20 18 4 2 8 6 6 8 9
54 55 61 62 60 2 4 6 8 10 12 14 16 18 20 18 20 10 10 10
55 57 62 60 58 2 4 6 8 10 12 14 16 18 20 18 20 10 10 10
57 58 60 58 59 4 2 8 6 12 10 16 14 20 18 20 18 10 10 10
58 56 58 59 61 2 4 6 8 10 12 14 16 18 20 18 20 10 10 10
56 54 59 61 62 4 2 8 6 12 10 16 14 20 18 20 18 10 10 10
56 57 62 62 62 2 4 6 8 10 12 14 16 18 20 18 20 10 10 10
55 56 59 60 57 2 4 6 8 10 12 14 16 18 20 18 20 10 10 10
55 55 61 61 60 2 4 6 8 10 12 14 16 18 20 18 20 10 10 10
56 55 59 61 61 4 2 8 6 12 10 16 14 20 18 20 18 10 10 10
56 55 60 61 60 4 2 8 6 12 10 16 14 20 18 20 18 10 10 10
56 56 57 57 61 4 2 8 6 12 10 16 14 20 18 20 18 10 10 10
55 55 59 59 59 4 2 8 6 12 10 16 14 20 18 20 18 10 10 10
53 55 61 62 60 2 4 6 8 10 12 14 16 18 20 18 20 10 10 10
55 56 59 59 62 4 2 8 6 12 10 16 14 20 18 20 18 10 10 10
56 53 59 61 62 2 4 6 8 10 12 14 16 18 20 18 20 10 10 10
55 55 62 59 60 4 2 8 6 12 10 16 14 20 18 20 18 10 10 10

SIZE: 112 x 20
METHOD: Six-block row decomposition construction (Theorem 21 and Appendix A.3), with t=10 five-column inputs of row sizes 6,6,6,6,8,16,16,16,16,16, and 15 added columns from factorized input pairs. The total added-column weight is 54.
MATRIX:
2 3 5 6 4 3 3 3 3 3 3 3 3 3 3 3 3 1 1 1
3 5 6 4 2 1 1 1 1 1 1 1 1 1 1 1 1 1 1 1
5 6 4 2 3 3 3 3 3 3 3 3 3 3 3 3 3 1 1 1
6 4 2 3 5 1 1 1 1 1 1 1 1 1 1 1 1 1 1 1
4 2 3 5 6 3 3 3 3 3 3 3 3 3 3 3 3 1 1 1
1 1 1 1 1 1 1 1 1 1 1 1 1 1 1 1 1 1 1 1
8 9 11 12 10 7 7 7 7 7 7 7 7 7 7 4 2 3 3 3
9 11 12 10 8 5 5 5 5 5 5 5 5 5 5 2 4 3 3 3
11 12 10 8 9 7 7 7 7 7 7 7 7 7 7 4 2 3 3 3
12 10 8 9 11 5 5 5 5 5 5 5 5 5 5 2 4 3 3 3
10 8 9 11 12 7 7 7 7 7 7 7 7 7 7 4 2 3 3 3
7 7 7 7 7 5 5 5 5 5 5 5 5 5 5 2 4 3 3 3
14 15 17 18 16 11 11 4 2 11 11 11 11 11 11 7 7 4 5 5
15 17 18 16 14 9 9 2 4 9 9 9 9 9 9 5 5 4 5 5
17 18 16 14 15 11 11 4 2 11 11 11 11 11 11 7 7 4 5 5
18 16 14 15 17 9 9 2 4 9 9 9 9 9 9 5 5 4 5 5
16 14 15 17 18 11 11 4 2 11 11 11 11 11 11 7 7 4 5 5
13 13 13 13 13 9 9 2 4 9 9 9 9 9 9 5 5 4 5 5
20 21 23 24 22 15 15 11 11 8 6 15 15 15 15 11 11 2 6 7
21 23 24 22 20 13 13 9 9 6 8 13 13 13 13 9 9 2 6 7
23 24 22 20 21 15 15 11 11 8 6 15 15 15 15 11 11 2 6 7
24 22 20 21 23 13 13 9 9 6 8 13 13 13 13 9 9 2 6 7
22 20 21 23 24 15 15 11 11 8 6 15 15 15 15 11 11 2 6 7
19 19 19 19 19 13 13 9 9 6 8 13 13 13 13 9 9 2 6 7
25 25 25 25 25 17 17 13 13 2 4 10 12 17 17 13 13 5 4 8
25 26 27 27 27 19 19 15 15 4 2 12 10 19 19 15 15 5 4 8
26 27 29 29 29 17 17 13 13 2 4 10 12 17 17 13 13 5 4 8
26 28 31 31 31 19 19 15 15 4 2 12 10 19 19 15 15 5 4 8
27 27 30 26 28 19 19 15 15 4 2 12 10 19 19 15 15 5 4 8
27 28 32 28 26 17 17 13 13 2 4 10 12 17 17 13 13 5 4 8
28 25 26 30 32 19 19 15 15 4 2 12 10 19 19 15 15 5 4 8
28 26 28 32 30 19 19 15 15 4 2 12 10 19 19 15 15 5 4 8
30 31 37 38 36 18 20 17 17 13 13 6 8 14 16 17 17 7 2 6
31 33 38 36 34 18 20 17 17 13 13 6 8 14 16 17 17 7 2 6
33 34 36 34 35 20 18 19 19 15 15 8 6 16 14 19 19 7 2 6
34 32 34 35 37 18 20 17 17 13 13 6 8 14 16 17 17 7 2 6
32 30 35 37 38 20 18 19 19 15 15 8 6 16 14 19 19 7 2 6
32 33 38 38 38 18 20 17 17 13 13 6 8 14 16 17 17 7 2 6
31 32 35 36 33 18 20 17 17 13 13 6 8 14 16 17 17 7 2 6
31 31 37 37 36 18 20 17 17 13 13 6 8 14 16 17 17 7 2 6
32 31 35 37 37 20 18 19 19 15 15 8 6 16 14 19 19 7 2 6
32 31 36 37 36 20 18 19 19 15 15 8 6 16 14 19 19 7 2 6
32 32 33 33 37 20 18 19 19 15 15 8 6 16 14 19 19 7 2 6
31 31 35 35 35 20 18 19 19 15 15 8 6 16 14 19 19 7 2 6
29 31 37 38 36 18 20 17 17 13 13 6 8 14 16 17 17 7 2 6
31 32 35 35 38 20 18 19 19 15 15 8 6 16 14 19 19 7 2 6
32 29 35 37 38 18 20 17 17 13 13 6 8 14 16 17 17 7 2 6
31 31 38 35 36 20 18 19 19 15 15 8 6 16 14 19 19 7 2 6
36 37 43 44 42 14 16 18 20 17 17 2 4 10 12 14 16 9 7 4
37 39 44 42 40 14 16 18 20 17 17 2 4 10 12 14 16 9 7 4
39 40 42 40 41 16 14 20 18 19 19 4 2 12 10 16 14 9 7 4
40 38 40 41 43 14 16 18 20 17 17 2 4 10 12 14 16 9 7 4
38 36 41 43 44 16 14 20 18 19 19 4 2 12 10 16 14 9 7 4
38 39 44 44 44 14 16 18 20 17 17 2 4 10 12 14 16 9 7 4
37 38 41 42 39 14 16 18 20 17 17 2 4 10 12 14 16 9 7 4
37 37 43 43 42 14 16 18 20 17 17 2 4 10 12 14 16 9 7 4
38 37 41 43 43 16 14 20 18 19 19 4 2 12 10 16 14 9 7 4
38 37 42 43 42 16 14 20 18 19 19 4 2 12 10 16 14 9 7 4
38 38 39 39 43 16 14 20 18 19 19 4 2 12 10 16 14 9 7 4
37 37 41 41 41 16 14 20 18 19 19 4 2 12 10 16 14 9 7 4
35 37 43 44 42 14 16 18 20 17 17 2 4 10 12 14 16 9 7 4
37 38 41 41 44 16 14 20 18 19 19 4 2 12 10 16 14 9 7 4
38 35 41 43 44 14 16 18 20 17 17 2 4 10 12 14 16 9 7 4
37 37 44 41 42 16 14 20 18 19 19 4 2 12 10 16 14 9 7 4
42 43 49 50 48 10 12 14 16 18 20 17 17 6 8 10 12 8 9 2
43 45 50 48 46 10 12 14 16 18 20 17 17 6 8 10 12 8 9 2
45 46 48 46 47 12 10 16 14 20 18 19 19 8 6 12 10 8 9 2
46 44 46 47 49 10 12 14 16 18 20 17 17 6 8 10 12 8 9 2
44 42 47 49 50 12 10 16 14 20 18 19 19 8 6 12 10 8 9 2
44 45 50 50 50 10 12 14 16 18 20 17 17 6 8 10 12 8 9 2
43 44 47 48 45 10 12 14 16 18 20 17 17 6 8 10 12 8 9 2
43 43 49 49 48 10 12 14 16 18 20 17 17 6 8 10 12 8 9 2
44 43 47 49 49 12 10 16 14 20 18 19 19 8 6 12 10 8 9 2
44 43 48 49 48 12 10 16 14 20 18 19 19 8 6 12 10 8 9 2
44 44 45 45 49 12 10 16 14 20 18 19 19 8 6 12 10 8 9 2
43 43 47 47 47 12 10 16 14 20 18 19 19 8 6 12 10 8 9 2
41 43 49 50 48 10 12 14 16 18 20 17 17 6 8 10 12 8 9 2
43 44 47 47 50 12 10 16 14 20 18 19 19 8 6 12 10 8 9 2
44 41 47 49 50 10 12 14 16 18 20 17 17 6 8 10 12 8 9 2
43 43 50 47 48 12 10 16 14 20 18 19 19 8 6 12 10 8 9 2
48 49 55 56 54 6 8 10 12 14 16 18 20 2 4 6 8 6 8 9
49 51 56 54 52 6 8 10 12 14 16 18 20 2 4 6 8 6 8 9
51 52 54 52 53 8 6 12 10 16 14 20 18 4 2 8 6 6 8 9
52 50 52 53 55 6 8 10 12 14 16 18 20 2 4 6 8 6 8 9
50 48 53 55 56 8 6 12 10 16 14 20 18 4 2 8 6 6 8 9
50 51 56 56 56 6 8 10 12 14 16 18 20 2 4 6 8 6 8 9
49 50 53 54 51 6 8 10 12 14 16 18 20 2 4 6 8 6 8 9
49 49 55 55 54 6 8 10 12 14 16 18 20 2 4 6 8 6 8 9
50 49 53 55 55 8 6 12 10 16 14 20 18 4 2 8 6 6 8 9
50 49 54 55 54 8 6 12 10 16 14 20 18 4 2 8 6 6 8 9
50 50 51 51 55 8 6 12 10 16 14 20 18 4 2 8 6 6 8 9
49 49 53 53 53 8 6 12 10 16 14 20 18 4 2 8 6 6 8 9
47 49 55 56 54 6 8 10 12 14 16 18 20 2 4 6 8 6 8 9
49 50 53 53 56 8 6 12 10 16 14 20 18 4 2 8 6 6 8 9
50 47 53 55 56 6 8 10 12 14 16 18 20 2 4 6 8 6 8 9
49 49 56 53 54 8 6 12 10 16 14 20 18 4 2 8 6 6 8 9
54 55 61 62 60 2 4 6 8 10 12 14 16 18 20 18 20 10 10 10
55 57 62 60 58 2 4 6 8 10 12 14 16 18 20 18 20 10 10 10
57 58 60 58 59 4 2 8 6 12 10 16 14 20 18 20 18 10 10 10
58 56 58 59 61 2 4 6 8 10 12 14 16 18 20 18 20 10 10 10
56 54 59 61 62 4 2 8 6 12 10 16 14 20 18 20 18 10 10 10
56 57 62 62 62 2 4 6 8 10 12 14 16 18 20 18 20 10 10 10
55 56 59 60 57 2 4 6 8 10 12 14 16 18 20 18 20 10 10 10
55 55 61 61 60 2 4 6 8 10 12 14 16 18 20 18 20 10 10 10
56 55 59 61 61 4 2 8 6 12 10 16 14 20 18 20 18 10 10 10
56 55 60 61 60 4 2 8 6 12 10 16 14 20 18 20 18 10 10 10
56 56 57 57 61 4 2 8 6 12 10 16 14 20 18 20 18 10 10 10
55 55 59 59 59 4 2 8 6 12 10 16 14 20 18 20 18 10 10 10
53 55 61 62 60 2 4 6 8 10 12 14 16 18 20 18 20 10 10 10
55 56 59 59 62 4 2 8 6 12 10 16 14 20 18 20 18 10 10 10
56 53 59 61 62 2 4 6 8 10 12 14 16 18 20 18 20 10 10 10
55 55 62 59 60 4 2 8 6 12 10 16 14 20 18 20 18 10 10 10

SIZE: 113 x 20
METHOD: Six-block row decomposition construction (Theorem 21 and Appendix A.3), with t=10 five-column inputs of row sizes 6,6,6,6,9,16,16,16,16,16, and 15 added columns from factorized input pairs. The total added-column weight is 54.
MATRIX:
2 3 5 6 4 3 3 3 3 3 3 3 3 3 3 3 3 1 1 1
3 5 6 4 2 1 1 1 1 1 1 1 1 1 1 1 1 1 1 1
5 6 4 2 3 3 3 3 3 3 3 3 3 3 3 3 3 1 1 1
6 4 2 3 5 1 1 1 1 1 1 1 1 1 1 1 1 1 1 1
4 2 3 5 6 3 3 3 3 3 3 3 3 3 3 3 3 1 1 1
1 1 1 1 1 1 1 1 1 1 1 1 1 1 1 1 1 1 1 1
8 9 11 12 10 7 7 7 7 7 7 7 7 7 7 4 2 3 3 3
9 11 12 10 8 5 5 5 5 5 5 5 5 5 5 2 4 3 3 3
11 12 10 8 9 7 7 7 7 7 7 7 7 7 7 4 2 3 3 3
12 10 8 9 11 5 5 5 5 5 5 5 5 5 5 2 4 3 3 3
10 8 9 11 12 7 7 7 7 7 7 7 7 7 7 4 2 3 3 3
7 7 7 7 7 5 5 5 5 5 5 5 5 5 5 2 4 3 3 3
14 15 17 18 16 11 11 4 2 11 11 11 11 11 11 7 7 4 5 5
15 17 18 16 14 9 9 2 4 9 9 9 9 9 9 5 5 4 5 5
17 18 16 14 15 11 11 4 2 11 11 11 11 11 11 7 7 4 5 5
18 16 14 15 17 9 9 2 4 9 9 9 9 9 9 5 5 4 5 5
16 14 15 17 18 11 11 4 2 11 11 11 11 11 11 7 7 4 5 5
13 13 13 13 13 9 9 2 4 9 9 9 9 9 9 5 5 4 5 5
20 21 23 24 22 15 15 11 11 8 6 15 15 15 15 11 11 2 6 7
21 23 24 22 20 13 13 9 9 6 8 13 13 13 13 9 9 2 6 7
23 24 22 20 21 15 15 11 11 8 6 15 15 15 15 11 11 2 6 7
24 22 20 21 23 13 13 9 9 6 8 13 13 13 13 9 9 2 6 7
22 20 21 23 24 15 15 11 11 8 6 15 15 15 15 11 11 2 6 7
19 19 19 19 19 13 13 9 9 6 8 13 13 13 13 9 9 2 6 7
26 27 29 30 28 17 17 13 13 2 4 10 12 17 17 13 13 5 4 8
27 29 30 28 26 19 19 15 15 4 2 12 10 19 19 15 15 5 4 8
29 30 28 26 27 17 17 13 13 2 4 10 12 17 17 13 13 5 4 8
30 28 26 27 29 17 17 13 13 2 4 10 12 17 17 13 13 5 4 8
28 26 27 29 30 19 19 15 15 4 2 12 10 19 19 15 15 5 4 8
30 25 25 29 25 19 19 15 15 4 2 12 10 19 19 15 15 5 4 8
25 27 27 30 25 19 19 15 15 4 2 12 10 19 19 15 15 5 4 8
28 28 27 30 30 17 17 13 13 2 4 10 12 17 17 13 13 5 4 8
29 28 29 25 29 17 17 13 13 2 4 10 12 17 17 13 13 5 4 8
32 33 35 36 34 18 20 17 17 13 13 6 8 14 16 17 17 7 2 6
33 35 36 34 32 18 20 17 17 13 13 6 8 14 16 17 17 7 2 6
35 36 34 32 33 20 18 19 19 15 15 8 6 16 14 19 19 7 2 6
36 34 32 33 35 18 20 17 17 13 13 6 8 14 16 17 17 7 2 6
34 32 33 35 36 20 18 19 19 15 15 8 6 16 14 19 19 7 2 6
34 35 36 36 36 18 20 17 17 13 13 6 8 14 16 17 17 7 2 6
33 34 33 34 31 18 20 17 17 13 13 6 8 14 16 17 17 7 2 6
33 33 35 35 34 18 20 17 17 13 13 6 8 14 16 17 17 7 2 6
34 33 33 35 35 20 18 19 19 15 15 8 6 16 14 19 19 7 2 6
34 33 34 35 34 20 18 19 19 15 15 8 6 16 14 19 19 7 2 6
34 34 31 31 35 20 18 19 19 15 15 8 6 16 14 19 19 7 2 6
33 33 33 33 33 20 18 19 19 15 15 8 6 16 14 19 19 7 2 6
31 33 35 36 34 18 20 17 17 13 13 6 8 14 16 17 17 7 2 6
33 34 33 33 36 20 18 19 19 15 15 8 6 16 14 19 19 7 2 6
34 31 33 35 36 18 20 17 17 13 13 6 8 14 16 17 17 7 2 6
33 33 36 33 34 20 18 19 19 15 15 8 6 16 14 19 19 7 2 6
38 39 41 42 40 14 16 18 20 17 17 2 4 10 12 14 16 9 7 4
39 41 42 40 38 14 16 18 20 17 17 2 4 10 12 14 16 9 7 4
41 42 40 38 39 16 14 20 18 19 19 4 2 12 10 16 14 9 7 4
42 40 38 39 41 14 16 18 20 17 17 2 4 10 12 14 16 9 7 4
40 38 39 41 42 16 14 20 18 19 19 4 2 12 10 16 14 9 7 4
40 41 42 42 42 14 16 18 20 17 17 2 4 10 12 14 16 9 7 4
39 40 39 40 37 14 16 18 20 17 17 2 4 10 12 14 16 9 7 4
39 39 41 41 40 14 16 18 20 17 17 2 4 10 12 14 16 9 7 4
40 39 39 41 41 16 14 20 18 19 19 4 2 12 10 16 14 9 7 4
40 39 40 41 40 16 14 20 18 19 19 4 2 12 10 16 14 9 7 4
40 40 37 37 41 16 14 20 18 19 19 4 2 12 10 16 14 9 7 4
39 39 39 39 39 16 14 20 18 19 19 4 2 12 10 16 14 9 7 4
37 39 41 42 40 14 16 18 20 17 17 2 4 10 12 14 16 9 7 4
39 40 39 39 42 16 14 20 18 19 19 4 2 12 10 16 14 9 7 4
40 37 39 41 42 14 16 18 20 17 17 2 4 10 12 14 16 9 7 4
39 39 42 39 40 16 14 20 18 19 19 4 2 12 10 16 14 9 7 4
44 45 47 48 46 10 12 14 16 18 20 17 17 6 8 10 12 8 9 2
45 47 48 46 44 10 12 14 16 18 20 17 17 6 8 10 12 8 9 2
47 48 46 44 45 12 10 16 14 20 18 19 19 8 6 12 10 8 9 2
48 46 44 45 47 10 12 14 16 18 20 17 17 6 8 10 12 8 9 2
46 44 45 47 48 12 10 16 14 20 18 19 19 8 6 12 10 8 9 2
46 47 48 48 48 10 12 14 16 18 20 17 17 6 8 10 12 8 9 2
45 46 45 46 43 10 12 14 16 18 20 17 17 6 8 10 12 8 9 2
45 45 47 47 46 10 12 14 16 18 20 17 17 6 8 10 12 8 9 2
46 45 45 47 47 12 10 16 14 20 18 19 19 8 6 12 10 8 9 2
46 45 46 47 46 12 10 16 14 20 18 19 19 8 6 12 10 8 9 2
46 46 43 43 47 12 10 16 14 20 18 19 19 8 6 12 10 8 9 2
45 45 45 45 45 12 10 16 14 20 18 19 19 8 6 12 10 8 9 2
43 45 47 48 46 10 12 14 16 18 20 17 17 6 8 10 12 8 9 2
45 46 45 45 48 12 10 16 14 20 18 19 19 8 6 12 10 8 9 2
46 43 45 47 48 10 12 14 16 18 20 17 17 6 8 10 12 8 9 2
45 45 48 45 46 12 10 16 14 20 18 19 19 8 6 12 10 8 9 2
50 51 53 54 52 6 8 10 12 14 16 18 20 2 4 6 8 6 8 9
51 53 54 52 50 6 8 10 12 14 16 18 20 2 4 6 8 6 8 9
53 54 52 50 51 8 6 12 10 16 14 20 18 4 2 8 6 6 8 9
54 52 50 51 53 6 8 10 12 14 16 18 20 2 4 6 8 6 8 9
52 50 51 53 54 8 6 12 10 16 14 20 18 4 2 8 6 6 8 9
52 53 54 54 54 6 8 10 12 14 16 18 20 2 4 6 8 6 8 9
51 52 51 52 49 6 8 10 12 14 16 18 20 2 4 6 8 6 8 9
51 51 53 53 52 6 8 10 12 14 16 18 20 2 4 6 8 6 8 9
52 51 51 53 53 8 6 12 10 16 14 20 18 4 2 8 6 6 8 9
52 51 52 53 52 8 6 12 10 16 14 20 18 4 2 8 6 6 8 9
52 52 49 49 53 8 6 12 10 16 14 20 18 4 2 8 6 6 8 9
51 51 51 51 51 8 6 12 10 16 14 20 18 4 2 8 6 6 8 9
49 51 53 54 52 6 8 10 12 14 16 18 20 2 4 6 8 6 8 9
51 52 51 51 54 8 6 12 10 16 14 20 18 4 2 8 6 6 8 9
52 49 51 53 54 6 8 10 12 14 16 18 20 2 4 6 8 6 8 9
51 51 54 51 52 8 6 12 10 16 14 20 18 4 2 8 6 6 8 9
56 57 59 60 58 2 4 6 8 10 12 14 16 18 20 18 20 10 10 10
57 59 60 58 56 2 4 6 8 10 12 14 16 18 20 18 20 10 10 10
59 60 58 56 57 4 2 8 6 12 10 16 14 20 18 20 18 10 10 10
60 58 56 57 59 2 4 6 8 10 12 14 16 18 20 18 20 10 10 10
58 56 57 59 60 4 2 8 6 12 10 16 14 20 18 20 18 10 10 10
58 59 60 60 60 2 4 6 8 10 12 14 16 18 20 18 20 10 10 10
57 58 57 58 55 2 4 6 8 10 12 14 16 18 20 18 20 10 10 10
57 57 59 59 58 2 4 6 8 10 12 14 16 18 20 18 20 10 10 10
58 57 57 59 59 4 2 8 6 12 10 16 14 20 18 20 18 10 10 10
58 57 58 59 58 4 2 8 6 12 10 16 14 20 18 20 18 10 10 10
58 58 55 55 59 4 2 8 6 12 10 16 14 20 18 20 18 10 10 10
57 57 57 57 57 4 2 8 6 12 10 16 14 20 18 20 18 10 10 10
55 57 59 60 58 2 4 6 8 10 12 14 16 18 20 18 20 10 10 10
57 58 57 57 60 4 2 8 6 12 10 16 14 20 18 20 18 10 10 10
58 55 57 59 60 2 4 6 8 10 12 14 16 18 20 18 20 10 10 10
57 57 60 57 58 4 2 8 6 12 10 16 14 20 18 20 18 10 10 10

SIZE: 114 x 20
METHOD: Six-block row decomposition construction (Theorem 21 and Appendix A.3), with t=10 five-column inputs of row sizes 6,6,6,6,10,16,16,16,16,16, and 15 added columns from factorized input pairs. The total added-column weight is 54.
MATRIX:
2 3 5 6 4 3 3 3 3 3 3 3 3 3 3 3 3 1 1 1
3 5 6 4 2 1 1 1 1 1 1 1 1 1 1 1 1 1 1 1
5 6 4 2 3 3 3 3 3 3 3 3 3 3 3 3 3 1 1 1
6 4 2 3 5 1 1 1 1 1 1 1 1 1 1 1 1 1 1 1
4 2 3 5 6 3 3 3 3 3 3 3 3 3 3 3 3 1 1 1
1 1 1 1 1 1 1 1 1 1 1 1 1 1 1 1 1 1 1 1
8 9 11 12 10 7 7 7 7 7 7 7 7 7 7 4 2 3 3 3
9 11 12 10 8 5 5 5 5 5 5 5 5 5 5 2 4 3 3 3
11 12 10 8 9 7 7 7 7 7 7 7 7 7 7 4 2 3 3 3
12 10 8 9 11 5 5 5 5 5 5 5 5 5 5 2 4 3 3 3
10 8 9 11 12 7 7 7 7 7 7 7 7 7 7 4 2 3 3 3
7 7 7 7 7 5 5 5 5 5 5 5 5 5 5 2 4 3 3 3
14 15 17 18 16 11 11 4 2 11 11 11 11 11 11 7 7 4 5 5
15 17 18 16 14 9 9 2 4 9 9 9 9 9 9 5 5 4 5 5
17 18 16 14 15 11 11 4 2 11 11 11 11 11 11 7 7 4 5 5
18 16 14 15 17 9 9 2 4 9 9 9 9 9 9 5 5 4 5 5
16 14 15 17 18 11 11 4 2 11 11 11 11 11 11 7 7 4 5 5
13 13 13 13 13 9 9 2 4 9 9 9 9 9 9 5 5 4 5 5
20 21 23 24 22 15 15 11 11 8 6 15 15 15 15 11 11 2 6 7
21 23 24 22 20 13 13 9 9 6 8 13 13 13 13 9 9 2 6 7
23 24 22 20 21 15 15 11 11 8 6 15 15 15 15 11 11 2 6 7
24 22 20 21 23 13 13 9 9 6 8 13 13 13 13 9 9 2 6 7
22 20 21 23 24 15 15 11 11 8 6 15 15 15 15 11 11 2 6 7
19 19 19 19 19 13 13 9 9 6 8 13 13 13 13 9 9 2 6 7
26 27 29 30 28 17 17 13 13 2 4 10 12 17 17 13 13 5 4 8
27 29 30 28 26 19 19 15 15 4 2 12 10 19 19 15 15 5 4 8
29 30 28 26 27 17 17 13 13 2 4 10 12 17 17 13 13 5 4 8
30 28 26 27 29 17 17 13 13 2 4 10 12 17 17 13 13 5 4 8
28 26 27 29 30 19 19 15 15 4 2 12 10 19 19 15 15 5 4 8
29 30 30 25 29 19 19 15 15 4 2 12 10 19 19 15 15 5 4 8
30 25 30 28 25 17 17 13 13 2 4 10 12 17 17 13 13 5 4 8
30 25 25 27 27 17 17 13 13 2 4 10 12 17 17 13 13 5 4 8
29 29 30 30 25 19 19 15 15 4 2 12 10 19 19 15 15 5 4 8
25 29 29 28 29 19 19 15 15 4 2 12 10 19 19 15 15 5 4 8
32 33 35 36 34 18 20 17 17 13 13 6 8 14 16 17 17 7 2 6
33 35 36 34 32 18 20 17 17 13 13 6 8 14 16 17 17 7 2 6
35 36 34 32 33 20 18 19 19 15 15 8 6 16 14 19 19 7 2 6
36 34 32 33 35 18 20 17 17 13 13 6 8 14 16 17 17 7 2 6
34 32 33 35 36 20 18 19 19 15 15 8 6 16 14 19 19 7 2 6
34 35 36 36 36 18 20 17 17 13 13 6 8 14 16 17 17 7 2 6
33 34 33 34 31 18 20 17 17 13 13 6 8 14 16 17 17 7 2 6
33 33 35 35 34 18 20 17 17 13 13 6 8 14 16 17 17 7 2 6
34 33 33 35 35 20 18 19 19 15 15 8 6 16 14 19 19 7 2 6
34 33 34 35 34 20 18 19 19 15 15 8 6 16 14 19 19 7 2 6
34 34 31 31 35 20 18 19 19 15 15 8 6 16 14 19 19 7 2 6
33 33 33 33 33 20 18 19 19 15 15 8 6 16 14 19 19 7 2 6
31 33 35 36 34 18 20 17 17 13 13 6 8 14 16 17 17 7 2 6
33 34 33 33 36 20 18 19 19 15 15 8 6 16 14 19 19 7 2 6
34 31 33 35 36 18 20 17 17 13 13 6 8 14 16 17 17 7 2 6
33 33 36 33 34 20 18 19 19 15 15 8 6 16 14 19 19 7 2 6
38 39 41 42 40 14 16 18 20 17 17 2 4 10 12 14 16 9 7 4
39 41 42 40 38 14 16 18 20 17 17 2 4 10 12 14 16 9 7 4
41 42 40 38 39 16 14 20 18 19 19 4 2 12 10 16 14 9 7 4
42 40 38 39 41 14 16 18 20 17 17 2 4 10 12 14 16 9 7 4
40 38 39 41 42 16 14 20 18 19 19 4 2 12 10 16 14 9 7 4
40 41 42 42 42 14 16 18 20 17 17 2 4 10 12 14 16 9 7 4
39 40 39 40 37 14 16 18 20 17 17 2 4 10 12 14 16 9 7 4
39 39 41 41 40 14 16 18 20 17 17 2 4 10 12 14 16 9 7 4
40 39 39 41 41 16 14 20 18 19 19 4 2 12 10 16 14 9 7 4
40 39 40 41 40 16 14 20 18 19 19 4 2 12 10 16 14 9 7 4
40 40 37 37 41 16 14 20 18 19 19 4 2 12 10 16 14 9 7 4
39 39 39 39 39 16 14 20 18 19 19 4 2 12 10 16 14 9 7 4
37 39 41 42 40 14 16 18 20 17 17 2 4 10 12 14 16 9 7 4
39 40 39 39 42 16 14 20 18 19 19 4 2 12 10 16 14 9 7 4
40 37 39 41 42 14 16 18 20 17 17 2 4 10 12 14 16 9 7 4
39 39 42 39 40 16 14 20 18 19 19 4 2 12 10 16 14 9 7 4
44 45 47 48 46 10 12 14 16 18 20 17 17 6 8 10 12 8 9 2
45 47 48 46 44 10 12 14 16 18 20 17 17 6 8 10 12 8 9 2
47 48 46 44 45 12 10 16 14 20 18 19 19 8 6 12 10 8 9 2
48 46 44 45 47 10 12 14 16 18 20 17 17 6 8 10 12 8 9 2
46 44 45 47 48 12 10 16 14 20 18 19 19 8 6 12 10 8 9 2
46 47 48 48 48 10 12 14 16 18 20 17 17 6 8 10 12 8 9 2
45 46 45 46 43 10 12 14 16 18 20 17 17 6 8 10 12 8 9 2
45 45 47 47 46 10 12 14 16 18 20 17 17 6 8 10 12 8 9 2
46 45 45 47 47 12 10 16 14 20 18 19 19 8 6 12 10 8 9 2
46 45 46 47 46 12 10 16 14 20 18 19 19 8 6 12 10 8 9 2
46 46 43 43 47 12 10 16 14 20 18 19 19 8 6 12 10 8 9 2
45 45 45 45 45 12 10 16 14 20 18 19 19 8 6 12 10 8 9 2
43 45 47 48 46 10 12 14 16 18 20 17 17 6 8 10 12 8 9 2
45 46 45 45 48 12 10 16 14 20 18 19 19 8 6 12 10 8 9 2
46 43 45 47 48 10 12 14 16 18 20 17 17 6 8 10 12 8 9 2
45 45 48 45 46 12 10 16 14 20 18 19 19 8 6 12 10 8 9 2
50 51 53 54 52 6 8 10 12 14 16 18 20 2 4 6 8 6 8 9
51 53 54 52 50 6 8 10 12 14 16 18 20 2 4 6 8 6 8 9
53 54 52 50 51 8 6 12 10 16 14 20 18 4 2 8 6 6 8 9
54 52 50 51 53 6 8 10 12 14 16 18 20 2 4 6 8 6 8 9
52 50 51 53 54 8 6 12 10 16 14 20 18 4 2 8 6 6 8 9
52 53 54 54 54 6 8 10 12 14 16 18 20 2 4 6 8 6 8 9
51 52 51 52 49 6 8 10 12 14 16 18 20 2 4 6 8 6 8 9
51 51 53 53 52 6 8 10 12 14 16 18 20 2 4 6 8 6 8 9
52 51 51 53 53 8 6 12 10 16 14 20 18 4 2 8 6 6 8 9
52 51 52 53 52 8 6 12 10 16 14 20 18 4 2 8 6 6 8 9
52 52 49 49 53 8 6 12 10 16 14 20 18 4 2 8 6 6 8 9
51 51 51 51 51 8 6 12 10 16 14 20 18 4 2 8 6 6 8 9
49 51 53 54 52 6 8 10 12 14 16 18 20 2 4 6 8 6 8 9
51 52 51 51 54 8 6 12 10 16 14 20 18 4 2 8 6 6 8 9
52 49 51 53 54 6 8 10 12 14 16 18 20 2 4 6 8 6 8 9
51 51 54 51 52 8 6 12 10 16 14 20 18 4 2 8 6 6 8 9
56 57 59 60 58 2 4 6 8 10 12 14 16 18 20 18 20 10 10 10
57 59 60 58 56 2 4 6 8 10 12 14 16 18 20 18 20 10 10 10
59 60 58 56 57 4 2 8 6 12 10 16 14 20 18 20 18 10 10 10
60 58 56 57 59 2 4 6 8 10 12 14 16 18 20 18 20 10 10 10
58 56 57 59 60 4 2 8 6 12 10 16 14 20 18 20 18 10 10 10
58 59 60 60 60 2 4 6 8 10 12 14 16 18 20 18 20 10 10 10
57 58 57 58 55 2 4 6 8 10 12 14 16 18 20 18 20 10 10 10
57 57 59 59 58 2 4 6 8 10 12 14 16 18 20 18 20 10 10 10
58 57 57 59 59 4 2 8 6 12 10 16 14 20 18 20 18 10 10 10
58 57 58 59 58 4 2 8 6 12 10 16 14 20 18 20 18 10 10 10
58 58 55 55 59 4 2 8 6 12 10 16 14 20 18 20 18 10 10 10
57 57 57 57 57 4 2 8 6 12 10 16 14 20 18 20 18 10 10 10
55 57 59 60 58 2 4 6 8 10 12 14 16 18 20 18 20 10 10 10
57 58 57 57 60 4 2 8 6 12 10 16 14 20 18 20 18 10 10 10
58 55 57 59 60 2 4 6 8 10 12 14 16 18 20 18 20 10 10 10
57 57 60 57 58 4 2 8 6 12 10 16 14 20 18 20 18 10 10 10

SIZE: 115 x 20
METHOD: Six-block row decomposition construction (Theorem 21 and Appendix A.3), with t=10 five-column inputs of row sizes 6,6,6,6,11,16,16,16,16,16, and 15 added columns from factorized input pairs. The total added-column weight is 54.
MATRIX:
2 3 5 6 4 3 3 3 3 3 3 3 3 3 3 3 3 1 1 1
3 5 6 4 2 1 1 1 1 1 1 1 1 1 1 1 1 1 1 1
5 6 4 2 3 3 3 3 3 3 3 3 3 3 3 3 3 1 1 1
6 4 2 3 5 1 1 1 1 1 1 1 1 1 1 1 1 1 1 1
4 2 3 5 6 3 3 3 3 3 3 3 3 3 3 3 3 1 1 1
1 1 1 1 1 1 1 1 1 1 1 1 1 1 1 1 1 1 1 1
8 9 11 12 10 7 7 7 7 7 7 7 7 7 7 4 2 3 3 3
9 11 12 10 8 5 5 5 5 5 5 5 5 5 5 2 4 3 3 3
11 12 10 8 9 7 7 7 7 7 7 7 7 7 7 4 2 3 3 3
12 10 8 9 11 5 5 5 5 5 5 5 5 5 5 2 4 3 3 3
10 8 9 11 12 7 7 7 7 7 7 7 7 7 7 4 2 3 3 3
7 7 7 7 7 5 5 5 5 5 5 5 5 5 5 2 4 3 3 3
14 15 17 18 16 11 11 4 2 11 11 11 11 11 11 7 7 4 5 5
15 17 18 16 14 9 9 2 4 9 9 9 9 9 9 5 5 4 5 5
17 18 16 14 15 11 11 4 2 11 11 11 11 11 11 7 7 4 5 5
18 16 14 15 17 9 9 2 4 9 9 9 9 9 9 5 5 4 5 5
16 14 15 17 18 11 11 4 2 11 11 11 11 11 11 7 7 4 5 5
13 13 13 13 13 9 9 2 4 9 9 9 9 9 9 5 5 4 5 5
20 21 23 24 22 15 15 11 11 8 6 15 15 15 15 11 11 2 6 7
21 23 24 22 20 13 13 9 9 6 8 13 13 13 13 9 9 2 6 7
23 24 22 20 21 15 15 11 11 8 6 15 15 15 15 11 11 2 6 7
24 22 20 21 23 13 13 9 9 6 8 13 13 13 13 9 9 2 6 7
22 20 21 23 24 15 15 11 11 8 6 15 15 15 15 11 11 2 6 7
19 19 19 19 19 13 13 9 9 6 8 13 13 13 13 9 9 2 6 7
26 27 29 30 28 17 17 13 13 2 4 10 12 17 17 13 13 5 4 8
27 29 30 28 26 17 17 13 13 2 4 10 12 17 17 13 13 5 4 8
29 30 28 26 27 19 19 15 15 4 2 12 10 19 19 15 15 5 4 8
30 28 26 27 29 17 17 13 13 2 4 10 12 17 17 13 13 5 4 8
28 26 27 29 30 17 17 13 13 2 4 10 12 17 17 13 13 5 4 8
28 25 30 28 28 17 17 13 13 2 4 10 12 17 17 13 13 5 4 8
27 28 25 25 25 19 19 15 15 4 2 12 10 19 19 15 15 5 4 8
28 27 27 30 27 17 17 13 13 2 4 10 12 17 17 13 13 5 4 8
28 27 28 25 27 19 19 15 15 4 2 12 10 19 19 15 15 5 4 8
27 27 27 29 25 19 19 15 15 4 2 12 10 19 19 15 15 5 4 8
25 27 29 30 28 19 19 15 15 4 2 12 10 19 19 15 15 5 4 8
32 33 35 36 34 18 20 17 17 13 13 6 8 14 16 17 17 7 2 6
33 35 36 34 32 18 20 17 17 13 13 6 8 14 16 17 17 7 2 6
35 36 34 32 33 20 18 19 19 15 15 8 6 16 14 19 19 7 2 6
36 34 32 33 35 18 20 17 17 13 13 6 8 14 16 17 17 7 2 6
34 32 33 35 36 20 18 19 19 15 15 8 6 16 14 19 19 7 2 6
34 35 36 36 36 18 20 17 17 13 13 6 8 14 16 17 17 7 2 6
33 34 33 34 31 18 20 17 17 13 13 6 8 14 16 17 17 7 2 6
33 33 35 35 34 18 20 17 17 13 13 6 8 14 16 17 17 7 2 6
34 33 33 35 35 20 18 19 19 15 15 8 6 16 14 19 19 7 2 6
34 33 34 35 34 20 18 19 19 15 15 8 6 16 14 19 19 7 2 6
34 34 31 31 35 20 18 19 19 15 15 8 6 16 14 19 19 7 2 6
33 33 33 33 33 20 18 19 19 15 15 8 6 16 14 19 19 7 2 6
31 33 35 36 34 18 20 17 17 13 13 6 8 14 16 17 17 7 2 6
33 34 33 33 36 20 18 19 19 15 15 8 6 16 14 19 19 7 2 6
34 31 33 35 36 18 20 17 17 13 13 6 8 14 16 17 17 7 2 6
33 33 36 33 34 20 18 19 19 15 15 8 6 16 14 19 19 7 2 6
38 39 41 42 40 14 16 18 20 17 17 2 4 10 12 14 16 9 7 4
39 41 42 40 38 14 16 18 20 17 17 2 4 10 12 14 16 9 7 4
41 42 40 38 39 16 14 20 18 19 19 4 2 12 10 16 14 9 7 4
42 40 38 39 41 14 16 18 20 17 17 2 4 10 12 14 16 9 7 4
40 38 39 41 42 16 14 20 18 19 19 4 2 12 10 16 14 9 7 4
40 41 42 42 42 14 16 18 20 17 17 2 4 10 12 14 16 9 7 4
39 40 39 40 37 14 16 18 20 17 17 2 4 10 12 14 16 9 7 4
39 39 41 41 40 14 16 18 20 17 17 2 4 10 12 14 16 9 7 4
40 39 39 41 41 16 14 20 18 19 19 4 2 12 10 16 14 9 7 4
40 39 40 41 40 16 14 20 18 19 19 4 2 12 10 16 14 9 7 4
40 40 37 37 41 16 14 20 18 19 19 4 2 12 10 16 14 9 7 4
39 39 39 39 39 16 14 20 18 19 19 4 2 12 10 16 14 9 7 4
37 39 41 42 40 14 16 18 20 17 17 2 4 10 12 14 16 9 7 4
39 40 39 39 42 16 14 20 18 19 19 4 2 12 10 16 14 9 7 4
40 37 39 41 42 14 16 18 20 17 17 2 4 10 12 14 16 9 7 4
39 39 42 39 40 16 14 20 18 19 19 4 2 12 10 16 14 9 7 4
44 45 47 48 46 10 12 14 16 18 20 17 17 6 8 10 12 8 9 2
45 47 48 46 44 10 12 14 16 18 20 17 17 6 8 10 12 8 9 2
47 48 46 44 45 12 10 16 14 20 18 19 19 8 6 12 10 8 9 2
48 46 44 45 47 10 12 14 16 18 20 17 17 6 8 10 12 8 9 2
46 44 45 47 48 12 10 16 14 20 18 19 19 8 6 12 10 8 9 2
46 47 48 48 48 10 12 14 16 18 20 17 17 6 8 10 12 8 9 2
45 46 45 46 43 10 12 14 16 18 20 17 17 6 8 10 12 8 9 2
45 45 47 47 46 10 12 14 16 18 20 17 17 6 8 10 12 8 9 2
46 45 45 47 47 12 10 16 14 20 18 19 19 8 6 12 10 8 9 2
46 45 46 47 46 12 10 16 14 20 18 19 19 8 6 12 10 8 9 2
46 46 43 43 47 12 10 16 14 20 18 19 19 8 6 12 10 8 9 2
45 45 45 45 45 12 10 16 14 20 18 19 19 8 6 12 10 8 9 2
43 45 47 48 46 10 12 14 16 18 20 17 17 6 8 10 12 8 9 2
45 46 45 45 48 12 10 16 14 20 18 19 19 8 6 12 10 8 9 2
46 43 45 47 48 10 12 14 16 18 20 17 17 6 8 10 12 8 9 2
45 45 48 45 46 12 10 16 14 20 18 19 19 8 6 12 10 8 9 2
50 51 53 54 52 6 8 10 12 14 16 18 20 2 4 6 8 6 8 9
51 53 54 52 50 6 8 10 12 14 16 18 20 2 4 6 8 6 8 9
53 54 52 50 51 8 6 12 10 16 14 20 18 4 2 8 6 6 8 9
54 52 50 51 53 6 8 10 12 14 16 18 20 2 4 6 8 6 8 9
52 50 51 53 54 8 6 12 10 16 14 20 18 4 2 8 6 6 8 9
52 53 54 54 54 6 8 10 12 14 16 18 20 2 4 6 8 6 8 9
51 52 51 52 49 6 8 10 12 14 16 18 20 2 4 6 8 6 8 9
51 51 53 53 52 6 8 10 12 14 16 18 20 2 4 6 8 6 8 9
52 51 51 53 53 8 6 12 10 16 14 20 18 4 2 8 6 6 8 9
52 51 52 53 52 8 6 12 10 16 14 20 18 4 2 8 6 6 8 9
52 52 49 49 53 8 6 12 10 16 14 20 18 4 2 8 6 6 8 9
51 51 51 51 51 8 6 12 10 16 14 20 18 4 2 8 6 6 8 9
49 51 53 54 52 6 8 10 12 14 16 18 20 2 4 6 8 6 8 9
51 52 51 51 54 8 6 12 10 16 14 20 18 4 2 8 6 6 8 9
52 49 51 53 54 6 8 10 12 14 16 18 20 2 4 6 8 6 8 9
51 51 54 51 52 8 6 12 10 16 14 20 18 4 2 8 6 6 8 9
56 57 59 60 58 2 4 6 8 10 12 14 16 18 20 18 20 10 10 10
57 59 60 58 56 2 4 6 8 10 12 14 16 18 20 18 20 10 10 10
59 60 58 56 57 4 2 8 6 12 10 16 14 20 18 20 18 10 10 10
60 58 56 57 59 2 4 6 8 10 12 14 16 18 20 18 20 10 10 10
58 56 57 59 60 4 2 8 6 12 10 16 14 20 18 20 18 10 10 10
58 59 60 60 60 2 4 6 8 10 12 14 16 18 20 18 20 10 10 10
57 58 57 58 55 2 4 6 8 10 12 14 16 18 20 18 20 10 10 10
57 57 59 59 58 2 4 6 8 10 12 14 16 18 20 18 20 10 10 10
58 57 57 59 59 4 2 8 6 12 10 16 14 20 18 20 18 10 10 10
58 57 58 59 58 4 2 8 6 12 10 16 14 20 18 20 18 10 10 10
58 58 55 55 59 4 2 8 6 12 10 16 14 20 18 20 18 10 10 10
57 57 57 57 57 4 2 8 6 12 10 16 14 20 18 20 18 10 10 10
55 57 59 60 58 2 4 6 8 10 12 14 16 18 20 18 20 10 10 10
57 58 57 57 60 4 2 8 6 12 10 16 14 20 18 20 18 10 10 10
58 55 57 59 60 2 4 6 8 10 12 14 16 18 20 18 20 10 10 10
57 57 60 57 58 4 2 8 6 12 10 16 14 20 18 20 18 10 10 10

SIZE: 116 x 20
METHOD: Six-block row decomposition construction (Theorem 21 and Appendix A.3), with t=10 five-column inputs of row sizes 6,6,6,6,12,16,16,16,16,16, and 15 added columns from factorized input pairs. The total added-column weight is 54.
MATRIX:
2 3 5 6 4 3 3 3 3 3 3 3 3 3 3 3 3 1 1 1
3 5 6 4 2 1 1 1 1 1 1 1 1 1 1 1 1 1 1 1
5 6 4 2 3 3 3 3 3 3 3 3 3 3 3 3 3 1 1 1
6 4 2 3 5 1 1 1 1 1 1 1 1 1 1 1 1 1 1 1
4 2 3 5 6 3 3 3 3 3 3 3 3 3 3 3 3 1 1 1
1 1 1 1 1 1 1 1 1 1 1 1 1 1 1 1 1 1 1 1
8 9 11 12 10 7 7 7 7 7 7 7 7 7 7 4 2 3 3 3
9 11 12 10 8 5 5 5 5 5 5 5 5 5 5 2 4 3 3 3
11 12 10 8 9 7 7 7 7 7 7 7 7 7 7 4 2 3 3 3
12 10 8 9 11 5 5 5 5 5 5 5 5 5 5 2 4 3 3 3
10 8 9 11 12 7 7 7 7 7 7 7 7 7 7 4 2 3 3 3
7 7 7 7 7 5 5 5 5 5 5 5 5 5 5 2 4 3 3 3
14 15 17 18 16 11 11 4 2 11 11 11 11 11 11 7 7 4 5 5
15 17 18 16 14 9 9 2 4 9 9 9 9 9 9 5 5 4 5 5
17 18 16 14 15 11 11 4 2 11 11 11 11 11 11 7 7 4 5 5
18 16 14 15 17 9 9 2 4 9 9 9 9 9 9 5 5 4 5 5
16 14 15 17 18 11 11 4 2 11 11 11 11 11 11 7 7 4 5 5
13 13 13 13 13 9 9 2 4 9 9 9 9 9 9 5 5 4 5 5
20 21 23 24 22 15 15 11 11 8 6 15 15 15 15 11 11 2 6 7
21 23 24 22 20 13 13 9 9 6 8 13 13 13 13 9 9 2 6 7
23 24 22 20 21 15 15 11 11 8 6 15 15 15 15 11 11 2 6 7
24 22 20 21 23 13 13 9 9 6 8 13 13 13 13 9 9 2 6 7
22 20 21 23 24 15 15 11 11 8 6 15 15 15 15 11 11 2 6 7
19 19 19 19 19 13 13 9 9 6 8 13 13 13 13 9 9 2 6 7
26 27 29 30 28 19 19 15 15 4 2 12 10 19 19 15 15 5 4 8
27 29 30 28 26 17 17 13 13 2 4 10 12 17 17 13 13 5 4 8
29 30 28 26 27 19 19 15 15 4 2 12 10 19 19 15 15 5 4 8
30 28 26 27 29 19 19 15 15 4 2 12 10 19 19 15 15 5 4 8
28 26 27 29 30 19 19 15 15 4 2 12 10 19 19 15 15 5 4 8
25 29 29 30 30 17 17 13 13 2 4 10 12 17 17 13 13 5 4 8
27 27 30 25 25 17 17 13 13 2 4 10 12 17 17 13 13 5 4 8
28 29 25 29 29 17 17 13 13 2 4 10 12 17 17 13 13 5 4 8
28 25 27 29 30 17 17 13 13 2 4 10 12 17 17 13 13 5 4 8
27 29 29 29 30 19 19 15 15 4 2 12 10 19 19 15 15 5 4 8
28 29 30 30 30 17 17 13 13 2 4 10 12 17 17 13 13 5 4 8
28 29 28 29 30 19 19 15 15 4 2 12 10 19 19 15 15 5 4 8
32 33 35 36 34 18 20 17 17 13 13 6 8 14 16 17 17 7 2 6
33 35 36 34 32 18 20 17 17 13 13 6 8 14 16 17 17 7 2 6
35 36 34 32 33 20 18 19 19 15 15 8 6 16 14 19 19 7 2 6
36 34 32 33 35 18 20 17 17 13 13 6 8 14 16 17 17 7 2 6
34 32 33 35 36 20 18 19 19 15 15 8 6 16 14 19 19 7 2 6
34 35 36 36 36 18 20 17 17 13 13 6 8 14 16 17 17 7 2 6
33 34 33 34 31 18 20 17 17 13 13 6 8 14 16 17 17 7 2 6
33 33 35 35 34 18 20 17 17 13 13 6 8 14 16 17 17 7 2 6
34 33 33 35 35 20 18 19 19 15 15 8 6 16 14 19 19 7 2 6
34 33 34 35 34 20 18 19 19 15 15 8 6 16 14 19 19 7 2 6
34 34 31 31 35 20 18 19 19 15 15 8 6 16 14 19 19 7 2 6
33 33 33 33 33 20 18 19 19 15 15 8 6 16 14 19 19 7 2 6
31 33 35 36 34 18 20 17 17 13 13 6 8 14 16 17 17 7 2 6
33 34 33 33 36 20 18 19 19 15 15 8 6 16 14 19 19 7 2 6
34 31 33 35 36 18 20 17 17 13 13 6 8 14 16 17 17 7 2 6
33 33 36 33 34 20 18 19 19 15 15 8 6 16 14 19 19 7 2 6
38 39 41 42 40 14 16 18 20 17 17 2 4 10 12 14 16 9 7 4
39 41 42 40 38 14 16 18 20 17 17 2 4 10 12 14 16 9 7 4
41 42 40 38 39 16 14 20 18 19 19 4 2 12 10 16 14 9 7 4
42 40 38 39 41 14 16 18 20 17 17 2 4 10 12 14 16 9 7 4
40 38 39 41 42 16 14 20 18 19 19 4 2 12 10 16 14 9 7 4
40 41 42 42 42 14 16 18 20 17 17 2 4 10 12 14 16 9 7 4
39 40 39 40 37 14 16 18 20 17 17 2 4 10 12 14 16 9 7 4
39 39 41 41 40 14 16 18 20 17 17 2 4 10 12 14 16 9 7 4
40 39 39 41 41 16 14 20 18 19 19 4 2 12 10 16 14 9 7 4
40 39 40 41 40 16 14 20 18 19 19 4 2 12 10 16 14 9 7 4
40 40 37 37 41 16 14 20 18 19 19 4 2 12 10 16 14 9 7 4
39 39 39 39 39 16 14 20 18 19 19 4 2 12 10 16 14 9 7 4
37 39 41 42 40 14 16 18 20 17 17 2 4 10 12 14 16 9 7 4
39 40 39 39 42 16 14 20 18 19 19 4 2 12 10 16 14 9 7 4
40 37 39 41 42 14 16 18 20 17 17 2 4 10 12 14 16 9 7 4
39 39 42 39 40 16 14 20 18 19 19 4 2 12 10 16 14 9 7 4
44 45 47 48 46 10 12 14 16 18 20 17 17 6 8 10 12 8 9 2
45 47 48 46 44 10 12 14 16 18 20 17 17 6 8 10 12 8 9 2
47 48 46 44 45 12 10 16 14 20 18 19 19 8 6 12 10 8 9 2
48 46 44 45 47 10 12 14 16 18 20 17 17 6 8 10 12 8 9 2
46 44 45 47 48 12 10 16 14 20 18 19 19 8 6 12 10 8 9 2
46 47 48 48 48 10 12 14 16 18 20 17 17 6 8 10 12 8 9 2
45 46 45 46 43 10 12 14 16 18 20 17 17 6 8 10 12 8 9 2
45 45 47 47 46 10 12 14 16 18 20 17 17 6 8 10 12 8 9 2
46 45 45 47 47 12 10 16 14 20 18 19 19 8 6 12 10 8 9 2
46 45 46 47 46 12 10 16 14 20 18 19 19 8 6 12 10 8 9 2
46 46 43 43 47 12 10 16 14 20 18 19 19 8 6 12 10 8 9 2
45 45 45 45 45 12 10 16 14 20 18 19 19 8 6 12 10 8 9 2
43 45 47 48 46 10 12 14 16 18 20 17 17 6 8 10 12 8 9 2
45 46 45 45 48 12 10 16 14 20 18 19 19 8 6 12 10 8 9 2
46 43 45 47 48 10 12 14 16 18 20 17 17 6 8 10 12 8 9 2
45 45 48 45 46 12 10 16 14 20 18 19 19 8 6 12 10 8 9 2
50 51 53 54 52 6 8 10 12 14 16 18 20 2 4 6 8 6 8 9
51 53 54 52 50 6 8 10 12 14 16 18 20 2 4 6 8 6 8 9
53 54 52 50 51 8 6 12 10 16 14 20 18 4 2 8 6 6 8 9
54 52 50 51 53 6 8 10 12 14 16 18 20 2 4 6 8 6 8 9
52 50 51 53 54 8 6 12 10 16 14 20 18 4 2 8 6 6 8 9
52 53 54 54 54 6 8 10 12 14 16 18 20 2 4 6 8 6 8 9
51 52 51 52 49 6 8 10 12 14 16 18 20 2 4 6 8 6 8 9
51 51 53 53 52 6 8 10 12 14 16 18 20 2 4 6 8 6 8 9
52 51 51 53 53 8 6 12 10 16 14 20 18 4 2 8 6 6 8 9
52 51 52 53 52 8 6 12 10 16 14 20 18 4 2 8 6 6 8 9
52 52 49 49 53 8 6 12 10 16 14 20 18 4 2 8 6 6 8 9
51 51 51 51 51 8 6 12 10 16 14 20 18 4 2 8 6 6 8 9
49 51 53 54 52 6 8 10 12 14 16 18 20 2 4 6 8 6 8 9
51 52 51 51 54 8 6 12 10 16 14 20 18 4 2 8 6 6 8 9
52 49 51 53 54 6 8 10 12 14 16 18 20 2 4 6 8 6 8 9
51 51 54 51 52 8 6 12 10 16 14 20 18 4 2 8 6 6 8 9
56 57 59 60 58 2 4 6 8 10 12 14 16 18 20 18 20 10 10 10
57 59 60 58 56 2 4 6 8 10 12 14 16 18 20 18 20 10 10 10
59 60 58 56 57 4 2 8 6 12 10 16 14 20 18 20 18 10 10 10
60 58 56 57 59 2 4 6 8 10 12 14 16 18 20 18 20 10 10 10
58 56 57 59 60 4 2 8 6 12 10 16 14 20 18 20 18 10 10 10
58 59 60 60 60 2 4 6 8 10 12 14 16 18 20 18 20 10 10 10
57 58 57 58 55 2 4 6 8 10 12 14 16 18 20 18 20 10 10 10
57 57 59 59 58 2 4 6 8 10 12 14 16 18 20 18 20 10 10 10
58 57 57 59 59 4 2 8 6 12 10 16 14 20 18 20 18 10 10 10
58 57 58 59 58 4 2 8 6 12 10 16 14 20 18 20 18 10 10 10
58 58 55 55 59 4 2 8 6 12 10 16 14 20 18 20 18 10 10 10
57 57 57 57 57 4 2 8 6 12 10 16 14 20 18 20 18 10 10 10
55 57 59 60 58 2 4 6 8 10 12 14 16 18 20 18 20 10 10 10
57 58 57 57 60 4 2 8 6 12 10 16 14 20 18 20 18 10 10 10
58 55 57 59 60 2 4 6 8 10 12 14 16 18 20 18 20 10 10 10
57 57 60 57 58 4 2 8 6 12 10 16 14 20 18 20 18 10 10 10

SIZE: 117 x 20
METHOD: Six-block row decomposition construction (Theorem 21 and Appendix A.3), with t=10 five-column inputs of row sizes 6,6,6,6,13,16,16,16,16,16, and 15 added columns from factorized input pairs. The total added-column weight is 54.
MATRIX:
2 3 5 6 4 3 3 3 3 3 3 3 3 3 3 3 3 1 1 1
3 5 6 4 2 1 1 1 1 1 1 1 1 1 1 1 1 1 1 1
5 6 4 2 3 3 3 3 3 3 3 3 3 3 3 3 3 1 1 1
6 4 2 3 5 1 1 1 1 1 1 1 1 1 1 1 1 1 1 1
4 2 3 5 6 3 3 3 3 3 3 3 3 3 3 3 3 1 1 1
1 1 1 1 1 1 1 1 1 1 1 1 1 1 1 1 1 1 1 1
8 9 11 12 10 7 7 7 7 7 7 7 7 7 7 4 2 3 3 3
9 11 12 10 8 5 5 5 5 5 5 5 5 5 5 2 4 3 3 3
11 12 10 8 9 7 7 7 7 7 7 7 7 7 7 4 2 3 3 3
12 10 8 9 11 5 5 5 5 5 5 5 5 5 5 2 4 3 3 3
10 8 9 11 12 7 7 7 7 7 7 7 7 7 7 4 2 3 3 3
7 7 7 7 7 5 5 5 5 5 5 5 5 5 5 2 4 3 3 3
14 15 17 18 16 11 11 4 2 11 11 11 11 11 11 7 7 4 5 5
15 17 18 16 14 9 9 2 4 9 9 9 9 9 9 5 5 4 5 5
17 18 16 14 15 11 11 4 2 11 11 11 11 11 11 7 7 4 5 5
18 16 14 15 17 9 9 2 4 9 9 9 9 9 9 5 5 4 5 5
16 14 15 17 18 11 11 4 2 11 11 11 11 11 11 7 7 4 5 5
13 13 13 13 13 9 9 2 4 9 9 9 9 9 9 5 5 4 5 5
20 21 23 24 22 15 15 11 11 8 6 15 15 15 15 11 11 2 6 7
21 23 24 22 20 13 13 9 9 6 8 13 13 13 13 9 9 2 6 7
23 24 22 20 21 15 15 11 11 8 6 15 15 15 15 11 11 2 6 7
24 22 20 21 23 13 13 9 9 6 8 13 13 13 13 9 9 2 6 7
22 20 21 23 24 15 15 11 11 8 6 15 15 15 15 11 11 2 6 7
19 19 19 19 19 13 13 9 9 6 8 13 13 13 13 9 9 2 6 7
26 27 29 30 28 19 19 15 15 4 2 12 10 19 19 15 15 5 4 8
27 29 30 28 26 19 19 15 15 4 2 12 10 19 19 15 15 5 4 8
29 30 28 26 27 17 17 13 13 2 4 10 12 17 17 13 13 5 4 8
30 28 26 27 29 19 19 15 15 4 2 12 10 19 19 15 15 5 4 8
28 26 27 29 30 17 17 13 13 2 4 10 12 17 17 13 13 5 4 8
27 27 30 25 25 17 17 13 13 2 4 10 12 17 17 13 13 5 4 8
25 29 29 30 30 17 17 13 13 2 4 10 12 17 17 13 13 5 4 8
30 28 25 27 29 17 17 13 13 2 4 10 12 17 17 13 13 5 4 8
28 25 30 28 28 17 17 13 13 2 4 10 12 17 17 13 13 5 4 8
30 28 29 28 29 19 19 15 15 4 2 12 10 19 19 15 15 5 4 8
29 28 29 25 29 19 19 15 15 4 2 12 10 19 19 15 15 5 4 8
30 25 29 29 30 19 19 15 15 4 2 12 10 19 19 15 15 5 4 8
30 27 29 29 29 17 17 13 13 2 4 10 12 17 17 13 13 5 4 8
32 33 35 36 34 18 20 17 17 13 13 6 8 14 16 17 17 7 2 6
33 35 36 34 32 18 20 17 17 13 13 6 8 14 16 17 17 7 2 6
35 36 34 32 33 20 18 19 19 15 15 8 6 16 14 19 19 7 2 6
36 34 32 33 35 18 20 17 17 13 13 6 8 14 16 17 17 7 2 6
34 32 33 35 36 20 18 19 19 15 15 8 6 16 14 19 19 7 2 6
34 35 36 36 36 18 20 17 17 13 13 6 8 14 16 17 17 7 2 6
33 34 33 34 31 18 20 17 17 13 13 6 8 14 16 17 17 7 2 6
33 33 35 35 34 18 20 17 17 13 13 6 8 14 16 17 17 7 2 6
34 33 33 35 35 20 18 19 19 15 15 8 6 16 14 19 19 7 2 6
34 33 34 35 34 20 18 19 19 15 15 8 6 16 14 19 19 7 2 6
34 34 31 31 35 20 18 19 19 15 15 8 6 16 14 19 19 7 2 6
33 33 33 33 33 20 18 19 19 15 15 8 6 16 14 19 19 7 2 6
31 33 35 36 34 18 20 17 17 13 13 6 8 14 16 17 17 7 2 6
33 34 33 33 36 20 18 19 19 15 15 8 6 16 14 19 19 7 2 6
34 31 33 35 36 18 20 17 17 13 13 6 8 14 16 17 17 7 2 6
33 33 36 33 34 20 18 19 19 15 15 8 6 16 14 19 19 7 2 6
38 39 41 42 40 14 16 18 20 17 17 2 4 10 12 14 16 9 7 4
39 41 42 40 38 14 16 18 20 17 17 2 4 10 12 14 16 9 7 4
41 42 40 38 39 16 14 20 18 19 19 4 2 12 10 16 14 9 7 4
42 40 38 39 41 14 16 18 20 17 17 2 4 10 12 14 16 9 7 4
40 38 39 41 42 16 14 20 18 19 19 4 2 12 10 16 14 9 7 4
40 41 42 42 42 14 16 18 20 17 17 2 4 10 12 14 16 9 7 4
39 40 39 40 37 14 16 18 20 17 17 2 4 10 12 14 16 9 7 4
39 39 41 41 40 14 16 18 20 17 17 2 4 10 12 14 16 9 7 4
40 39 39 41 41 16 14 20 18 19 19 4 2 12 10 16 14 9 7 4
40 39 40 41 40 16 14 20 18 19 19 4 2 12 10 16 14 9 7 4
40 40 37 37 41 16 14 20 18 19 19 4 2 12 10 16 14 9 7 4
39 39 39 39 39 16 14 20 18 19 19 4 2 12 10 16 14 9 7 4
37 39 41 42 40 14 16 18 20 17 17 2 4 10 12 14 16 9 7 4
39 40 39 39 42 16 14 20 18 19 19 4 2 12 10 16 14 9 7 4
40 37 39 41 42 14 16 18 20 17 17 2 4 10 12 14 16 9 7 4
39 39 42 39 40 16 14 20 18 19 19 4 2 12 10 16 14 9 7 4
44 45 47 48 46 10 12 14 16 18 20 17 17 6 8 10 12 8 9 2
45 47 48 46 44 10 12 14 16 18 20 17 17 6 8 10 12 8 9 2
47 48 46 44 45 12 10 16 14 20 18 19 19 8 6 12 10 8 9 2
48 46 44 45 47 10 12 14 16 18 20 17 17 6 8 10 12 8 9 2
46 44 45 47 48 12 10 16 14 20 18 19 19 8 6 12 10 8 9 2
46 47 48 48 48 10 12 14 16 18 20 17 17 6 8 10 12 8 9 2
45 46 45 46 43 10 12 14 16 18 20 17 17 6 8 10 12 8 9 2
45 45 47 47 46 10 12 14 16 18 20 17 17 6 8 10 12 8 9 2
46 45 45 47 47 12 10 16 14 20 18 19 19 8 6 12 10 8 9 2
46 45 46 47 46 12 10 16 14 20 18 19 19 8 6 12 10 8 9 2
46 46 43 43 47 12 10 16 14 20 18 19 19 8 6 12 10 8 9 2
45 45 45 45 45 12 10 16 14 20 18 19 19 8 6 12 10 8 9 2
43 45 47 48 46 10 12 14 16 18 20 17 17 6 8 10 12 8 9 2
45 46 45 45 48 12 10 16 14 20 18 19 19 8 6 12 10 8 9 2
46 43 45 47 48 10 12 14 16 18 20 17 17 6 8 10 12 8 9 2
45 45 48 45 46 12 10 16 14 20 18 19 19 8 6 12 10 8 9 2
50 51 53 54 52 6 8 10 12 14 16 18 20 2 4 6 8 6 8 9
51 53 54 52 50 6 8 10 12 14 16 18 20 2 4 6 8 6 8 9
53 54 52 50 51 8 6 12 10 16 14 20 18 4 2 8 6 6 8 9
54 52 50 51 53 6 8 10 12 14 16 18 20 2 4 6 8 6 8 9
52 50 51 53 54 8 6 12 10 16 14 20 18 4 2 8 6 6 8 9
52 53 54 54 54 6 8 10 12 14 16 18 20 2 4 6 8 6 8 9
51 52 51 52 49 6 8 10 12 14 16 18 20 2 4 6 8 6 8 9
51 51 53 53 52 6 8 10 12 14 16 18 20 2 4 6 8 6 8 9
52 51 51 53 53 8 6 12 10 16 14 20 18 4 2 8 6 6 8 9
52 51 52 53 52 8 6 12 10 16 14 20 18 4 2 8 6 6 8 9
52 52 49 49 53 8 6 12 10 16 14 20 18 4 2 8 6 6 8 9
51 51 51 51 51 8 6 12 10 16 14 20 18 4 2 8 6 6 8 9
49 51 53 54 52 6 8 10 12 14 16 18 20 2 4 6 8 6 8 9
51 52 51 51 54 8 6 12 10 16 14 20 18 4 2 8 6 6 8 9
52 49 51 53 54 6 8 10 12 14 16 18 20 2 4 6 8 6 8 9
51 51 54 51 52 8 6 12 10 16 14 20 18 4 2 8 6 6 8 9
56 57 59 60 58 2 4 6 8 10 12 14 16 18 20 18 20 10 10 10
57 59 60 58 56 2 4 6 8 10 12 14 16 18 20 18 20 10 10 10
59 60 58 56 57 4 2 8 6 12 10 16 14 20 18 20 18 10 10 10
60 58 56 57 59 2 4 6 8 10 12 14 16 18 20 18 20 10 10 10
58 56 57 59 60 4 2 8 6 12 10 16 14 20 18 20 18 10 10 10
58 59 60 60 60 2 4 6 8 10 12 14 16 18 20 18 20 10 10 10
57 58 57 58 55 2 4 6 8 10 12 14 16 18 20 18 20 10 10 10
57 57 59 59 58 2 4 6 8 10 12 14 16 18 20 18 20 10 10 10
58 57 57 59 59 4 2 8 6 12 10 16 14 20 18 20 18 10 10 10
58 57 58 59 58 4 2 8 6 12 10 16 14 20 18 20 18 10 10 10
58 58 55 55 59 4 2 8 6 12 10 16 14 20 18 20 18 10 10 10
57 57 57 57 57 4 2 8 6 12 10 16 14 20 18 20 18 10 10 10
55 57 59 60 58 2 4 6 8 10 12 14 16 18 20 18 20 10 10 10
57 58 57 57 60 4 2 8 6 12 10 16 14 20 18 20 18 10 10 10
58 55 57 59 60 2 4 6 8 10 12 14 16 18 20 18 20 10 10 10
57 57 60 57 58 4 2 8 6 12 10 16 14 20 18 20 18 10 10 10

SIZE: 118 x 20
METHOD: Six-block row decomposition construction (Theorem 21 and Appendix A.3), with t=10 five-column inputs of row sizes 6,6,6,6,14,16,16,16,16,16, and 15 added columns from factorized input pairs. The total added-column weight is 54.
MATRIX:
2 3 5 6 4 3 3 3 3 3 3 3 3 3 3 3 3 1 1 1
3 5 6 4 2 1 1 1 1 1 1 1 1 1 1 1 1 1 1 1
5 6 4 2 3 3 3 3 3 3 3 3 3 3 3 3 3 1 1 1
6 4 2 3 5 1 1 1 1 1 1 1 1 1 1 1 1 1 1 1
4 2 3 5 6 3 3 3 3 3 3 3 3 3 3 3 3 1 1 1
1 1 1 1 1 1 1 1 1 1 1 1 1 1 1 1 1 1 1 1
8 9 11 12 10 7 7 7 7 7 7 7 7 7 7 4 2 3 3 3
9 11 12 10 8 5 5 5 5 5 5 5 5 5 5 2 4 3 3 3
11 12 10 8 9 7 7 7 7 7 7 7 7 7 7 4 2 3 3 3
12 10 8 9 11 5 5 5 5 5 5 5 5 5 5 2 4 3 3 3
10 8 9 11 12 7 7 7 7 7 7 7 7 7 7 4 2 3 3 3
7 7 7 7 7 5 5 5 5 5 5 5 5 5 5 2 4 3 3 3
14 15 17 18 16 11 11 4 2 11 11 11 11 11 11 7 7 4 5 5
15 17 18 16 14 9 9 2 4 9 9 9 9 9 9 5 5 4 5 5
17 18 16 14 15 11 11 4 2 11 11 11 11 11 11 7 7 4 5 5
18 16 14 15 17 9 9 2 4 9 9 9 9 9 9 5 5 4 5 5
16 14 15 17 18 11 11 4 2 11 11 11 11 11 11 7 7 4 5 5
13 13 13 13 13 9 9 2 4 9 9 9 9 9 9 5 5 4 5 5
20 21 23 24 22 15 15 11 11 8 6 15 15 15 15 11 11 2 6 7
21 23 24 22 20 13 13 9 9 6 8 13 13 13 13 9 9 2 6 7
23 24 22 20 21 15 15 11 11 8 6 15 15 15 15 11 11 2 6 7
24 22 20 21 23 13 13 9 9 6 8 13 13 13 13 9 9 2 6 7
22 20 21 23 24 15 15 11 11 8 6 15 15 15 15 11 11 2 6 7
19 19 19 19 19 13 13 9 9 6 8 13 13 13 13 9 9 2 6 7
26 27 29 30 28 17 17 13 13 2 4 10 12 17 17 13 13 5 4 8
27 29 30 28 26 17 17 13 13 2 4 10 12 17 17 13 13 5 4 8
29 30 28 26 27 19 19 15 15 4 2 12 10 19 19 15 15 5 4 8
30 28 26 27 29 19 19 15 15 4 2 12 10 19 19 15 15 5 4 8
28 26 27 29 30 17 17 13 13 2 4 10 12 17 17 13 13 5 4 8
30 25 25 27 27 19 19 15 15 4 2 12 10 19 19 15 15 5 4 8
29 30 30 30 28 19 19 15 15 4 2 12 10 19 19 15 15 5 4 8
25 29 29 28 29 19 19 15 15 4 2 12 10 19 19 15 15 5 4 8
29 29 30 30 25 19 19 15 15 4 2 12 10 19 19 15 15 5 4 8
30 30 28 28 27 19 19 15 15 4 2 12 10 19 19 15 15 5 4 8
29 30 28 29 28 17 17 13 13 2 4 10 12 17 17 13 13 5 4 8
29 30 27 30 27 17 17 13 13 2 4 10 12 17 17 13 13 5 4 8
29 30 28 25 27 17 17 13 13 2 4 10 12 17 17 13 13 5 4 8
29 30 27 29 29 17 17 13 13 2 4 10 12 17 17 13 13 5 4 8
32 33 35 36 34 18 20 17 17 13 13 6 8 14 16 17 17 7 2 6
33 35 36 34 32 18 20 17 17 13 13 6 8 14 16 17 17 7 2 6
35 36 34 32 33 20 18 19 19 15 15 8 6 16 14 19 19 7 2 6
36 34 32 33 35 18 20 17 17 13 13 6 8 14 16 17 17 7 2 6
34 32 33 35 36 20 18 19 19 15 15 8 6 16 14 19 19 7 2 6
34 35 36 36 36 18 20 17 17 13 13 6 8 14 16 17 17 7 2 6
33 34 33 34 31 18 20 17 17 13 13 6 8 14 16 17 17 7 2 6
33 33 35 35 34 18 20 17 17 13 13 6 8 14 16 17 17 7 2 6
34 33 33 35 35 20 18 19 19 15 15 8 6 16 14 19 19 7 2 6
34 33 34 35 34 20 18 19 19 15 15 8 6 16 14 19 19 7 2 6
34 34 31 31 35 20 18 19 19 15 15 8 6 16 14 19 19 7 2 6
33 33 33 33 33 20 18 19 19 15 15 8 6 16 14 19 19 7 2 6
31 33 35 36 34 18 20 17 17 13 13 6 8 14 16 17 17 7 2 6
33 34 33 33 36 20 18 19 19 15 15 8 6 16 14 19 19 7 2 6
34 31 33 35 36 18 20 17 17 13 13 6 8 14 16 17 17 7 2 6
33 33 36 33 34 20 18 19 19 15 15 8 6 16 14 19 19 7 2 6
38 39 41 42 40 14 16 18 20 17 17 2 4 10 12 14 16 9 7 4
39 41 42 40 38 14 16 18 20 17 17 2 4 10 12 14 16 9 7 4
41 42 40 38 39 16 14 20 18 19 19 4 2 12 10 16 14 9 7 4
42 40 38 39 41 14 16 18 20 17 17 2 4 10 12 14 16 9 7 4
40 38 39 41 42 16 14 20 18 19 19 4 2 12 10 16 14 9 7 4
40 41 42 42 42 14 16 18 20 17 17 2 4 10 12 14 16 9 7 4
39 40 39 40 37 14 16 18 20 17 17 2 4 10 12 14 16 9 7 4
39 39 41 41 40 14 16 18 20 17 17 2 4 10 12 14 16 9 7 4
40 39 39 41 41 16 14 20 18 19 19 4 2 12 10 16 14 9 7 4
40 39 40 41 40 16 14 20 18 19 19 4 2 12 10 16 14 9 7 4
40 40 37 37 41 16 14 20 18 19 19 4 2 12 10 16 14 9 7 4
39 39 39 39 39 16 14 20 18 19 19 4 2 12 10 16 14 9 7 4
37 39 41 42 40 14 16 18 20 17 17 2 4 10 12 14 16 9 7 4
39 40 39 39 42 16 14 20 18 19 19 4 2 12 10 16 14 9 7 4
40 37 39 41 42 14 16 18 20 17 17 2 4 10 12 14 16 9 7 4
39 39 42 39 40 16 14 20 18 19 19 4 2 12 10 16 14 9 7 4
44 45 47 48 46 10 12 14 16 18 20 17 17 6 8 10 12 8 9 2
45 47 48 46 44 10 12 14 16 18 20 17 17 6 8 10 12 8 9 2
47 48 46 44 45 12 10 16 14 20 18 19 19 8 6 12 10 8 9 2
48 46 44 45 47 10 12 14 16 18 20 17 17 6 8 10 12 8 9 2
46 44 45 47 48 12 10 16 14 20 18 19 19 8 6 12 10 8 9 2
46 47 48 48 48 10 12 14 16 18 20 17 17 6 8 10 12 8 9 2
45 46 45 46 43 10 12 14 16 18 20 17 17 6 8 10 12 8 9 2
45 45 47 47 46 10 12 14 16 18 20 17 17 6 8 10 12 8 9 2
46 45 45 47 47 12 10 16 14 20 18 19 19 8 6 12 10 8 9 2
46 45 46 47 46 12 10 16 14 20 18 19 19 8 6 12 10 8 9 2
46 46 43 43 47 12 10 16 14 20 18 19 19 8 6 12 10 8 9 2
45 45 45 45 45 12 10 16 14 20 18 19 19 8 6 12 10 8 9 2
43 45 47 48 46 10 12 14 16 18 20 17 17 6 8 10 12 8 9 2
45 46 45 45 48 12 10 16 14 20 18 19 19 8 6 12 10 8 9 2
46 43 45 47 48 10 12 14 16 18 20 17 17 6 8 10 12 8 9 2
45 45 48 45 46 12 10 16 14 20 18 19 19 8 6 12 10 8 9 2
50 51 53 54 52 6 8 10 12 14 16 18 20 2 4 6 8 6 8 9
51 53 54 52 50 6 8 10 12 14 16 18 20 2 4 6 8 6 8 9
53 54 52 50 51 8 6 12 10 16 14 20 18 4 2 8 6 6 8 9
54 52 50 51 53 6 8 10 12 14 16 18 20 2 4 6 8 6 8 9
52 50 51 53 54 8 6 12 10 16 14 20 18 4 2 8 6 6 8 9
52 53 54 54 54 6 8 10 12 14 16 18 20 2 4 6 8 6 8 9
51 52 51 52 49 6 8 10 12 14 16 18 20 2 4 6 8 6 8 9
51 51 53 53 52 6 8 10 12 14 16 18 20 2 4 6 8 6 8 9
52 51 51 53 53 8 6 12 10 16 14 20 18 4 2 8 6 6 8 9
52 51 52 53 52 8 6 12 10 16 14 20 18 4 2 8 6 6 8 9
52 52 49 49 53 8 6 12 10 16 14 20 18 4 2 8 6 6 8 9
51 51 51 51 51 8 6 12 10 16 14 20 18 4 2 8 6 6 8 9
49 51 53 54 52 6 8 10 12 14 16 18 20 2 4 6 8 6 8 9
51 52 51 51 54 8 6 12 10 16 14 20 18 4 2 8 6 6 8 9
52 49 51 53 54 6 8 10 12 14 16 18 20 2 4 6 8 6 8 9
51 51 54 51 52 8 6 12 10 16 14 20 18 4 2 8 6 6 8 9
56 57 59 60 58 2 4 6 8 10 12 14 16 18 20 18 20 10 10 10
57 59 60 58 56 2 4 6 8 10 12 14 16 18 20 18 20 10 10 10
59 60 58 56 57 4 2 8 6 12 10 16 14 20 18 20 18 10 10 10
60 58 56 57 59 2 4 6 8 10 12 14 16 18 20 18 20 10 10 10
58 56 57 59 60 4 2 8 6 12 10 16 14 20 18 20 18 10 10 10
58 59 60 60 60 2 4 6 8 10 12 14 16 18 20 18 20 10 10 10
57 58 57 58 55 2 4 6 8 10 12 14 16 18 20 18 20 10 10 10
57 57 59 59 58 2 4 6 8 10 12 14 16 18 20 18 20 10 10 10
58 57 57 59 59 4 2 8 6 12 10 16 14 20 18 20 18 10 10 10
58 57 58 59 58 4 2 8 6 12 10 16 14 20 18 20 18 10 10 10
58 58 55 55 59 4 2 8 6 12 10 16 14 20 18 20 18 10 10 10
57 57 57 57 57 4 2 8 6 12 10 16 14 20 18 20 18 10 10 10
55 57 59 60 58 2 4 6 8 10 12 14 16 18 20 18 20 10 10 10
57 58 57 57 60 4 2 8 6 12 10 16 14 20 18 20 18 10 10 10
58 55 57 59 60 2 4 6 8 10 12 14 16 18 20 18 20 10 10 10
57 57 60 57 58 4 2 8 6 12 10 16 14 20 18 20 18 10 10 10

SIZE: 119 x 20
METHOD: Six-block row decomposition construction (Theorem 21 and Appendix A.3), with t=10 five-column inputs of row sizes 6,6,6,6,15,16,16,16,16,16, and 15 added columns from factorized input pairs. The total added-column weight is 54.
MATRIX:
2 3 5 6 4 3 3 3 3 3 3 3 3 3 3 3 3 1 1 1
3 5 6 4 2 1 1 1 1 1 1 1 1 1 1 1 1 1 1 1
5 6 4 2 3 3 3 3 3 3 3 3 3 3 3 3 3 1 1 1
6 4 2 3 5 1 1 1 1 1 1 1 1 1 1 1 1 1 1 1
4 2 3 5 6 3 3 3 3 3 3 3 3 3 3 3 3 1 1 1
1 1 1 1 1 1 1 1 1 1 1 1 1 1 1 1 1 1 1 1
8 9 11 12 10 7 7 7 7 7 7 7 7 7 7 4 2 3 3 3
9 11 12 10 8 5 5 5 5 5 5 5 5 5 5 2 4 3 3 3
11 12 10 8 9 7 7 7 7 7 7 7 7 7 7 4 2 3 3 3
12 10 8 9 11 5 5 5 5 5 5 5 5 5 5 2 4 3 3 3
10 8 9 11 12 7 7 7 7 7 7 7 7 7 7 4 2 3 3 3
7 7 7 7 7 5 5 5 5 5 5 5 5 5 5 2 4 3 3 3
14 15 17 18 16 11 11 4 2 11 11 11 11 11 11 7 7 4 5 5
15 17 18 16 14 9 9 2 4 9 9 9 9 9 9 5 5 4 5 5
17 18 16 14 15 11 11 4 2 11 11 11 11 11 11 7 7 4 5 5
18 16 14 15 17 9 9 2 4 9 9 9 9 9 9 5 5 4 5 5
16 14 15 17 18 11 11 4 2 11 11 11 11 11 11 7 7 4 5 5
13 13 13 13 13 9 9 2 4 9 9 9 9 9 9 5 5 4 5 5
20 21 23 24 22 15 15 11 11 8 6 15 15 15 15 11 11 2 6 7
21 23 24 22 20 13 13 9 9 6 8 13 13 13 13 9 9 2 6 7
23 24 22 20 21 15 15 11 11 8 6 15 15 15 15 11 11 2 6 7
24 22 20 21 23 13 13 9 9 6 8 13 13 13 13 9 9 2 6 7
22 20 21 23 24 15 15 11 11 8 6 15 15 15 15 11 11 2 6 7
19 19 19 19 19 13 13 9 9 6 8 13 13 13 13 9 9 2 6 7
26 27 29 30 28 19 19 15 15 4 2 12 10 19 19 15 15 5 4 8
27 29 30 28 26 17 17 13 13 2 4 10 12 17 17 13 13 5 4 8
29 30 28 26 27 19 19 15 15 4 2 12 10 19 19 15 15 5 4 8
30 28 26 27 29 17 17 13 13 2 4 10 12 17 17 13 13 5 4 8
28 26 27 29 30 17 17 13 13 2 4 10 12 17 17 13 13 5 4 8
30 28 29 28 29 19 19 15 15 4 2 12 10 19 19 15 15 5 4 8
25 29 25 27 29 17 17 13 13 2 4 10 12 17 17 13 13 5 4 8
29 30 27 30 27 17 17 13 13 2 4 10 12 17 17 13 13 5 4 8
29 30 28 25 27 17 17 13 13 2 4 10 12 17 17 13 13 5 4 8
27 29 30 28 25 17 17 13 13 2 4 10 12 17 17 13 13 5 4 8
28 25 30 28 28 19 19 15 15 4 2 12 10 19 19 15 15 5 4 8
27 30 27 29 30 19 19 15 15 4 2 12 10 19 19 15 15 5 4 8
30 28 29 30 30 19 19 15 15 4 2 12 10 19 19 15 15 5 4 8
27 29 30 27 30 17 17 13 13 2 4 10 12 17 17 13 13 5 4 8
27 29 29 29 30 19 19 15 15 4 2 12 10 19 19 15 15 5 4 8
32 33 35 36 34 18 20 17 17 13 13 6 8 14 16 17 17 7 2 6
33 35 36 34 32 18 20 17 17 13 13 6 8 14 16 17 17 7 2 6
35 36 34 32 33 20 18 19 19 15 15 8 6 16 14 19 19 7 2 6
36 34 32 33 35 18 20 17 17 13 13 6 8 14 16 17 17 7 2 6
34 32 33 35 36 20 18 19 19 15 15 8 6 16 14 19 19 7 2 6
34 35 36 36 36 18 20 17 17 13 13 6 8 14 16 17 17 7 2 6
33 34 33 34 31 18 20 17 17 13 13 6 8 14 16 17 17 7 2 6
33 33 35 35 34 18 20 17 17 13 13 6 8 14 16 17 17 7 2 6
34 33 33 35 35 20 18 19 19 15 15 8 6 16 14 19 19 7 2 6
34 33 34 35 34 20 18 19 19 15 15 8 6 16 14 19 19 7 2 6
34 34 31 31 35 20 18 19 19 15 15 8 6 16 14 19 19 7 2 6
33 33 33 33 33 20 18 19 19 15 15 8 6 16 14 19 19 7 2 6
31 33 35 36 34 18 20 17 17 13 13 6 8 14 16 17 17 7 2 6
33 34 33 33 36 20 18 19 19 15 15 8 6 16 14 19 19 7 2 6
34 31 33 35 36 18 20 17 17 13 13 6 8 14 16 17 17 7 2 6
33 33 36 33 34 20 18 19 19 15 15 8 6 16 14 19 19 7 2 6
38 39 41 42 40 14 16 18 20 17 17 2 4 10 12 14 16 9 7 4
39 41 42 40 38 14 16 18 20 17 17 2 4 10 12 14 16 9 7 4
41 42 40 38 39 16 14 20 18 19 19 4 2 12 10 16 14 9 7 4
42 40 38 39 41 14 16 18 20 17 17 2 4 10 12 14 16 9 7 4
40 38 39 41 42 16 14 20 18 19 19 4 2 12 10 16 14 9 7 4
40 41 42 42 42 14 16 18 20 17 17 2 4 10 12 14 16 9 7 4
39 40 39 40 37 14 16 18 20 17 17 2 4 10 12 14 16 9 7 4
39 39 41 41 40 14 16 18 20 17 17 2 4 10 12 14 16 9 7 4
40 39 39 41 41 16 14 20 18 19 19 4 2 12 10 16 14 9 7 4
40 39 40 41 40 16 14 20 18 19 19 4 2 12 10 16 14 9 7 4
40 40 37 37 41 16 14 20 18 19 19 4 2 12 10 16 14 9 7 4
39 39 39 39 39 16 14 20 18 19 19 4 2 12 10 16 14 9 7 4
37 39 41 42 40 14 16 18 20 17 17 2 4 10 12 14 16 9 7 4
39 40 39 39 42 16 14 20 18 19 19 4 2 12 10 16 14 9 7 4
40 37 39 41 42 14 16 18 20 17 17 2 4 10 12 14 16 9 7 4
39 39 42 39 40 16 14 20 18 19 19 4 2 12 10 16 14 9 7 4
44 45 47 48 46 10 12 14 16 18 20 17 17 6 8 10 12 8 9 2
45 47 48 46 44 10 12 14 16 18 20 17 17 6 8 10 12 8 9 2
47 48 46 44 45 12 10 16 14 20 18 19 19 8 6 12 10 8 9 2
48 46 44 45 47 10 12 14 16 18 20 17 17 6 8 10 12 8 9 2
46 44 45 47 48 12 10 16 14 20 18 19 19 8 6 12 10 8 9 2
46 47 48 48 48 10 12 14 16 18 20 17 17 6 8 10 12 8 9 2
45 46 45 46 43 10 12 14 16 18 20 17 17 6 8 10 12 8 9 2
45 45 47 47 46 10 12 14 16 18 20 17 17 6 8 10 12 8 9 2
46 45 45 47 47 12 10 16 14 20 18 19 19 8 6 12 10 8 9 2
46 45 46 47 46 12 10 16 14 20 18 19 19 8 6 12 10 8 9 2
46 46 43 43 47 12 10 16 14 20 18 19 19 8 6 12 10 8 9 2
45 45 45 45 45 12 10 16 14 20 18 19 19 8 6 12 10 8 9 2
43 45 47 48 46 10 12 14 16 18 20 17 17 6 8 10 12 8 9 2
45 46 45 45 48 12 10 16 14 20 18 19 19 8 6 12 10 8 9 2
46 43 45 47 48 10 12 14 16 18 20 17 17 6 8 10 12 8 9 2
45 45 48 45 46 12 10 16 14 20 18 19 19 8 6 12 10 8 9 2
50 51 53 54 52 6 8 10 12 14 16 18 20 2 4 6 8 6 8 9
51 53 54 52 50 6 8 10 12 14 16 18 20 2 4 6 8 6 8 9
53 54 52 50 51 8 6 12 10 16 14 20 18 4 2 8 6 6 8 9
54 52 50 51 53 6 8 10 12 14 16 18 20 2 4 6 8 6 8 9
52 50 51 53 54 8 6 12 10 16 14 20 18 4 2 8 6 6 8 9
52 53 54 54 54 6 8 10 12 14 16 18 20 2 4 6 8 6 8 9
51 52 51 52 49 6 8 10 12 14 16 18 20 2 4 6 8 6 8 9
51 51 53 53 52 6 8 10 12 14 16 18 20 2 4 6 8 6 8 9
52 51 51 53 53 8 6 12 10 16 14 20 18 4 2 8 6 6 8 9
52 51 52 53 52 8 6 12 10 16 14 20 18 4 2 8 6 6 8 9
52 52 49 49 53 8 6 12 10 16 14 20 18 4 2 8 6 6 8 9
51 51 51 51 51 8 6 12 10 16 14 20 18 4 2 8 6 6 8 9
49 51 53 54 52 6 8 10 12 14 16 18 20 2 4 6 8 6 8 9
51 52 51 51 54 8 6 12 10 16 14 20 18 4 2 8 6 6 8 9
52 49 51 53 54 6 8 10 12 14 16 18 20 2 4 6 8 6 8 9
51 51 54 51 52 8 6 12 10 16 14 20 18 4 2 8 6 6 8 9
56 57 59 60 58 2 4 6 8 10 12 14 16 18 20 18 20 10 10 10
57 59 60 58 56 2 4 6 8 10 12 14 16 18 20 18 20 10 10 10
59 60 58 56 57 4 2 8 6 12 10 16 14 20 18 20 18 10 10 10
60 58 56 57 59 2 4 6 8 10 12 14 16 18 20 18 20 10 10 10
58 56 57 59 60 4 2 8 6 12 10 16 14 20 18 20 18 10 10 10
58 59 60 60 60 2 4 6 8 10 12 14 16 18 20 18 20 10 10 10
57 58 57 58 55 2 4 6 8 10 12 14 16 18 20 18 20 10 10 10
57 57 59 59 58 2 4 6 8 10 12 14 16 18 20 18 20 10 10 10
58 57 57 59 59 4 2 8 6 12 10 16 14 20 18 20 18 10 10 10
58 57 58 59 58 4 2 8 6 12 10 16 14 20 18 20 18 10 10 10
58 58 55 55 59 4 2 8 6 12 10 16 14 20 18 20 18 10 10 10
57 57 57 57 57 4 2 8 6 12 10 16 14 20 18 20 18 10 10 10
55 57 59 60 58 2 4 6 8 10 12 14 16 18 20 18 20 10 10 10
57 58 57 57 60 4 2 8 6 12 10 16 14 20 18 20 18 10 10 10
58 55 57 59 60 2 4 6 8 10 12 14 16 18 20 18 20 10 10 10
57 57 60 57 58 4 2 8 6 12 10 16 14 20 18 20 18 10 10 10

SIZE: 120 x 20
METHOD: Six-block row decomposition construction (Theorem 21 and Appendix A.3), with t=10 five-column inputs of row sizes 6,6,6,6,16,16,16,16,16,16, and 15 added columns from factorized input pairs. The total added-column weight is 54.
MATRIX:
2 3 5 6 4 3 3 3 3 3 3 3 3 3 3 3 3 1 1 1
3 5 6 4 2 1 1 1 1 1 1 1 1 1 1 1 1 1 1 1
5 6 4 2 3 3 3 3 3 3 3 3 3 3 3 3 3 1 1 1
6 4 2 3 5 1 1 1 1 1 1 1 1 1 1 1 1 1 1 1
4 2 3 5 6 3 3 3 3 3 3 3 3 3 3 3 3 1 1 1
1 1 1 1 1 1 1 1 1 1 1 1 1 1 1 1 1 1 1 1
8 9 11 12 10 7 7 7 7 7 7 7 7 7 7 4 2 3 3 3
9 11 12 10 8 5 5 5 5 5 5 5 5 5 5 2 4 3 3 3
11 12 10 8 9 7 7 7 7 7 7 7 7 7 7 4 2 3 3 3
12 10 8 9 11 5 5 5 5 5 5 5 5 5 5 2 4 3 3 3
10 8 9 11 12 7 7 7 7 7 7 7 7 7 7 4 2 3 3 3
7 7 7 7 7 5 5 5 5 5 5 5 5 5 5 2 4 3 3 3
14 15 17 18 16 11 11 4 2 11 11 11 11 11 11 7 7 4 5 5
15 17 18 16 14 9 9 2 4 9 9 9 9 9 9 5 5 4 5 5
17 18 16 14 15 11 11 4 2 11 11 11 11 11 11 7 7 4 5 5
18 16 14 15 17 9 9 2 4 9 9 9 9 9 9 5 5 4 5 5
16 14 15 17 18 11 11 4 2 11 11 11 11 11 11 7 7 4 5 5
13 13 13 13 13 9 9 2 4 9 9 9 9 9 9 5 5 4 5 5
20 21 23 24 22 15 15 11 11 8 6 15 15 15 15 11 11 2 6 7
21 23 24 22 20 13 13 9 9 6 8 13 13 13 13 9 9 2 6 7
23 24 22 20 21 15 15 11 11 8 6 15 15 15 15 11 11 2 6 7
24 22 20 21 23 13 13 9 9 6 8 13 13 13 13 9 9 2 6 7
22 20 21 23 24 15 15 11 11 8 6 15 15 15 15 11 11 2 6 7
19 19 19 19 19 13 13 9 9 6 8 13 13 13 13 9 9 2 6 7
26 27 29 30 28 17 17 13 13 2 4 10 12 17 17 13 13 5 4 8
27 29 30 28 26 17 17 13 13 2 4 10 12 17 17 13 13 5 4 8
29 30 28 26 27 19 19 15 15 4 2 12 10 19 19 15 15 5 4 8
30 28 26 27 29 17 17 13 13 2 4 10 12 17 17 13 13 5 4 8
28 26 27 29 30 19 19 15 15 4 2 12 10 19 19 15 15 5 4 8
28 29 30 30 30 17 17 13 13 2 4 10 12 17 17 13 13 5 4 8
27 28 27 28 25 17 17 13 13 2 4 10 12 17 17 13 13 5 4 8
27 27 29 29 28 17 17 13 13 2 4 10 12 17 17 13 13 5 4 8
28 27 27 29 29 19 19 15 15 4 2 12 10 19 19 15 15 5 4 8
28 27 28 29 28 19 19 15 15 4 2 12 10 19 19 15 15 5 4 8
28 28 25 25 29 19 19 15 15 4 2 12 10 19 19 15 15 5 4 8
27 27 27 27 27 19 19 15 15 4 2 12 10 19 19 15 15 5 4 8
25 27 29 30 28 17 17 13 13 2 4 10 12 17 17 13 13 5 4 8
27 28 27 27 30 19 19 15 15 4 2 12 10 19 19 15 15 5 4 8
28 25 27 29 30 17 17 13 13 2 4 10 12 17 17 13 13 5 4 8
27 27 30 27 28 19 19 15 15 4 2 12 10 19 19 15 15 5 4 8
32 33 35 36 34 18 20 17 17 13 13 6 8 14 16 17 17 7 2 6
33 35 36 34 32 18 20 17 17 13 13 6 8 14 16 17 17 7 2 6
35 36 34 32 33 20 18 19 19 15 15 8 6 16 14 19 19 7 2 6
36 34 32 33 35 18 20 17 17 13 13 6 8 14 16 17 17 7 2 6
34 32 33 35 36 20 18 19 19 15 15 8 6 16 14 19 19 7 2 6
34 35 36 36 36 18 20 17 17 13 13 6 8 14 16 17 17 7 2 6
33 34 33 34 31 18 20 17 17 13 13 6 8 14 16 17 17 7 2 6
33 33 35 35 34 18 20 17 17 13 13 6 8 14 16 17 17 7 2 6
34 33 33 35 35 20 18 19 19 15 15 8 6 16 14 19 19 7 2 6
34 33 34 35 34 20 18 19 19 15 15 8 6 16 14 19 19 7 2 6
34 34 31 31 35 20 18 19 19 15 15 8 6 16 14 19 19 7 2 6
33 33 33 33 33 20 18 19 19 15 15 8 6 16 14 19 19 7 2 6
31 33 35 36 34 18 20 17 17 13 13 6 8 14 16 17 17 7 2 6
33 34 33 33 36 20 18 19 19 15 15 8 6 16 14 19 19 7 2 6
34 31 33 35 36 18 20 17 17 13 13 6 8 14 16 17 17 7 2 6
33 33 36 33 34 20 18 19 19 15 15 8 6 16 14 19 19 7 2 6
38 39 41 42 40 14 16 18 20 17 17 2 4 10 12 14 16 9 7 4
39 41 42 40 38 14 16 18 20 17 17 2 4 10 12 14 16 9 7 4
41 42 40 38 39 16 14 20 18 19 19 4 2 12 10 16 14 9 7 4
42 40 38 39 41 14 16 18 20 17 17 2 4 10 12 14 16 9 7 4
40 38 39 41 42 16 14 20 18 19 19 4 2 12 10 16 14 9 7 4
40 41 42 42 42 14 16 18 20 17 17 2 4 10 12 14 16 9 7 4
39 40 39 40 37 14 16 18 20 17 17 2 4 10 12 14 16 9 7 4
39 39 41 41 40 14 16 18 20 17 17 2 4 10 12 14 16 9 7 4
40 39 39 41 41 16 14 20 18 19 19 4 2 12 10 16 14 9 7 4
40 39 40 41 40 16 14 20 18 19 19 4 2 12 10 16 14 9 7 4
40 40 37 37 41 16 14 20 18 19 19 4 2 12 10 16 14 9 7 4
39 39 39 39 39 16 14 20 18 19 19 4 2 12 10 16 14 9 7 4
37 39 41 42 40 14 16 18 20 17 17 2 4 10 12 14 16 9 7 4
39 40 39 39 42 16 14 20 18 19 19 4 2 12 10 16 14 9 7 4
40 37 39 41 42 14 16 18 20 17 17 2 4 10 12 14 16 9 7 4
39 39 42 39 40 16 14 20 18 19 19 4 2 12 10 16 14 9 7 4
44 45 47 48 46 10 12 14 16 18 20 17 17 6 8 10 12 8 9 2
45 47 48 46 44 10 12 14 16 18 20 17 17 6 8 10 12 8 9 2
47 48 46 44 45 12 10 16 14 20 18 19 19 8 6 12 10 8 9 2
48 46 44 45 47 10 12 14 16 18 20 17 17 6 8 10 12 8 9 2
46 44 45 47 48 12 10 16 14 20 18 19 19 8 6 12 10 8 9 2
46 47 48 48 48 10 12 14 16 18 20 17 17 6 8 10 12 8 9 2
45 46 45 46 43 10 12 14 16 18 20 17 17 6 8 10 12 8 9 2
45 45 47 47 46 10 12 14 16 18 20 17 17 6 8 10 12 8 9 2
46 45 45 47 47 12 10 16 14 20 18 19 19 8 6 12 10 8 9 2
46 45 46 47 46 12 10 16 14 20 18 19 19 8 6 12 10 8 9 2
46 46 43 43 47 12 10 16 14 20 18 19 19 8 6 12 10 8 9 2
45 45 45 45 45 12 10 16 14 20 18 19 19 8 6 12 10 8 9 2
43 45 47 48 46 10 12 14 16 18 20 17 17 6 8 10 12 8 9 2
45 46 45 45 48 12 10 16 14 20 18 19 19 8 6 12 10 8 9 2
46 43 45 47 48 10 12 14 16 18 20 17 17 6 8 10 12 8 9 2
45 45 48 45 46 12 10 16 14 20 18 19 19 8 6 12 10 8 9 2
50 51 53 54 52 6 8 10 12 14 16 18 20 2 4 6 8 6 8 9
51 53 54 52 50 6 8 10 12 14 16 18 20 2 4 6 8 6 8 9
53 54 52 50 51 8 6 12 10 16 14 20 18 4 2 8 6 6 8 9
54 52 50 51 53 6 8 10 12 14 16 18 20 2 4 6 8 6 8 9
52 50 51 53 54 8 6 12 10 16 14 20 18 4 2 8 6 6 8 9
52 53 54 54 54 6 8 10 12 14 16 18 20 2 4 6 8 6 8 9
51 52 51 52 49 6 8 10 12 14 16 18 20 2 4 6 8 6 8 9
51 51 53 53 52 6 8 10 12 14 16 18 20 2 4 6 8 6 8 9
52 51 51 53 53 8 6 12 10 16 14 20 18 4 2 8 6 6 8 9
52 51 52 53 52 8 6 12 10 16 14 20 18 4 2 8 6 6 8 9
52 52 49 49 53 8 6 12 10 16 14 20 18 4 2 8 6 6 8 9
51 51 51 51 51 8 6 12 10 16 14 20 18 4 2 8 6 6 8 9
49 51 53 54 52 6 8 10 12 14 16 18 20 2 4 6 8 6 8 9
51 52 51 51 54 8 6 12 10 16 14 20 18 4 2 8 6 6 8 9
52 49 51 53 54 6 8 10 12 14 16 18 20 2 4 6 8 6 8 9
51 51 54 51 52 8 6 12 10 16 14 20 18 4 2 8 6 6 8 9
56 57 59 60 58 2 4 6 8 10 12 14 16 18 20 18 20 10 10 10
57 59 60 58 56 2 4 6 8 10 12 14 16 18 20 18 20 10 10 10
59 60 58 56 57 4 2 8 6 12 10 16 14 20 18 20 18 10 10 10
60 58 56 57 59 2 4 6 8 10 12 14 16 18 20 18 20 10 10 10
58 56 57 59 60 4 2 8 6 12 10 16 14 20 18 20 18 10 10 10
58 59 60 60 60 2 4 6 8 10 12 14 16 18 20 18 20 10 10 10
57 58 57 58 55 2 4 6 8 10 12 14 16 18 20 18 20 10 10 10
57 57 59 59 58 2 4 6 8 10 12 14 16 18 20 18 20 10 10 10
58 57 57 59 59 4 2 8 6 12 10 16 14 20 18 20 18 10 10 10
58 57 58 59 58 4 2 8 6 12 10 16 14 20 18 20 18 10 10 10
58 58 55 55 59 4 2 8 6 12 10 16 14 20 18 20 18 10 10 10
57 57 57 57 57 4 2 8 6 12 10 16 14 20 18 20 18 10 10 10
55 57 59 60 58 2 4 6 8 10 12 14 16 18 20 18 20 10 10 10
57 58 57 57 60 4 2 8 6 12 10 16 14 20 18 20 18 10 10 10
58 55 57 59 60 2 4 6 8 10 12 14 16 18 20 18 20 10 10 10
57 57 60 57 58 4 2 8 6 12 10 16 14 20 18 20 18 10 10 10

SIZE: 121 x 20
METHOD: Six-block row decomposition construction (Theorem 21 and Appendix A.3), with t=10 five-column inputs of row sizes 6,6,6,8,15,16,16,16,16,16, and 15 added columns from factorized input pairs. The total added-column weight is 54.
MATRIX:
2 3 5 6 4 3 3 3 3 3 3 3 3 3 3 3 3 1 1 1
3 5 6 4 2 1 1 1 1 1 1 1 1 1 1 1 1 1 1 1
5 6 4 2 3 3 3 3 3 3 3 3 3 3 3 3 3 1 1 1
6 4 2 3 5 1 1 1 1 1 1 1 1 1 1 1 1 1 1 1
4 2 3 5 6 3 3 3 3 3 3 3 3 3 3 3 3 1 1 1
1 1 1 1 1 1 1 1 1 1 1 1 1 1 1 1 1 1 1 1
8 9 11 12 10 7 7 7 7 7 7 7 7 7 7 4 2 3 3 3
9 11 12 10 8 5 5 5 5 5 5 5 5 5 5 2 4 3 3 3
11 12 10 8 9 7 7 7 7 7 7 7 7 7 7 4 2 3 3 3
12 10 8 9 11 5 5 5 5 5 5 5 5 5 5 2 4 3 3 3
10 8 9 11 12 7 7 7 7 7 7 7 7 7 7 4 2 3 3 3
7 7 7 7 7 5 5 5 5 5 5 5 5 5 5 2 4 3 3 3
14 15 17 18 16 11 11 4 2 11 11 11 11 11 11 7 7 4 5 5
15 17 18 16 14 9 9 2 4 9 9 9 9 9 9 5 5 4 5 5
17 18 16 14 15 11 11 4 2 11 11 11 11 11 11 7 7 4 5 5
18 16 14 15 17 9 9 2 4 9 9 9 9 9 9 5 5 4 5 5
16 14 15 17 18 11 11 4 2 11 11 11 11 11 11 7 7 4 5 5
13 13 13 13 13 9 9 2 4 9 9 9 9 9 9 5 5 4 5 5
19 19 19 19 19 13 13 9 9 6 8 13 13 13 13 9 9 2 6 7
19 20 21 21 21 15 15 11 11 8 6 15 15 15 15 11 11 2 6 7
20 21 23 23 23 13 13 9 9 6 8 13 13 13 13 9 9 2 6 7
20 22 25 25 25 15 15 11 11 8 6 15 15 15 15 11 11 2 6 7
21 21 24 20 22 15 15 11 11 8 6 15 15 15 15 11 11 2 6 7
21 22 26 22 20 13 13 9 9 6 8 13 13 13 13 9 9 2 6 7
22 19 20 24 26 15 15 11 11 8 6 15 15 15 15 11 11 2 6 7
22 20 22 26 24 15 15 11 11 8 6 15 15 15 15 11 11 2 6 7
24 25 31 32 30 19 19 15 15 4 2 12 10 19 19 15 15 5 4 8
25 27 32 30 28 17 17 13 13 2 4 10 12 17 17 13 13 5 4 8
27 28 30 28 29 19 19 15 15 4 2 12 10 19 19 15 15 5 4 8
28 26 28 29 31 17 17 13 13 2 4 10 12 17 17 13 13 5 4 8
26 24 29 31 32 17 17 13 13 2 4 10 12 17 17 13 13 5 4 8
28 26 31 30 31 19 19 15 15 4 2 12 10 19 19 15 15 5 4 8
23 27 27 29 31 17 17 13 13 2 4 10 12 17 17 13 13 5 4 8
27 28 29 32 29 17 17 13 13 2 4 10 12 17 17 13 13 5 4 8
27 28 30 27 29 17 17 13 13 2 4 10 12 17 17 13 13 5 4 8
25 27 32 30 27 17 17 13 13 2 4 10 12 17 17 13 13 5 4 8
26 23 32 30 30 19 19 15 15 4 2 12 10 19 19 15 15 5 4 8
25 28 29 31 32 19 19 15 15 4 2 12 10 19 19 15 15 5 4 8
28 26 31 32 32 19 19 15 15 4 2 12 10 19 19 15 15 5 4 8
25 27 32 29 32 17 17 13 13 2 4 10 12 17 17 13 13 5 4 8
25 27 31 31 32 19 19 15 15 4 2 12 10 19 19 15 15 5 4 8
30 31 37 38 36 18 20 17 17 13 13 6 8 14 16 17 17 7 2 6
31 33 38 36 34 18 20 17 17 13 13 6 8 14 16 17 17 7 2 6
33 34 36 34 35 20 18 19 19 15 15 8 6 16 14 19 19 7 2 6
34 32 34 35 37 18 20 17 17 13 13 6 8 14 16 17 17 7 2 6
32 30 35 37 38 20 18 19 19 15 15 8 6 16 14 19 19 7 2 6
32 33 38 38 38 18 20 17 17 13 13 6 8 14 16 17 17 7 2 6
31 32 35 36 33 18 20 17 17 13 13 6 8 14 16 17 17 7 2 6
31 31 37 37 36 18 20 17 17 13 13 6 8 14 16 17 17 7 2 6
32 31 35 37 37 20 18 19 19 15 15 8 6 16 14 19 19 7 2 6
32 31 36 37 36 20 18 19 19 15 15 8 6 16 14 19 19 7 2 6
32 32 33 33 37 20 18 19 19 15 15 8 6 16 14 19 19 7 2 6
31 31 35 35 35 20 18 19 19 15 15 8 6 16 14 19 19 7 2 6
29 31 37 38 36 18 20 17 17 13 13 6 8 14 16 17 17 7 2 6
31 32 35 35 38 20 18 19 19 15 15 8 6 16 14 19 19 7 2 6
32 29 35 37 38 18 20 17 17 13 13 6 8 14 16 17 17 7 2 6
31 31 38 35 36 20 18 19 19 15 15 8 6 16 14 19 19 7 2 6
36 37 43 44 42 14 16 18 20 17 17 2 4 10 12 14 16 9 7 4
37 39 44 42 40 14 16 18 20 17 17 2 4 10 12 14 16 9 7 4
39 40 42 40 41 16 14 20 18 19 19 4 2 12 10 16 14 9 7 4
40 38 40 41 43 14 16 18 20 17 17 2 4 10 12 14 16 9 7 4
38 36 41 43 44 16 14 20 18 19 19 4 2 12 10 16 14 9 7 4
38 39 44 44 44 14 16 18 20 17 17 2 4 10 12 14 16 9 7 4
37 38 41 42 39 14 16 18 20 17 17 2 4 10 12 14 16 9 7 4
37 37 43 43 42 14 16 18 20 17 17 2 4 10 12 14 16 9 7 4
38 37 41 43 43 16 14 20 18 19 19 4 2 12 10 16 14 9 7 4
38 37 42 43 42 16 14 20 18 19 19 4 2 12 10 16 14 9 7 4
38 38 39 39 43 16 14 20 18 19 19 4 2 12 10 16 14 9 7 4
37 37 41 41 41 16 14 20 18 19 19 4 2 12 10 16 14 9 7 4
35 37 43 44 42 14 16 18 20 17 17 2 4 10 12 14 16 9 7 4
37 38 41 41 44 16 14 20 18 19 19 4 2 12 10 16 14 9 7 4
38 35 41 43 44 14 16 18 20 17 17 2 4 10 12 14 16 9 7 4
37 37 44 41 42 16 14 20 18 19 19 4 2 12 10 16 14 9 7 4
42 43 49 50 48 10 12 14 16 18 20 17 17 6 8 10 12 8 9 2
43 45 50 48 46 10 12 14 16 18 20 17 17 6 8 10 12 8 9 2
45 46 48 46 47 12 10 16 14 20 18 19 19 8 6 12 10 8 9 2
46 44 46 47 49 10 12 14 16 18 20 17 17 6 8 10 12 8 9 2
44 42 47 49 50 12 10 16 14 20 18 19 19 8 6 12 10 8 9 2
44 45 50 50 50 10 12 14 16 18 20 17 17 6 8 10 12 8 9 2
43 44 47 48 45 10 12 14 16 18 20 17 17 6 8 10 12 8 9 2
43 43 49 49 48 10 12 14 16 18 20 17 17 6 8 10 12 8 9 2
44 43 47 49 49 12 10 16 14 20 18 19 19 8 6 12 10 8 9 2
44 43 48 49 48 12 10 16 14 20 18 19 19 8 6 12 10 8 9 2
44 44 45 45 49 12 10 16 14 20 18 19 19 8 6 12 10 8 9 2
43 43 47 47 47 12 10 16 14 20 18 19 19 8 6 12 10 8 9 2
41 43 49 50 48 10 12 14 16 18 20 17 17 6 8 10 12 8 9 2
43 44 47 47 50 12 10 16 14 20 18 19 19 8 6 12 10 8 9 2
44 41 47 49 50 10 12 14 16 18 20 17 17 6 8 10 12 8 9 2
43 43 50 47 48 12 10 16 14 20 18 19 19 8 6 12 10 8 9 2
48 49 55 56 54 6 8 10 12 14 16 18 20 2 4 6 8 6 8 9
49 51 56 54 52 6 8 10 12 14 16 18 20 2 4 6 8 6 8 9
51 52 54 52 53 8 6 12 10 16 14 20 18 4 2 8 6 6 8 9
52 50 52 53 55 6 8 10 12 14 16 18 20 2 4 6 8 6 8 9
50 48 53 55 56 8 6 12 10 16 14 20 18 4 2 8 6 6 8 9
50 51 56 56 56 6 8 10 12 14 16 18 20 2 4 6 8 6 8 9
49 50 53 54 51 6 8 10 12 14 16 18 20 2 4 6 8 6 8 9
49 49 55 55 54 6 8 10 12 14 16 18 20 2 4 6 8 6 8 9
50 49 53 55 55 8 6 12 10 16 14 20 18 4 2 8 6 6 8 9
50 49 54 55 54 8 6 12 10 16 14 20 18 4 2 8 6 6 8 9
50 50 51 51 55 8 6 12 10 16 14 20 18 4 2 8 6 6 8 9
49 49 53 53 53 8 6 12 10 16 14 20 18 4 2 8 6 6 8 9
47 49 55 56 54 6 8 10 12 14 16 18 20 2 4 6 8 6 8 9
49 50 53 53 56 8 6 12 10 16 14 20 18 4 2 8 6 6 8 9
50 47 53 55 56 6 8 10 12 14 16 18 20 2 4 6 8 6 8 9
49 49 56 53 54 8 6 12 10 16 14 20 18 4 2 8 6 6 8 9
54 55 61 62 60 2 4 6 8 10 12 14 16 18 20 18 20 10 10 10
55 57 62 60 58 2 4 6 8 10 12 14 16 18 20 18 20 10 10 10
57 58 60 58 59 4 2 8 6 12 10 16 14 20 18 20 18 10 10 10
58 56 58 59 61 2 4 6 8 10 12 14 16 18 20 18 20 10 10 10
56 54 59 61 62 4 2 8 6 12 10 16 14 20 18 20 18 10 10 10
56 57 62 62 62 2 4 6 8 10 12 14 16 18 20 18 20 10 10 10
55 56 59 60 57 2 4 6 8 10 12 14 16 18 20 18 20 10 10 10
55 55 61 61 60 2 4 6 8 10 12 14 16 18 20 18 20 10 10 10
56 55 59 61 61 4 2 8 6 12 10 16 14 20 18 20 18 10 10 10
56 55 60 61 60 4 2 8 6 12 10 16 14 20 18 20 18 10 10 10
56 56 57 57 61 4 2 8 6 12 10 16 14 20 18 20 18 10 10 10
55 55 59 59 59 4 2 8 6 12 10 16 14 20 18 20 18 10 10 10
53 55 61 62 60 2 4 6 8 10 12 14 16 18 20 18 20 10 10 10
55 56 59 59 62 4 2 8 6 12 10 16 14 20 18 20 18 10 10 10
56 53 59 61 62 2 4 6 8 10 12 14 16 18 20 18 20 10 10 10
55 55 62 59 60 4 2 8 6 12 10 16 14 20 18 20 18 10 10 10

SIZE: 122 x 20
METHOD: Six-block row decomposition construction (Theorem 21 and Appendix A.3), with t=10 five-column inputs of row sizes 6,6,6,8,16,16,16,16,16,16, and 15 added columns from factorized input pairs. The total added-column weight is 54.
MATRIX:
2 3 5 6 4 3 3 3 3 3 3 3 3 3 3 3 3 1 1 1
3 5 6 4 2 1 1 1 1 1 1 1 1 1 1 1 1 1 1 1
5 6 4 2 3 3 3 3 3 3 3 3 3 3 3 3 3 1 1 1
6 4 2 3 5 1 1 1 1 1 1 1 1 1 1 1 1 1 1 1
4 2 3 5 6 3 3 3 3 3 3 3 3 3 3 3 3 1 1 1
1 1 1 1 1 1 1 1 1 1 1 1 1 1 1 1 1 1 1 1
8 9 11 12 10 7 7 7 7 7 7 7 7 7 7 4 2 3 3 3
9 11 12 10 8 5 5 5 5 5 5 5 5 5 5 2 4 3 3 3
11 12 10 8 9 7 7 7 7 7 7 7 7 7 7 4 2 3 3 3
12 10 8 9 11 5 5 5 5 5 5 5 5 5 5 2 4 3 3 3
10 8 9 11 12 7 7 7 7 7 7 7 7 7 7 4 2 3 3 3
7 7 7 7 7 5 5 5 5 5 5 5 5 5 5 2 4 3 3 3
14 15 17 18 16 11 11 4 2 11 11 11 11 11 11 7 7 4 5 5
15 17 18 16 14 9 9 2 4 9 9 9 9 9 9 5 5 4 5 5
17 18 16 14 15 11 11 4 2 11 11 11 11 11 11 7 7 4 5 5
18 16 14 15 17 9 9 2 4 9 9 9 9 9 9 5 5 4 5 5
16 14 15 17 18 11 11 4 2 11 11 11 11 11 11 7 7 4 5 5
13 13 13 13 13 9 9 2 4 9 9 9 9 9 9 5 5 4 5 5
19 19 19 19 19 13 13 9 9 6 8 13 13 13 13 9 9 2 6 7
19 20 21 21 21 15 15 11 11 8 6 15 15 15 15 11 11 2 6 7
20 21 23 23 23 13 13 9 9 6 8 13 13 13 13 9 9 2 6 7
20 22 25 25 25 15 15 11 11 8 6 15 15 15 15 11 11 2 6 7
21 21 24 20 22 15 15 11 11 8 6 15 15 15 15 11 11 2 6 7
21 22 26 22 20 13 13 9 9 6 8 13 13 13 13 9 9 2 6 7
22 19 20 24 26 15 15 11 11 8 6 15 15 15 15 11 11 2 6 7
22 20 22 26 24 15 15 11 11 8 6 15 15 15 15 11 11 2 6 7
24 25 31 32 30 17 17 13 13 2 4 10 12 17 17 13 13 5 4 8
25 27 32 30 28 17 17 13 13 2 4 10 12 17 17 13 13 5 4 8
27 28 30 28 29 19 19 15 15 4 2 12 10 19 19 15 15 5 4 8
28 26 28 29 31 17 17 13 13 2 4 10 12 17 17 13 13 5 4 8
26 24 29 31 32 19 19 15 15 4 2 12 10 19 19 15 15 5 4 8
26 27 32 32 32 17 17 13 13 2 4 10 12 17 17 13 13 5 4 8
25 26 29 30 27 17 17 13 13 2 4 10 12 17 17 13 13 5 4 8
25 25 31 31 30 17 17 13 13 2 4 10 12 17 17 13 13 5 4 8
26 25 29 31 31 19 19 15 15 4 2 12 10 19 19 15 15 5 4 8
26 25 30 31 30 19 19 15 15 4 2 12 10 19 19 15 15 5 4 8
26 26 27 27 31 19 19 15 15 4 2 12 10 19 19 15 15 5 4 8
25 25 29 29 29 19 19 15 15 4 2 12 10 19 19 15 15 5 4 8
23 25 31 32 30 17 17 13 13 2 4 10 12 17 17 13 13 5 4 8
25 26 29 29 32 19 19 15 15 4 2 12 10 19 19 15 15 5 4 8
26 23 29 31 32 17 17 13 13 2 4 10 12 17 17 13 13 5 4 8
25 25 32 29 30 19 19 15 15 4 2 12 10 19 19 15 15 5 4 8
30 31 37 38 36 18 20 17 17 13 13 6 8 14 16 17 17 7 2 6
31 33 38 36 34 18 20 17 17 13 13 6 8 14 16 17 17 7 2 6
33 34 36 34 35 20 18 19 19 15 15 8 6 16 14 19 19 7 2 6
34 32 34 35 37 18 20 17 17 13 13 6 8 14 16 17 17 7 2 6
32 30 35 37 38 20 18 19 19 15 15 8 6 16 14 19 19 7 2 6
32 33 38 38 38 18 20 17 17 13 13 6 8 14 16 17 17 7 2 6
31 32 35 36 33 18 20 17 17 13 13 6 8 14 16 17 17 7 2 6
31 31 37 37 36 18 20 17 17 13 13 6 8 14 16 17 17 7 2 6
32 31 35 37 37 20 18 19 19 15 15 8 6 16 14 19 19 7 2 6
32 31 36 37 36 20 18 19 19 15 15 8 6 16 14 19 19 7 2 6
32 32 33 33 37 20 18 19 19 15 15 8 6 16 14 19 19 7 2 6
31 31 35 35 35 20 18 19 19 15 15 8 6 16 14 19 19 7 2 6
29 31 37 38 36 18 20 17 17 13 13 6 8 14 16 17 17 7 2 6
31 32 35 35 38 20 18 19 19 15 15 8 6 16 14 19 19 7 2 6
32 29 35 37 38 18 20 17 17 13 13 6 8 14 16 17 17 7 2 6
31 31 38 35 36 20 18 19 19 15 15 8 6 16 14 19 19 7 2 6
36 37 43 44 42 14 16 18 20 17 17 2 4 10 12 14 16 9 7 4
37 39 44 42 40 14 16 18 20 17 17 2 4 10 12 14 16 9 7 4
39 40 42 40 41 16 14 20 18 19 19 4 2 12 10 16 14 9 7 4
40 38 40 41 43 14 16 18 20 17 17 2 4 10 12 14 16 9 7 4
38 36 41 43 44 16 14 20 18 19 19 4 2 12 10 16 14 9 7 4
38 39 44 44 44 14 16 18 20 17 17 2 4 10 12 14 16 9 7 4
37 38 41 42 39 14 16 18 20 17 17 2 4 10 12 14 16 9 7 4
37 37 43 43 42 14 16 18 20 17 17 2 4 10 12 14 16 9 7 4
38 37 41 43 43 16 14 20 18 19 19 4 2 12 10 16 14 9 7 4
38 37 42 43 42 16 14 20 18 19 19 4 2 12 10 16 14 9 7 4
38 38 39 39 43 16 14 20 18 19 19 4 2 12 10 16 14 9 7 4
37 37 41 41 41 16 14 20 18 19 19 4 2 12 10 16 14 9 7 4
35 37 43 44 42 14 16 18 20 17 17 2 4 10 12 14 16 9 7 4
37 38 41 41 44 16 14 20 18 19 19 4 2 12 10 16 14 9 7 4
38 35 41 43 44 14 16 18 20 17 17 2 4 10 12 14 16 9 7 4
37 37 44 41 42 16 14 20 18 19 19 4 2 12 10 16 14 9 7 4
42 43 49 50 48 10 12 14 16 18 20 17 17 6 8 10 12 8 9 2
43 45 50 48 46 10 12 14 16 18 20 17 17 6 8 10 12 8 9 2
45 46 48 46 47 12 10 16 14 20 18 19 19 8 6 12 10 8 9 2
46 44 46 47 49 10 12 14 16 18 20 17 17 6 8 10 12 8 9 2
44 42 47 49 50 12 10 16 14 20 18 19 19 8 6 12 10 8 9 2
44 45 50 50 50 10 12 14 16 18 20 17 17 6 8 10 12 8 9 2
43 44 47 48 45 10 12 14 16 18 20 17 17 6 8 10 12 8 9 2
43 43 49 49 48 10 12 14 16 18 20 17 17 6 8 10 12 8 9 2
44 43 47 49 49 12 10 16 14 20 18 19 19 8 6 12 10 8 9 2
44 43 48 49 48 12 10 16 14 20 18 19 19 8 6 12 10 8 9 2
44 44 45 45 49 12 10 16 14 20 18 19 19 8 6 12 10 8 9 2
43 43 47 47 47 12 10 16 14 20 18 19 19 8 6 12 10 8 9 2
41 43 49 50 48 10 12 14 16 18 20 17 17 6 8 10 12 8 9 2
43 44 47 47 50 12 10 16 14 20 18 19 19 8 6 12 10 8 9 2
44 41 47 49 50 10 12 14 16 18 20 17 17 6 8 10 12 8 9 2
43 43 50 47 48 12 10 16 14 20 18 19 19 8 6 12 10 8 9 2
48 49 55 56 54 6 8 10 12 14 16 18 20 2 4 6 8 6 8 9
49 51 56 54 52 6 8 10 12 14 16 18 20 2 4 6 8 6 8 9
51 52 54 52 53 8 6 12 10 16 14 20 18 4 2 8 6 6 8 9
52 50 52 53 55 6 8 10 12 14 16 18 20 2 4 6 8 6 8 9
50 48 53 55 56 8 6 12 10 16 14 20 18 4 2 8 6 6 8 9
50 51 56 56 56 6 8 10 12 14 16 18 20 2 4 6 8 6 8 9
49 50 53 54 51 6 8 10 12 14 16 18 20 2 4 6 8 6 8 9
49 49 55 55 54 6 8 10 12 14 16 18 20 2 4 6 8 6 8 9
50 49 53 55 55 8 6 12 10 16 14 20 18 4 2 8 6 6 8 9
50 49 54 55 54 8 6 12 10 16 14 20 18 4 2 8 6 6 8 9
50 50 51 51 55 8 6 12 10 16 14 20 18 4 2 8 6 6 8 9
49 49 53 53 53 8 6 12 10 16 14 20 18 4 2 8 6 6 8 9
47 49 55 56 54 6 8 10 12 14 16 18 20 2 4 6 8 6 8 9
49 50 53 53 56 8 6 12 10 16 14 20 18 4 2 8 6 6 8 9
50 47 53 55 56 6 8 10 12 14 16 18 20 2 4 6 8 6 8 9
49 49 56 53 54 8 6 12 10 16 14 20 18 4 2 8 6 6 8 9
54 55 61 62 60 2 4 6 8 10 12 14 16 18 20 18 20 10 10 10
55 57 62 60 58 2 4 6 8 10 12 14 16 18 20 18 20 10 10 10
57 58 60 58 59 4 2 8 6 12 10 16 14 20 18 20 18 10 10 10
58 56 58 59 61 2 4 6 8 10 12 14 16 18 20 18 20 10 10 10
56 54 59 61 62 4 2 8 6 12 10 16 14 20 18 20 18 10 10 10
56 57 62 62 62 2 4 6 8 10 12 14 16 18 20 18 20 10 10 10
55 56 59 60 57 2 4 6 8 10 12 14 16 18 20 18 20 10 10 10
55 55 61 61 60 2 4 6 8 10 12 14 16 18 20 18 20 10 10 10
56 55 59 61 61 4 2 8 6 12 10 16 14 20 18 20 18 10 10 10
56 55 60 61 60 4 2 8 6 12 10 16 14 20 18 20 18 10 10 10
56 56 57 57 61 4 2 8 6 12 10 16 14 20 18 20 18 10 10 10
55 55 59 59 59 4 2 8 6 12 10 16 14 20 18 20 18 10 10 10
53 55 61 62 60 2 4 6 8 10 12 14 16 18 20 18 20 10 10 10
55 56 59 59 62 4 2 8 6 12 10 16 14 20 18 20 18 10 10 10
56 53 59 61 62 2 4 6 8 10 12 14 16 18 20 18 20 10 10 10
55 55 62 59 60 4 2 8 6 12 10 16 14 20 18 20 18 10 10 10

SIZE: 123 x 20
METHOD: Six-block row decomposition construction (Theorem 21 and Appendix A.3), with t=10 five-column inputs of row sizes 6,6,6,9,16,16,16,16,16,16, and 15 added columns from factorized input pairs. The total added-column weight is 54.
MATRIX:
2 3 5 6 4 3 3 3 3 3 3 3 3 3 3 3 3 1 1 1
3 5 6 4 2 1 1 1 1 1 1 1 1 1 1 1 1 1 1 1
5 6 4 2 3 3 3 3 3 3 3 3 3 3 3 3 3 1 1 1
6 4 2 3 5 1 1 1 1 1 1 1 1 1 1 1 1 1 1 1
4 2 3 5 6 3 3 3 3 3 3 3 3 3 3 3 3 1 1 1
1 1 1 1 1 1 1 1 1 1 1 1 1 1 1 1 1 1 1 1
8 9 11 12 10 7 7 7 7 7 7 7 7 7 7 4 2 3 3 3
9 11 12 10 8 5 5 5 5 5 5 5 5 5 5 2 4 3 3 3
11 12 10 8 9 7 7 7 7 7 7 7 7 7 7 4 2 3 3 3
12 10 8 9 11 5 5 5 5 5 5 5 5 5 5 2 4 3 3 3
10 8 9 11 12 7 7 7 7 7 7 7 7 7 7 4 2 3 3 3
7 7 7 7 7 5 5 5 5 5 5 5 5 5 5 2 4 3 3 3
14 15 17 18 16 11 11 4 2 11 11 11 11 11 11 7 7 4 5 5
15 17 18 16 14 9 9 2 4 9 9 9 9 9 9 5 5 4 5 5
17 18 16 14 15 11 11 4 2 11 11 11 11 11 11 7 7 4 5 5
18 16 14 15 17 9 9 2 4 9 9 9 9 9 9 5 5 4 5 5
16 14 15 17 18 11 11 4 2 11 11 11 11 11 11 7 7 4 5 5
13 13 13 13 13 9 9 2 4 9 9 9 9 9 9 5 5 4 5 5
20 21 23 24 22 13 13 9 9 6 8 13 13 13 13 9 9 2 6 7
21 23 24 22 20 15 15 11 11 8 6 15 15 15 15 11 11 2 6 7
23 24 22 20 21 13 13 9 9 6 8 13 13 13 13 9 9 2 6 7
24 22 20 21 23 13 13 9 9 6 8 13 13 13 13 9 9 2 6 7
22 20 21 23 24 15 15 11 11 8 6 15 15 15 15 11 11 2 6 7
24 19 19 23 19 15 15 11 11 8 6 15 15 15 15 11 11 2 6 7
19 21 21 24 19 15 15 11 11 8 6 15 15 15 15 11 11 2 6 7
22 22 21 24 24 13 13 9 9 6 8 13 13 13 13 9 9 2 6 7
23 22 23 19 23 13 13 9 9 6 8 13 13 13 13 9 9 2 6 7
26 27 29 30 28 17 17 13 13 2 4 10 12 17 17 13 13 5 4 8
27 29 30 28 26 17 17 13 13 2 4 10 12 17 17 13 13 5 4 8
29 30 28 26 27 19 19 15 15 4 2 12 10 19 19 15 15 5 4 8
30 28 26 27 29 17 17 13 13 2 4 10 12 17 17 13 13 5 4 8
28 26 27 29 30 19 19 15 15 4 2 12 10 19 19 15 15 5 4 8
28 29 30 30 30 17 17 13 13 2 4 10 12 17 17 13 13 5 4 8
27 28 27 28 25 17 17 13 13 2 4 10 12 17 17 13 13 5 4 8
27 27 29 29 28 17 17 13 13 2 4 10 12 17 17 13 13 5 4 8
28 27 27 29 29 19 19 15 15 4 2 12 10 19 19 15 15 5 4 8
28 27 28 29 28 19 19 15 15 4 2 12 10 19 19 15 15 5 4 8
28 28 25 25 29 19 19 15 15 4 2 12 10 19 19 15 15 5 4 8
27 27 27 27 27 19 19 15 15 4 2 12 10 19 19 15 15 5 4 8
25 27 29 30 28 17 17 13 13 2 4 10 12 17 17 13 13 5 4 8
27 28 27 27 30 19 19 15 15 4 2 12 10 19 19 15 15 5 4 8
28 25 27 29 30 17 17 13 13 2 4 10 12 17 17 13 13 5 4 8
27 27 30 27 28 19 19 15 15 4 2 12 10 19 19 15 15 5 4 8
32 33 35 36 34 18 20 17 17 13 13 6 8 14 16 17 17 7 2 6
33 35 36 34 32 18 20 17 17 13 13 6 8 14 16 17 17 7 2 6
35 36 34 32 33 20 18 19 19 15 15 8 6 16 14 19 19 7 2 6
36 34 32 33 35 18 20 17 17 13 13 6 8 14 16 17 17 7 2 6
34 32 33 35 36 20 18 19 19 15 15 8 6 16 14 19 19 7 2 6
34 35 36 36 36 18 20 17 17 13 13 6 8 14 16 17 17 7 2 6
33 34 33 34 31 18 20 17 17 13 13 6 8 14 16 17 17 7 2 6
33 33 35 35 34 18 20 17 17 13 13 6 8 14 16 17 17 7 2 6
34 33 33 35 35 20 18 19 19 15 15 8 6 16 14 19 19 7 2 6
34 33 34 35 34 20 18 19 19 15 15 8 6 16 14 19 19 7 2 6
34 34 31 31 35 20 18 19 19 15 15 8 6 16 14 19 19 7 2 6
33 33 33 33 33 20 18 19 19 15 15 8 6 16 14 19 19 7 2 6
31 33 35 36 34 18 20 17 17 13 13 6 8 14 16 17 17 7 2 6
33 34 33 33 36 20 18 19 19 15 15 8 6 16 14 19 19 7 2 6
34 31 33 35 36 18 20 17 17 13 13 6 8 14 16 17 17 7 2 6
33 33 36 33 34 20 18 19 19 15 15 8 6 16 14 19 19 7 2 6
38 39 41 42 40 14 16 18 20 17 17 2 4 10 12 14 16 9 7 4
39 41 42 40 38 14 16 18 20 17 17 2 4 10 12 14 16 9 7 4
41 42 40 38 39 16 14 20 18 19 19 4 2 12 10 16 14 9 7 4
42 40 38 39 41 14 16 18 20 17 17 2 4 10 12 14 16 9 7 4
40 38 39 41 42 16 14 20 18 19 19 4 2 12 10 16 14 9 7 4
40 41 42 42 42 14 16 18 20 17 17 2 4 10 12 14 16 9 7 4
39 40 39 40 37 14 16 18 20 17 17 2 4 10 12 14 16 9 7 4
39 39 41 41 40 14 16 18 20 17 17 2 4 10 12 14 16 9 7 4
40 39 39 41 41 16 14 20 18 19 19 4 2 12 10 16 14 9 7 4
40 39 40 41 40 16 14 20 18 19 19 4 2 12 10 16 14 9 7 4
40 40 37 37 41 16 14 20 18 19 19 4 2 12 10 16 14 9 7 4
39 39 39 39 39 16 14 20 18 19 19 4 2 12 10 16 14 9 7 4
37 39 41 42 40 14 16 18 20 17 17 2 4 10 12 14 16 9 7 4
39 40 39 39 42 16 14 20 18 19 19 4 2 12 10 16 14 9 7 4
40 37 39 41 42 14 16 18 20 17 17 2 4 10 12 14 16 9 7 4
39 39 42 39 40 16 14 20 18 19 19 4 2 12 10 16 14 9 7 4
44 45 47 48 46 10 12 14 16 18 20 17 17 6 8 10 12 8 9 2
45 47 48 46 44 10 12 14 16 18 20 17 17 6 8 10 12 8 9 2
47 48 46 44 45 12 10 16 14 20 18 19 19 8 6 12 10 8 9 2
48 46 44 45 47 10 12 14 16 18 20 17 17 6 8 10 12 8 9 2
46 44 45 47 48 12 10 16 14 20 18 19 19 8 6 12 10 8 9 2
46 47 48 48 48 10 12 14 16 18 20 17 17 6 8 10 12 8 9 2
45 46 45 46 43 10 12 14 16 18 20 17 17 6 8 10 12 8 9 2
45 45 47 47 46 10 12 14 16 18 20 17 17 6 8 10 12 8 9 2
46 45 45 47 47 12 10 16 14 20 18 19 19 8 6 12 10 8 9 2
46 45 46 47 46 12 10 16 14 20 18 19 19 8 6 12 10 8 9 2
46 46 43 43 47 12 10 16 14 20 18 19 19 8 6 12 10 8 9 2
45 45 45 45 45 12 10 16 14 20 18 19 19 8 6 12 10 8 9 2
43 45 47 48 46 10 12 14 16 18 20 17 17 6 8 10 12 8 9 2
45 46 45 45 48 12 10 16 14 20 18 19 19 8 6 12 10 8 9 2
46 43 45 47 48 10 12 14 16 18 20 17 17 6 8 10 12 8 9 2
45 45 48 45 46 12 10 16 14 20 18 19 19 8 6 12 10 8 9 2
50 51 53 54 52 6 8 10 12 14 16 18 20 2 4 6 8 6 8 9
51 53 54 52 50 6 8 10 12 14 16 18 20 2 4 6 8 6 8 9
53 54 52 50 51 8 6 12 10 16 14 20 18 4 2 8 6 6 8 9
54 52 50 51 53 6 8 10 12 14 16 18 20 2 4 6 8 6 8 9
52 50 51 53 54 8 6 12 10 16 14 20 18 4 2 8 6 6 8 9
52 53 54 54 54 6 8 10 12 14 16 18 20 2 4 6 8 6 8 9
51 52 51 52 49 6 8 10 12 14 16 18 20 2 4 6 8 6 8 9
51 51 53 53 52 6 8 10 12 14 16 18 20 2 4 6 8 6 8 9
52 51 51 53 53 8 6 12 10 16 14 20 18 4 2 8 6 6 8 9
52 51 52 53 52 8 6 12 10 16 14 20 18 4 2 8 6 6 8 9
52 52 49 49 53 8 6 12 10 16 14 20 18 4 2 8 6 6 8 9
51 51 51 51 51 8 6 12 10 16 14 20 18 4 2 8 6 6 8 9
49 51 53 54 52 6 8 10 12 14 16 18 20 2 4 6 8 6 8 9
51 52 51 51 54 8 6 12 10 16 14 20 18 4 2 8 6 6 8 9
52 49 51 53 54 6 8 10 12 14 16 18 20 2 4 6 8 6 8 9
51 51 54 51 52 8 6 12 10 16 14 20 18 4 2 8 6 6 8 9
56 57 59 60 58 2 4 6 8 10 12 14 16 18 20 18 20 10 10 10
57 59 60 58 56 2 4 6 8 10 12 14 16 18 20 18 20 10 10 10
59 60 58 56 57 4 2 8 6 12 10 16 14 20 18 20 18 10 10 10
60 58 56 57 59 2 4 6 8 10 12 14 16 18 20 18 20 10 10 10
58 56 57 59 60 4 2 8 6 12 10 16 14 20 18 20 18 10 10 10
58 59 60 60 60 2 4 6 8 10 12 14 16 18 20 18 20 10 10 10
57 58 57 58 55 2 4 6 8 10 12 14 16 18 20 18 20 10 10 10
57 57 59 59 58 2 4 6 8 10 12 14 16 18 20 18 20 10 10 10
58 57 57 59 59 4 2 8 6 12 10 16 14 20 18 20 18 10 10 10
58 57 58 59 58 4 2 8 6 12 10 16 14 20 18 20 18 10 10 10
58 58 55 55 59 4 2 8 6 12 10 16 14 20 18 20 18 10 10 10
57 57 57 57 57 4 2 8 6 12 10 16 14 20 18 20 18 10 10 10
55 57 59 60 58 2 4 6 8 10 12 14 16 18 20 18 20 10 10 10
57 58 57 57 60 4 2 8 6 12 10 16 14 20 18 20 18 10 10 10
58 55 57 59 60 2 4 6 8 10 12 14 16 18 20 18 20 10 10 10
57 57 60 57 58 4 2 8 6 12 10 16 14 20 18 20 18 10 10 10

SIZE: 124 x 20
METHOD: Six-block row decomposition construction (Theorem 21 and Appendix A.3), with t=10 five-column inputs of row sizes 6,6,6,10,16,16,16,16,16,16, and 15 added columns from factorized input pairs. The total added-column weight is 54.
MATRIX:
2 3 5 6 4 3 3 3 3 3 3 3 3 3 3 3 3 1 1 1
3 5 6 4 2 1 1 1 1 1 1 1 1 1 1 1 1 1 1 1
5 6 4 2 3 3 3 3 3 3 3 3 3 3 3 3 3 1 1 1
6 4 2 3 5 1 1 1 1 1 1 1 1 1 1 1 1 1 1 1
4 2 3 5 6 3 3 3 3 3 3 3 3 3 3 3 3 1 1 1
1 1 1 1 1 1 1 1 1 1 1 1 1 1 1 1 1 1 1 1
8 9 11 12 10 7 7 7 7 7 7 7 7 7 7 4 2 3 3 3
9 11 12 10 8 5 5 5 5 5 5 5 5 5 5 2 4 3 3 3
11 12 10 8 9 7 7 7 7 7 7 7 7 7 7 4 2 3 3 3
12 10 8 9 11 5 5 5 5 5 5 5 5 5 5 2 4 3 3 3
10 8 9 11 12 7 7 7 7 7 7 7 7 7 7 4 2 3 3 3
7 7 7 7 7 5 5 5 5 5 5 5 5 5 5 2 4 3 3 3
14 15 17 18 16 11 11 4 2 11 11 11 11 11 11 7 7 4 5 5
15 17 18 16 14 9 9 2 4 9 9 9 9 9 9 5 5 4 5 5
17 18 16 14 15 11 11 4 2 11 11 11 11 11 11 7 7 4 5 5
18 16 14 15 17 9 9 2 4 9 9 9 9 9 9 5 5 4 5 5
16 14 15 17 18 11 11 4 2 11 11 11 11 11 11 7 7 4 5 5
13 13 13 13 13 9 9 2 4 9 9 9 9 9 9 5 5 4 5 5
20 21 23 24 22 13 13 9 9 6 8 13 13 13 13 9 9 2 6 7
21 23 24 22 20 15 15 11 11 8 6 15 15 15 15 11 11 2 6 7
23 24 22 20 21 13 13 9 9 6 8 13 13 13 13 9 9 2 6 7
24 22 20 21 23 13 13 9 9 6 8 13 13 13 13 9 9 2 6 7
22 20 21 23 24 15 15 11 11 8 6 15 15 15 15 11 11 2 6 7
23 24 24 19 23 15 15 11 11 8 6 15 15 15 15 11 11 2 6 7
24 19 24 22 19 13 13 9 9 6 8 13 13 13 13 9 9 2 6 7
24 19 19 21 21 13 13 9 9 6 8 13 13 13 13 9 9 2 6 7
23 23 24 24 19 15 15 11 11 8 6 15 15 15 15 11 11 2 6 7
19 23 23 22 23 15 15 11 11 8 6 15 15 15 15 11 11 2 6 7
26 27 29 30 28 17 17 13 13 2 4 10 12 17 17 13 13 5 4 8
27 29 30 28 26 17 17 13 13 2 4 10 12 17 17 13 13 5 4 8
29 30 28 26 27 19 19 15 15 4 2 12 10 19 19 15 15 5 4 8
30 28 26 27 29 17 17 13 13 2 4 10 12 17 17 13 13 5 4 8
28 26 27 29 30 19 19 15 15 4 2 12 10 19 19 15 15 5 4 8
28 29 30 30 30 17 17 13 13 2 4 10 12 17 17 13 13 5 4 8
27 28 27 28 25 17 17 13 13 2 4 10 12 17 17 13 13 5 4 8
27 27 29 29 28 17 17 13 13 2 4 10 12 17 17 13 13 5 4 8
28 27 27 29 29 19 19 15 15 4 2 12 10 19 19 15 15 5 4 8
28 27 28 29 28 19 19 15 15 4 2 12 10 19 19 15 15 5 4 8
28 28 25 25 29 19 19 15 15 4 2 12 10 19 19 15 15 5 4 8
27 27 27 27 27 19 19 15 15 4 2 12 10 19 19 15 15 5 4 8
25 27 29 30 28 17 17 13 13 2 4 10 12 17 17 13 13 5 4 8
27 28 27 27 30 19 19 15 15 4 2 12 10 19 19 15 15 5 4 8
28 25 27 29 30 17 17 13 13 2 4 10 12 17 17 13 13 5 4 8
27 27 30 27 28 19 19 15 15 4 2 12 10 19 19 15 15 5 4 8
32 33 35 36 34 18 20 17 17 13 13 6 8 14 16 17 17 7 2 6
33 35 36 34 32 18 20 17 17 13 13 6 8 14 16 17 17 7 2 6
35 36 34 32 33 20 18 19 19 15 15 8 6 16 14 19 19 7 2 6
36 34 32 33 35 18 20 17 17 13 13 6 8 14 16 17 17 7 2 6
34 32 33 35 36 20 18 19 19 15 15 8 6 16 14 19 19 7 2 6
34 35 36 36 36 18 20 17 17 13 13 6 8 14 16 17 17 7 2 6
33 34 33 34 31 18 20 17 17 13 13 6 8 14 16 17 17 7 2 6
33 33 35 35 34 18 20 17 17 13 13 6 8 14 16 17 17 7 2 6
34 33 33 35 35 20 18 19 19 15 15 8 6 16 14 19 19 7 2 6
34 33 34 35 34 20 18 19 19 15 15 8 6 16 14 19 19 7 2 6
34 34 31 31 35 20 18 19 19 15 15 8 6 16 14 19 19 7 2 6
33 33 33 33 33 20 18 19 19 15 15 8 6 16 14 19 19 7 2 6
31 33 35 36 34 18 20 17 17 13 13 6 8 14 16 17 17 7 2 6
33 34 33 33 36 20 18 19 19 15 15 8 6 16 14 19 19 7 2 6
34 31 33 35 36 18 20 17 17 13 13 6 8 14 16 17 17 7 2 6
33 33 36 33 34 20 18 19 19 15 15 8 6 16 14 19 19 7 2 6
38 39 41 42 40 14 16 18 20 17 17 2 4 10 12 14 16 9 7 4
39 41 42 40 38 14 16 18 20 17 17 2 4 10 12 14 16 9 7 4
41 42 40 38 39 16 14 20 18 19 19 4 2 12 10 16 14 9 7 4
42 40 38 39 41 14 16 18 20 17 17 2 4 10 12 14 16 9 7 4
40 38 39 41 42 16 14 20 18 19 19 4 2 12 10 16 14 9 7 4
40 41 42 42 42 14 16 18 20 17 17 2 4 10 12 14 16 9 7 4
39 40 39 40 37 14 16 18 20 17 17 2 4 10 12 14 16 9 7 4
39 39 41 41 40 14 16 18 20 17 17 2 4 10 12 14 16 9 7 4
40 39 39 41 41 16 14 20 18 19 19 4 2 12 10 16 14 9 7 4
40 39 40 41 40 16 14 20 18 19 19 4 2 12 10 16 14 9 7 4
40 40 37 37 41 16 14 20 18 19 19 4 2 12 10 16 14 9 7 4
39 39 39 39 39 16 14 20 18 19 19 4 2 12 10 16 14 9 7 4
37 39 41 42 40 14 16 18 20 17 17 2 4 10 12 14 16 9 7 4
39 40 39 39 42 16 14 20 18 19 19 4 2 12 10 16 14 9 7 4
40 37 39 41 42 14 16 18 20 17 17 2 4 10 12 14 16 9 7 4
39 39 42 39 40 16 14 20 18 19 19 4 2 12 10 16 14 9 7 4
44 45 47 48 46 10 12 14 16 18 20 17 17 6 8 10 12 8 9 2
45 47 48 46 44 10 12 14 16 18 20 17 17 6 8 10 12 8 9 2
47 48 46 44 45 12 10 16 14 20 18 19 19 8 6 12 10 8 9 2
48 46 44 45 47 10 12 14 16 18 20 17 17 6 8 10 12 8 9 2
46 44 45 47 48 12 10 16 14 20 18 19 19 8 6 12 10 8 9 2
46 47 48 48 48 10 12 14 16 18 20 17 17 6 8 10 12 8 9 2
45 46 45 46 43 10 12 14 16 18 20 17 17 6 8 10 12 8 9 2
45 45 47 47 46 10 12 14 16 18 20 17 17 6 8 10 12 8 9 2
46 45 45 47 47 12 10 16 14 20 18 19 19 8 6 12 10 8 9 2
46 45 46 47 46 12 10 16 14 20 18 19 19 8 6 12 10 8 9 2
46 46 43 43 47 12 10 16 14 20 18 19 19 8 6 12 10 8 9 2
45 45 45 45 45 12 10 16 14 20 18 19 19 8 6 12 10 8 9 2
43 45 47 48 46 10 12 14 16 18 20 17 17 6 8 10 12 8 9 2
45 46 45 45 48 12 10 16 14 20 18 19 19 8 6 12 10 8 9 2
46 43 45 47 48 10 12 14 16 18 20 17 17 6 8 10 12 8 9 2
45 45 48 45 46 12 10 16 14 20 18 19 19 8 6 12 10 8 9 2
50 51 53 54 52 6 8 10 12 14 16 18 20 2 4 6 8 6 8 9
51 53 54 52 50 6 8 10 12 14 16 18 20 2 4 6 8 6 8 9
53 54 52 50 51 8 6 12 10 16 14 20 18 4 2 8 6 6 8 9
54 52 50 51 53 6 8 10 12 14 16 18 20 2 4 6 8 6 8 9
52 50 51 53 54 8 6 12 10 16 14 20 18 4 2 8 6 6 8 9
52 53 54 54 54 6 8 10 12 14 16 18 20 2 4 6 8 6 8 9
51 52 51 52 49 6 8 10 12 14 16 18 20 2 4 6 8 6 8 9
51 51 53 53 52 6 8 10 12 14 16 18 20 2 4 6 8 6 8 9
52 51 51 53 53 8 6 12 10 16 14 20 18 4 2 8 6 6 8 9
52 51 52 53 52 8 6 12 10 16 14 20 18 4 2 8 6 6 8 9
52 52 49 49 53 8 6 12 10 16 14 20 18 4 2 8 6 6 8 9
51 51 51 51 51 8 6 12 10 16 14 20 18 4 2 8 6 6 8 9
49 51 53 54 52 6 8 10 12 14 16 18 20 2 4 6 8 6 8 9
51 52 51 51 54 8 6 12 10 16 14 20 18 4 2 8 6 6 8 9
52 49 51 53 54 6 8 10 12 14 16 18 20 2 4 6 8 6 8 9
51 51 54 51 52 8 6 12 10 16 14 20 18 4 2 8 6 6 8 9
56 57 59 60 58 2 4 6 8 10 12 14 16 18 20 18 20 10 10 10
57 59 60 58 56 2 4 6 8 10 12 14 16 18 20 18 20 10 10 10
59 60 58 56 57 4 2 8 6 12 10 16 14 20 18 20 18 10 10 10
60 58 56 57 59 2 4 6 8 10 12 14 16 18 20 18 20 10 10 10
58 56 57 59 60 4 2 8 6 12 10 16 14 20 18 20 18 10 10 10
58 59 60 60 60 2 4 6 8 10 12 14 16 18 20 18 20 10 10 10
57 58 57 58 55 2 4 6 8 10 12 14 16 18 20 18 20 10 10 10
57 57 59 59 58 2 4 6 8 10 12 14 16 18 20 18 20 10 10 10
58 57 57 59 59 4 2 8 6 12 10 16 14 20 18 20 18 10 10 10
58 57 58 59 58 4 2 8 6 12 10 16 14 20 18 20 18 10 10 10
58 58 55 55 59 4 2 8 6 12 10 16 14 20 18 20 18 10 10 10
57 57 57 57 57 4 2 8 6 12 10 16 14 20 18 20 18 10 10 10
55 57 59 60 58 2 4 6 8 10 12 14 16 18 20 18 20 10 10 10
57 58 57 57 60 4 2 8 6 12 10 16 14 20 18 20 18 10 10 10
58 55 57 59 60 2 4 6 8 10 12 14 16 18 20 18 20 10 10 10
57 57 60 57 58 4 2 8 6 12 10 16 14 20 18 20 18 10 10 10

SIZE: 125 x 20
METHOD: Six-block row decomposition construction (Theorem 21 and Appendix A.3), with t=10 five-column inputs of row sizes 6,6,6,11,16,16,16,16,16,16, and 15 added columns from factorized input pairs. The total added-column weight is 54.
MATRIX:
2 3 5 6 4 3 3 3 3 3 3 3 3 3 3 3 3 1 1 1
3 5 6 4 2 1 1 1 1 1 1 1 1 1 1 1 1 1 1 1
5 6 4 2 3 3 3 3 3 3 3 3 3 3 3 3 3 1 1 1
6 4 2 3 5 1 1 1 1 1 1 1 1 1 1 1 1 1 1 1
4 2 3 5 6 3 3 3 3 3 3 3 3 3 3 3 3 1 1 1
1 1 1 1 1 1 1 1 1 1 1 1 1 1 1 1 1 1 1 1
8 9 11 12 10 7 7 7 7 7 7 7 7 7 7 4 2 3 3 3
9 11 12 10 8 5 5 5 5 5 5 5 5 5 5 2 4 3 3 3
11 12 10 8 9 7 7 7 7 7 7 7 7 7 7 4 2 3 3 3
12 10 8 9 11 5 5 5 5 5 5 5 5 5 5 2 4 3 3 3
10 8 9 11 12 7 7 7 7 7 7 7 7 7 7 4 2 3 3 3
7 7 7 7 7 5 5 5 5 5 5 5 5 5 5 2 4 3 3 3
14 15 17 18 16 11 11 4 2 11 11 11 11 11 11 7 7 4 5 5
15 17 18 16 14 9 9 2 4 9 9 9 9 9 9 5 5 4 5 5
17 18 16 14 15 11 11 4 2 11 11 11 11 11 11 7 7 4 5 5
18 16 14 15 17 9 9 2 4 9 9 9 9 9 9 5 5 4 5 5
16 14 15 17 18 11 11 4 2 11 11 11 11 11 11 7 7 4 5 5
13 13 13 13 13 9 9 2 4 9 9 9 9 9 9 5 5 4 5 5
20 21 23 24 22 13 13 9 9 6 8 13 13 13 13 9 9 2 6 7
21 23 24 22 20 13 13 9 9 6 8 13 13 13 13 9 9 2 6 7
23 24 22 20 21 15 15 11 11 8 6 15 15 15 15 11 11 2 6 7
24 22 20 21 23 13 13 9 9 6 8 13 13 13 13 9 9 2 6 7
22 20 21 23 24 13 13 9 9 6 8 13 13 13 13 9 9 2 6 7
22 19 24 22 22 13 13 9 9 6 8 13 13 13 13 9 9 2 6 7
21 22 19 19 19 15 15 11 11 8 6 15 15 15 15 11 11 2 6 7
22 21 21 24 21 13 13 9 9 6 8 13 13 13 13 9 9 2 6 7
22 21 22 19 21 15 15 11 11 8 6 15 15 15 15 11 11 2 6 7
21 21 21 23 19 15 15 11 11 8 6 15 15 15 15 11 11 2 6 7
19 21 23 24 22 15 15 11 11 8 6 15 15 15 15 11 11 2 6 7
26 27 29 30 28 17 17 13 13 2 4 10 12 17 17 13 13 5 4 8
27 29 30 28 26 17 17 13 13 2 4 10 12 17 17 13 13 5 4 8
29 30 28 26 27 19 19 15 15 4 2 12 10 19 19 15 15 5 4 8
30 28 26 27 29 17 17 13 13 2 4 10 12 17 17 13 13 5 4 8
28 26 27 29 30 19 19 15 15 4 2 12 10 19 19 15 15 5 4 8
28 29 30 30 30 17 17 13 13 2 4 10 12 17 17 13 13 5 4 8
27 28 27 28 25 17 17 13 13 2 4 10 12 17 17 13 13 5 4 8
27 27 29 29 28 17 17 13 13 2 4 10 12 17 17 13 13 5 4 8
28 27 27 29 29 19 19 15 15 4 2 12 10 19 19 15 15 5 4 8
28 27 28 29 28 19 19 15 15 4 2 12 10 19 19 15 15 5 4 8
28 28 25 25 29 19 19 15 15 4 2 12 10 19 19 15 15 5 4 8
27 27 27 27 27 19 19 15 15 4 2 12 10 19 19 15 15 5 4 8
25 27 29 30 28 17 17 13 13 2 4 10 12 17 17 13 13 5 4 8
27 28 27 27 30 19 19 15 15 4 2 12 10 19 19 15 15 5 4 8
28 25 27 29 30 17 17 13 13 2 4 10 12 17 17 13 13 5 4 8
27 27 30 27 28 19 19 15 15 4 2 12 10 19 19 15 15 5 4 8
32 33 35 36 34 18 20 17 17 13 13 6 8 14 16 17 17 7 2 6
33 35 36 34 32 18 20 17 17 13 13 6 8 14 16 17 17 7 2 6
35 36 34 32 33 20 18 19 19 15 15 8 6 16 14 19 19 7 2 6
36 34 32 33 35 18 20 17 17 13 13 6 8 14 16 17 17 7 2 6
34 32 33 35 36 20 18 19 19 15 15 8 6 16 14 19 19 7 2 6
34 35 36 36 36 18 20 17 17 13 13 6 8 14 16 17 17 7 2 6
33 34 33 34 31 18 20 17 17 13 13 6 8 14 16 17 17 7 2 6
33 33 35 35 34 18 20 17 17 13 13 6 8 14 16 17 17 7 2 6
34 33 33 35 35 20 18 19 19 15 15 8 6 16 14 19 19 7 2 6
34 33 34 35 34 20 18 19 19 15 15 8 6 16 14 19 19 7 2 6
34 34 31 31 35 20 18 19 19 15 15 8 6 16 14 19 19 7 2 6
33 33 33 33 33 20 18 19 19 15 15 8 6 16 14 19 19 7 2 6
31 33 35 36 34 18 20 17 17 13 13 6 8 14 16 17 17 7 2 6
33 34 33 33 36 20 18 19 19 15 15 8 6 16 14 19 19 7 2 6
34 31 33 35 36 18 20 17 17 13 13 6 8 14 16 17 17 7 2 6
33 33 36 33 34 20 18 19 19 15 15 8 6 16 14 19 19 7 2 6
38 39 41 42 40 14 16 18 20 17 17 2 4 10 12 14 16 9 7 4
39 41 42 40 38 14 16 18 20 17 17 2 4 10 12 14 16 9 7 4
41 42 40 38 39 16 14 20 18 19 19 4 2 12 10 16 14 9 7 4
42 40 38 39 41 14 16 18 20 17 17 2 4 10 12 14 16 9 7 4
40 38 39 41 42 16 14 20 18 19 19 4 2 12 10 16 14 9 7 4
40 41 42 42 42 14 16 18 20 17 17 2 4 10 12 14 16 9 7 4
39 40 39 40 37 14 16 18 20 17 17 2 4 10 12 14 16 9 7 4
39 39 41 41 40 14 16 18 20 17 17 2 4 10 12 14 16 9 7 4
40 39 39 41 41 16 14 20 18 19 19 4 2 12 10 16 14 9 7 4
40 39 40 41 40 16 14 20 18 19 19 4 2 12 10 16 14 9 7 4
40 40 37 37 41 16 14 20 18 19 19 4 2 12 10 16 14 9 7 4
39 39 39 39 39 16 14 20 18 19 19 4 2 12 10 16 14 9 7 4
37 39 41 42 40 14 16 18 20 17 17 2 4 10 12 14 16 9 7 4
39 40 39 39 42 16 14 20 18 19 19 4 2 12 10 16 14 9 7 4
40 37 39 41 42 14 16 18 20 17 17 2 4 10 12 14 16 9 7 4
39 39 42 39 40 16 14 20 18 19 19 4 2 12 10 16 14 9 7 4
44 45 47 48 46 10 12 14 16 18 20 17 17 6 8 10 12 8 9 2
45 47 48 46 44 10 12 14 16 18 20 17 17 6 8 10 12 8 9 2
47 48 46 44 45 12 10 16 14 20 18 19 19 8 6 12 10 8 9 2
48 46 44 45 47 10 12 14 16 18 20 17 17 6 8 10 12 8 9 2
46 44 45 47 48 12 10 16 14 20 18 19 19 8 6 12 10 8 9 2
46 47 48 48 48 10 12 14 16 18 20 17 17 6 8 10 12 8 9 2
45 46 45 46 43 10 12 14 16 18 20 17 17 6 8 10 12 8 9 2
45 45 47 47 46 10 12 14 16 18 20 17 17 6 8 10 12 8 9 2
46 45 45 47 47 12 10 16 14 20 18 19 19 8 6 12 10 8 9 2
46 45 46 47 46 12 10 16 14 20 18 19 19 8 6 12 10 8 9 2
46 46 43 43 47 12 10 16 14 20 18 19 19 8 6 12 10 8 9 2
45 45 45 45 45 12 10 16 14 20 18 19 19 8 6 12 10 8 9 2
43 45 47 48 46 10 12 14 16 18 20 17 17 6 8 10 12 8 9 2
45 46 45 45 48 12 10 16 14 20 18 19 19 8 6 12 10 8 9 2
46 43 45 47 48 10 12 14 16 18 20 17 17 6 8 10 12 8 9 2
45 45 48 45 46 12 10 16 14 20 18 19 19 8 6 12 10 8 9 2
50 51 53 54 52 6 8 10 12 14 16 18 20 2 4 6 8 6 8 9
51 53 54 52 50 6 8 10 12 14 16 18 20 2 4 6 8 6 8 9
53 54 52 50 51 8 6 12 10 16 14 20 18 4 2 8 6 6 8 9
54 52 50 51 53 6 8 10 12 14 16 18 20 2 4 6 8 6 8 9
52 50 51 53 54 8 6 12 10 16 14 20 18 4 2 8 6 6 8 9
52 53 54 54 54 6 8 10 12 14 16 18 20 2 4 6 8 6 8 9
51 52 51 52 49 6 8 10 12 14 16 18 20 2 4 6 8 6 8 9
51 51 53 53 52 6 8 10 12 14 16 18 20 2 4 6 8 6 8 9
52 51 51 53 53 8 6 12 10 16 14 20 18 4 2 8 6 6 8 9
52 51 52 53 52 8 6 12 10 16 14 20 18 4 2 8 6 6 8 9
52 52 49 49 53 8 6 12 10 16 14 20 18 4 2 8 6 6 8 9
51 51 51 51 51 8 6 12 10 16 14 20 18 4 2 8 6 6 8 9
49 51 53 54 52 6 8 10 12 14 16 18 20 2 4 6 8 6 8 9
51 52 51 51 54 8 6 12 10 16 14 20 18 4 2 8 6 6 8 9
52 49 51 53 54 6 8 10 12 14 16 18 20 2 4 6 8 6 8 9
51 51 54 51 52 8 6 12 10 16 14 20 18 4 2 8 6 6 8 9
56 57 59 60 58 2 4 6 8 10 12 14 16 18 20 18 20 10 10 10
57 59 60 58 56 2 4 6 8 10 12 14 16 18 20 18 20 10 10 10
59 60 58 56 57 4 2 8 6 12 10 16 14 20 18 20 18 10 10 10
60 58 56 57 59 2 4 6 8 10 12 14 16 18 20 18 20 10 10 10
58 56 57 59 60 4 2 8 6 12 10 16 14 20 18 20 18 10 10 10
58 59 60 60 60 2 4 6 8 10 12 14 16 18 20 18 20 10 10 10
57 58 57 58 55 2 4 6 8 10 12 14 16 18 20 18 20 10 10 10
57 57 59 59 58 2 4 6 8 10 12 14 16 18 20 18 20 10 10 10
58 57 57 59 59 4 2 8 6 12 10 16 14 20 18 20 18 10 10 10
58 57 58 59 58 4 2 8 6 12 10 16 14 20 18 20 18 10 10 10
58 58 55 55 59 4 2 8 6 12 10 16 14 20 18 20 18 10 10 10
57 57 57 57 57 4 2 8 6 12 10 16 14 20 18 20 18 10 10 10
55 57 59 60 58 2 4 6 8 10 12 14 16 18 20 18 20 10 10 10
57 58 57 57 60 4 2 8 6 12 10 16 14 20 18 20 18 10 10 10
58 55 57 59 60 2 4 6 8 10 12 14 16 18 20 18 20 10 10 10
57 57 60 57 58 4 2 8 6 12 10 16 14 20 18 20 18 10 10 10

SIZE: 126 x 20
METHOD: Six-block row decomposition construction (Theorem 21 and Appendix A.3), with t=10 five-column inputs of row sizes 6,6,6,12,16,16,16,16,16,16, and 15 added columns from factorized input pairs. The total added-column weight is 54.
MATRIX:
2 3 5 6 4 3 3 3 3 3 3 3 3 3 3 3 3 1 1 1
3 5 6 4 2 1 1 1 1 1 1 1 1 1 1 1 1 1 1 1
5 6 4 2 3 3 3 3 3 3 3 3 3 3 3 3 3 1 1 1
6 4 2 3 5 1 1 1 1 1 1 1 1 1 1 1 1 1 1 1
4 2 3 5 6 3 3 3 3 3 3 3 3 3 3 3 3 1 1 1
1 1 1 1 1 1 1 1 1 1 1 1 1 1 1 1 1 1 1 1
8 9 11 12 10 7 7 7 7 7 7 7 7 7 7 4 2 3 3 3
9 11 12 10 8 5 5 5 5 5 5 5 5 5 5 2 4 3 3 3
11 12 10 8 9 7 7 7 7 7 7 7 7 7 7 4 2 3 3 3
12 10 8 9 11 5 5 5 5 5 5 5 5 5 5 2 4 3 3 3
10 8 9 11 12 7 7 7 7 7 7 7 7 7 7 4 2 3 3 3
7 7 7 7 7 5 5 5 5 5 5 5 5 5 5 2 4 3 3 3
14 15 17 18 16 11 11 4 2 11 11 11 11 11 11 7 7 4 5 5
15 17 18 16 14 9 9 2 4 9 9 9 9 9 9 5 5 4 5 5
17 18 16 14 15 11 11 4 2 11 11 11 11 11 11 7 7 4 5 5
18 16 14 15 17 9 9 2 4 9 9 9 9 9 9 5 5 4 5 5
16 14 15 17 18 11 11 4 2 11 11 11 11 11 11 7 7 4 5 5
13 13 13 13 13 9 9 2 4 9 9 9 9 9 9 5 5 4 5 5
20 21 23 24 22 15 15 11 11 8 6 15 15 15 15 11 11 2 6 7
21 23 24 22 20 13 13 9 9 6 8 13 13 13 13 9 9 2 6 7
23 24 22 20 21 15 15 11 11 8 6 15 15 15 15 11 11 2 6 7
24 22 20 21 23 15 15 11 11 8 6 15 15 15 15 11 11 2 6 7
22 20 21 23 24 15 15 11 11 8 6 15 15 15 15 11 11 2 6 7
19 23 23 24 24 13 13 9 9 6 8 13 13 13 13 9 9 2 6 7
21 21 24 19 19 13 13 9 9 6 8 13 13 13 13 9 9 2 6 7
22 23 19 23 23 13 13 9 9 6 8 13 13 13 13 9 9 2 6 7
22 19 21 23 24 13 13 9 9 6 8 13 13 13 13 9 9 2 6 7
21 23 23 23 24 15 15 11 11 8 6 15 15 15 15 11 11 2 6 7
22 23 24 24 24 13 13 9 9 6 8 13 13 13 13 9 9 2 6 7
22 23 22 23 24 15 15 11 11 8 6 15 15 15 15 11 11 2 6 7
26 27 29 30 28 17 17 13 13 2 4 10 12 17 17 13 13 5 4 8
27 29 30 28 26 17 17 13 13 2 4 10 12 17 17 13 13 5 4 8
29 30 28 26 27 19 19 15 15 4 2 12 10 19 19 15 15 5 4 8
30 28 26 27 29 17 17 13 13 2 4 10 12 17 17 13 13 5 4 8
28 26 27 29 30 19 19 15 15 4 2 12 10 19 19 15 15 5 4 8
28 29 30 30 30 17 17 13 13 2 4 10 12 17 17 13 13 5 4 8
27 28 27 28 25 17 17 13 13 2 4 10 12 17 17 13 13 5 4 8
27 27 29 29 28 17 17 13 13 2 4 10 12 17 17 13 13 5 4 8
28 27 27 29 29 19 19 15 15 4 2 12 10 19 19 15 15 5 4 8
28 27 28 29 28 19 19 15 15 4 2 12 10 19 19 15 15 5 4 8
28 28 25 25 29 19 19 15 15 4 2 12 10 19 19 15 15 5 4 8
27 27 27 27 27 19 19 15 15 4 2 12 10 19 19 15 15 5 4 8
25 27 29 30 28 17 17 13 13 2 4 10 12 17 17 13 13 5 4 8
27 28 27 27 30 19 19 15 15 4 2 12 10 19 19 15 15 5 4 8
28 25 27 29 30 17 17 13 13 2 4 10 12 17 17 13 13 5 4 8
27 27 30 27 28 19 19 15 15 4 2 12 10 19 19 15 15 5 4 8
32 33 35 36 34 18 20 17 17 13 13 6 8 14 16 17 17 7 2 6
33 35 36 34 32 18 20 17 17 13 13 6 8 14 16 17 17 7 2 6
35 36 34 32 33 20 18 19 19 15 15 8 6 16 14 19 19 7 2 6
36 34 32 33 35 18 20 17 17 13 13 6 8 14 16 17 17 7 2 6
34 32 33 35 36 20 18 19 19 15 15 8 6 16 14 19 19 7 2 6
34 35 36 36 36 18 20 17 17 13 13 6 8 14 16 17 17 7 2 6
33 34 33 34 31 18 20 17 17 13 13 6 8 14 16 17 17 7 2 6
33 33 35 35 34 18 20 17 17 13 13 6 8 14 16 17 17 7 2 6
34 33 33 35 35 20 18 19 19 15 15 8 6 16 14 19 19 7 2 6
34 33 34 35 34 20 18 19 19 15 15 8 6 16 14 19 19 7 2 6
34 34 31 31 35 20 18 19 19 15 15 8 6 16 14 19 19 7 2 6
33 33 33 33 33 20 18 19 19 15 15 8 6 16 14 19 19 7 2 6
31 33 35 36 34 18 20 17 17 13 13 6 8 14 16 17 17 7 2 6
33 34 33 33 36 20 18 19 19 15 15 8 6 16 14 19 19 7 2 6
34 31 33 35 36 18 20 17 17 13 13 6 8 14 16 17 17 7 2 6
33 33 36 33 34 20 18 19 19 15 15 8 6 16 14 19 19 7 2 6
38 39 41 42 40 14 16 18 20 17 17 2 4 10 12 14 16 9 7 4
39 41 42 40 38 14 16 18 20 17 17 2 4 10 12 14 16 9 7 4
41 42 40 38 39 16 14 20 18 19 19 4 2 12 10 16 14 9 7 4
42 40 38 39 41 14 16 18 20 17 17 2 4 10 12 14 16 9 7 4
40 38 39 41 42 16 14 20 18 19 19 4 2 12 10 16 14 9 7 4
40 41 42 42 42 14 16 18 20 17 17 2 4 10 12 14 16 9 7 4
39 40 39 40 37 14 16 18 20 17 17 2 4 10 12 14 16 9 7 4
39 39 41 41 40 14 16 18 20 17 17 2 4 10 12 14 16 9 7 4
40 39 39 41 41 16 14 20 18 19 19 4 2 12 10 16 14 9 7 4
40 39 40 41 40 16 14 20 18 19 19 4 2 12 10 16 14 9 7 4
40 40 37 37 41 16 14 20 18 19 19 4 2 12 10 16 14 9 7 4
39 39 39 39 39 16 14 20 18 19 19 4 2 12 10 16 14 9 7 4
37 39 41 42 40 14 16 18 20 17 17 2 4 10 12 14 16 9 7 4
39 40 39 39 42 16 14 20 18 19 19 4 2 12 10 16 14 9 7 4
40 37 39 41 42 14 16 18 20 17 17 2 4 10 12 14 16 9 7 4
39 39 42 39 40 16 14 20 18 19 19 4 2 12 10 16 14 9 7 4
44 45 47 48 46 10 12 14 16 18 20 17 17 6 8 10 12 8 9 2
45 47 48 46 44 10 12 14 16 18 20 17 17 6 8 10 12 8 9 2
47 48 46 44 45 12 10 16 14 20 18 19 19 8 6 12 10 8 9 2
48 46 44 45 47 10 12 14 16 18 20 17 17 6 8 10 12 8 9 2
46 44 45 47 48 12 10 16 14 20 18 19 19 8 6 12 10 8 9 2
46 47 48 48 48 10 12 14 16 18 20 17 17 6 8 10 12 8 9 2
45 46 45 46 43 10 12 14 16 18 20 17 17 6 8 10 12 8 9 2
45 45 47 47 46 10 12 14 16 18 20 17 17 6 8 10 12 8 9 2
46 45 45 47 47 12 10 16 14 20 18 19 19 8 6 12 10 8 9 2
46 45 46 47 46 12 10 16 14 20 18 19 19 8 6 12 10 8 9 2
46 46 43 43 47 12 10 16 14 20 18 19 19 8 6 12 10 8 9 2
45 45 45 45 45 12 10 16 14 20 18 19 19 8 6 12 10 8 9 2
43 45 47 48 46 10 12 14 16 18 20 17 17 6 8 10 12 8 9 2
45 46 45 45 48 12 10 16 14 20 18 19 19 8 6 12 10 8 9 2
46 43 45 47 48 10 12 14 16 18 20 17 17 6 8 10 12 8 9 2
45 45 48 45 46 12 10 16 14 20 18 19 19 8 6 12 10 8 9 2
50 51 53 54 52 6 8 10 12 14 16 18 20 2 4 6 8 6 8 9
51 53 54 52 50 6 8 10 12 14 16 18 20 2 4 6 8 6 8 9
53 54 52 50 51 8 6 12 10 16 14 20 18 4 2 8 6 6 8 9
54 52 50 51 53 6 8 10 12 14 16 18 20 2 4 6 8 6 8 9
52 50 51 53 54 8 6 12 10 16 14 20 18 4 2 8 6 6 8 9
52 53 54 54 54 6 8 10 12 14 16 18 20 2 4 6 8 6 8 9
51 52 51 52 49 6 8 10 12 14 16 18 20 2 4 6 8 6 8 9
51 51 53 53 52 6 8 10 12 14 16 18 20 2 4 6 8 6 8 9
52 51 51 53 53 8 6 12 10 16 14 20 18 4 2 8 6 6 8 9
52 51 52 53 52 8 6 12 10 16 14 20 18 4 2 8 6 6 8 9
52 52 49 49 53 8 6 12 10 16 14 20 18 4 2 8 6 6 8 9
51 51 51 51 51 8 6 12 10 16 14 20 18 4 2 8 6 6 8 9
49 51 53 54 52 6 8 10 12 14 16 18 20 2 4 6 8 6 8 9
51 52 51 51 54 8 6 12 10 16 14 20 18 4 2 8 6 6 8 9
52 49 51 53 54 6 8 10 12 14 16 18 20 2 4 6 8 6 8 9
51 51 54 51 52 8 6 12 10 16 14 20 18 4 2 8 6 6 8 9
56 57 59 60 58 2 4 6 8 10 12 14 16 18 20 18 20 10 10 10
57 59 60 58 56 2 4 6 8 10 12 14 16 18 20 18 20 10 10 10
59 60 58 56 57 4 2 8 6 12 10 16 14 20 18 20 18 10 10 10
60 58 56 57 59 2 4 6 8 10 12 14 16 18 20 18 20 10 10 10
58 56 57 59 60 4 2 8 6 12 10 16 14 20 18 20 18 10 10 10
58 59 60 60 60 2 4 6 8 10 12 14 16 18 20 18 20 10 10 10
57 58 57 58 55 2 4 6 8 10 12 14 16 18 20 18 20 10 10 10
57 57 59 59 58 2 4 6 8 10 12 14 16 18 20 18 20 10 10 10
58 57 57 59 59 4 2 8 6 12 10 16 14 20 18 20 18 10 10 10
58 57 58 59 58 4 2 8 6 12 10 16 14 20 18 20 18 10 10 10
58 58 55 55 59 4 2 8 6 12 10 16 14 20 18 20 18 10 10 10
57 57 57 57 57 4 2 8 6 12 10 16 14 20 18 20 18 10 10 10
55 57 59 60 58 2 4 6 8 10 12 14 16 18 20 18 20 10 10 10
57 58 57 57 60 4 2 8 6 12 10 16 14 20 18 20 18 10 10 10
58 55 57 59 60 2 4 6 8 10 12 14 16 18 20 18 20 10 10 10
57 57 60 57 58 4 2 8 6 12 10 16 14 20 18 20 18 10 10 10

SIZE: 127 x 20
METHOD: Six-block row decomposition construction (Theorem 21 and Appendix A.3), with t=10 five-column inputs of row sizes 6,6,6,13,16,16,16,16,16,16, and 15 added columns from factorized input pairs. The total added-column weight is 54.
MATRIX:
2 3 5 6 4 3 3 3 3 3 3 3 3 3 3 3 3 1 1 1
3 5 6 4 2 1 1 1 1 1 1 1 1 1 1 1 1 1 1 1
5 6 4 2 3 3 3 3 3 3 3 3 3 3 3 3 3 1 1 1
6 4 2 3 5 1 1 1 1 1 1 1 1 1 1 1 1 1 1 1
4 2 3 5 6 3 3 3 3 3 3 3 3 3 3 3 3 1 1 1
1 1 1 1 1 1 1 1 1 1 1 1 1 1 1 1 1 1 1 1
8 9 11 12 10 7 7 7 7 7 7 7 7 7 7 4 2 3 3 3
9 11 12 10 8 5 5 5 5 5 5 5 5 5 5 2 4 3 3 3
11 12 10 8 9 7 7 7 7 7 7 7 7 7 7 4 2 3 3 3
12 10 8 9 11 5 5 5 5 5 5 5 5 5 5 2 4 3 3 3
10 8 9 11 12 7 7 7 7 7 7 7 7 7 7 4 2 3 3 3
7 7 7 7 7 5 5 5 5 5 5 5 5 5 5 2 4 3 3 3
14 15 17 18 16 11 11 4 2 11 11 11 11 11 11 7 7 4 5 5
15 17 18 16 14 9 9 2 4 9 9 9 9 9 9 5 5 4 5 5
17 18 16 14 15 11 11 4 2 11 11 11 11 11 11 7 7 4 5 5
18 16 14 15 17 9 9 2 4 9 9 9 9 9 9 5 5 4 5 5
16 14 15 17 18 11 11 4 2 11 11 11 11 11 11 7 7 4 5 5
13 13 13 13 13 9 9 2 4 9 9 9 9 9 9 5 5 4 5 5
20 21 23 24 22 15 15 11 11 8 6 15 15 15 15 11 11 2 6 7
21 23 24 22 20 15 15 11 11 8 6 15 15 15 15 11 11 2 6 7
23 24 22 20 21 13 13 9 9 6 8 13 13 13 13 9 9 2 6 7
24 22 20 21 23 15 15 11 11 8 6 15 15 15 15 11 11 2 6 7
22 20 21 23 24 13 13 9 9 6 8 13 13 13 13 9 9 2 6 7
21 21 24 19 19 13 13 9 9 6 8 13 13 13 13 9 9 2 6 7
19 23 23 24 24 13 13 9 9 6 8 13 13 13 13 9 9 2 6 7
24 22 19 21 23 13 13 9 9 6 8 13 13 13 13 9 9 2 6 7
22 19 24 22 22 13 13 9 9 6 8 13 13 13 13 9 9 2 6 7
24 22 23 22 23 15 15 11 11 8 6 15 15 15 15 11 11 2 6 7
23 22 23 19 23 15 15 11 11 8 6 15 15 15 15 11 11 2 6 7
24 19 23 23 24 15 15 11 11 8 6 15 15 15 15 11 11 2 6 7
24 21 23 23 23 13 13 9 9 6 8 13 13 13 13 9 9 2 6 7
26 27 29 30 28 17 17 13 13 2 4 10 12 17 17 13 13 5 4 8
27 29 30 28 26 17 17 13 13 2 4 10 12 17 17 13 13 5 4 8
29 30 28 26 27 19 19 15 15 4 2 12 10 19 19 15 15 5 4 8
30 28 26 27 29 17 17 13 13 2 4 10 12 17 17 13 13 5 4 8
28 26 27 29 30 19 19 15 15 4 2 12 10 19 19 15 15 5 4 8
28 29 30 30 30 17 17 13 13 2 4 10 12 17 17 13 13 5 4 8
27 28 27 28 25 17 17 13 13 2 4 10 12 17 17 13 13 5 4 8
27 27 29 29 28 17 17 13 13 2 4 10 12 17 17 13 13 5 4 8
28 27 27 29 29 19 19 15 15 4 2 12 10 19 19 15 15 5 4 8
28 27 28 29 28 19 19 15 15 4 2 12 10 19 19 15 15 5 4 8
28 28 25 25 29 19 19 15 15 4 2 12 10 19 19 15 15 5 4 8
27 27 27 27 27 19 19 15 15 4 2 12 10 19 19 15 15 5 4 8
25 27 29 30 28 17 17 13 13 2 4 10 12 17 17 13 13 5 4 8
27 28 27 27 30 19 19 15 15 4 2 12 10 19 19 15 15 5 4 8
28 25 27 29 30 17 17 13 13 2 4 10 12 17 17 13 13 5 4 8
27 27 30 27 28 19 19 15 15 4 2 12 10 19 19 15 15 5 4 8
32 33 35 36 34 18 20 17 17 13 13 6 8 14 16 17 17 7 2 6
33 35 36 34 32 18 20 17 17 13 13 6 8 14 16 17 17 7 2 6
35 36 34 32 33 20 18 19 19 15 15 8 6 16 14 19 19 7 2 6
36 34 32 33 35 18 20 17 17 13 13 6 8 14 16 17 17 7 2 6
34 32 33 35 36 20 18 19 19 15 15 8 6 16 14 19 19 7 2 6
34 35 36 36 36 18 20 17 17 13 13 6 8 14 16 17 17 7 2 6
33 34 33 34 31 18 20 17 17 13 13 6 8 14 16 17 17 7 2 6
33 33 35 35 34 18 20 17 17 13 13 6 8 14 16 17 17 7 2 6
34 33 33 35 35 20 18 19 19 15 15 8 6 16 14 19 19 7 2 6
34 33 34 35 34 20 18 19 19 15 15 8 6 16 14 19 19 7 2 6
34 34 31 31 35 20 18 19 19 15 15 8 6 16 14 19 19 7 2 6
33 33 33 33 33 20 18 19 19 15 15 8 6 16 14 19 19 7 2 6
31 33 35 36 34 18 20 17 17 13 13 6 8 14 16 17 17 7 2 6
33 34 33 33 36 20 18 19 19 15 15 8 6 16 14 19 19 7 2 6
34 31 33 35 36 18 20 17 17 13 13 6 8 14 16 17 17 7 2 6
33 33 36 33 34 20 18 19 19 15 15 8 6 16 14 19 19 7 2 6
38 39 41 42 40 14 16 18 20 17 17 2 4 10 12 14 16 9 7 4
39 41 42 40 38 14 16 18 20 17 17 2 4 10 12 14 16 9 7 4
41 42 40 38 39 16 14 20 18 19 19 4 2 12 10 16 14 9 7 4
42 40 38 39 41 14 16 18 20 17 17 2 4 10 12 14 16 9 7 4
40 38 39 41 42 16 14 20 18 19 19 4 2 12 10 16 14 9 7 4
40 41 42 42 42 14 16 18 20 17 17 2 4 10 12 14 16 9 7 4
39 40 39 40 37 14 16 18 20 17 17 2 4 10 12 14 16 9 7 4
39 39 41 41 40 14 16 18 20 17 17 2 4 10 12 14 16 9 7 4
40 39 39 41 41 16 14 20 18 19 19 4 2 12 10 16 14 9 7 4
40 39 40 41 40 16 14 20 18 19 19 4 2 12 10 16 14 9 7 4
40 40 37 37 41 16 14 20 18 19 19 4 2 12 10 16 14 9 7 4
39 39 39 39 39 16 14 20 18 19 19 4 2 12 10 16 14 9 7 4
37 39 41 42 40 14 16 18 20 17 17 2 4 10 12 14 16 9 7 4
39 40 39 39 42 16 14 20 18 19 19 4 2 12 10 16 14 9 7 4
40 37 39 41 42 14 16 18 20 17 17 2 4 10 12 14 16 9 7 4
39 39 42 39 40 16 14 20 18 19 19 4 2 12 10 16 14 9 7 4
44 45 47 48 46 10 12 14 16 18 20 17 17 6 8 10 12 8 9 2
45 47 48 46 44 10 12 14 16 18 20 17 17 6 8 10 12 8 9 2
47 48 46 44 45 12 10 16 14 20 18 19 19 8 6 12 10 8 9 2
48 46 44 45 47 10 12 14 16 18 20 17 17 6 8 10 12 8 9 2
46 44 45 47 48 12 10 16 14 20 18 19 19 8 6 12 10 8 9 2
46 47 48 48 48 10 12 14 16 18 20 17 17 6 8 10 12 8 9 2
45 46 45 46 43 10 12 14 16 18 20 17 17 6 8 10 12 8 9 2
45 45 47 47 46 10 12 14 16 18 20 17 17 6 8 10 12 8 9 2
46 45 45 47 47 12 10 16 14 20 18 19 19 8 6 12 10 8 9 2
46 45 46 47 46 12 10 16 14 20 18 19 19 8 6 12 10 8 9 2
46 46 43 43 47 12 10 16 14 20 18 19 19 8 6 12 10 8 9 2
45 45 45 45 45 12 10 16 14 20 18 19 19 8 6 12 10 8 9 2
43 45 47 48 46 10 12 14 16 18 20 17 17 6 8 10 12 8 9 2
45 46 45 45 48 12 10 16 14 20 18 19 19 8 6 12 10 8 9 2
46 43 45 47 48 10 12 14 16 18 20 17 17 6 8 10 12 8 9 2
45 45 48 45 46 12 10 16 14 20 18 19 19 8 6 12 10 8 9 2
50 51 53 54 52 6 8 10 12 14 16 18 20 2 4 6 8 6 8 9
51 53 54 52 50 6 8 10 12 14 16 18 20 2 4 6 8 6 8 9
53 54 52 50 51 8 6 12 10 16 14 20 18 4 2 8 6 6 8 9
54 52 50 51 53 6 8 10 12 14 16 18 20 2 4 6 8 6 8 9
52 50 51 53 54 8 6 12 10 16 14 20 18 4 2 8 6 6 8 9
52 53 54 54 54 6 8 10 12 14 16 18 20 2 4 6 8 6 8 9
51 52 51 52 49 6 8 10 12 14 16 18 20 2 4 6 8 6 8 9
51 51 53 53 52 6 8 10 12 14 16 18 20 2 4 6 8 6 8 9
52 51 51 53 53 8 6 12 10 16 14 20 18 4 2 8 6 6 8 9
52 51 52 53 52 8 6 12 10 16 14 20 18 4 2 8 6 6 8 9
52 52 49 49 53 8 6 12 10 16 14 20 18 4 2 8 6 6 8 9
51 51 51 51 51 8 6 12 10 16 14 20 18 4 2 8 6 6 8 9
49 51 53 54 52 6 8 10 12 14 16 18 20 2 4 6 8 6 8 9
51 52 51 51 54 8 6 12 10 16 14 20 18 4 2 8 6 6 8 9
52 49 51 53 54 6 8 10 12 14 16 18 20 2 4 6 8 6 8 9
51 51 54 51 52 8 6 12 10 16 14 20 18 4 2 8 6 6 8 9
56 57 59 60 58 2 4 6 8 10 12 14 16 18 20 18 20 10 10 10
57 59 60 58 56 2 4 6 8 10 12 14 16 18 20 18 20 10 10 10
59 60 58 56 57 4 2 8 6 12 10 16 14 20 18 20 18 10 10 10
60 58 56 57 59 2 4 6 8 10 12 14 16 18 20 18 20 10 10 10
58 56 57 59 60 4 2 8 6 12 10 16 14 20 18 20 18 10 10 10
58 59 60 60 60 2 4 6 8 10 12 14 16 18 20 18 20 10 10 10
57 58 57 58 55 2 4 6 8 10 12 14 16 18 20 18 20 10 10 10
57 57 59 59 58 2 4 6 8 10 12 14 16 18 20 18 20 10 10 10
58 57 57 59 59 4 2 8 6 12 10 16 14 20 18 20 18 10 10 10
58 57 58 59 58 4 2 8 6 12 10 16 14 20 18 20 18 10 10 10
58 58 55 55 59 4 2 8 6 12 10 16 14 20 18 20 18 10 10 10
57 57 57 57 57 4 2 8 6 12 10 16 14 20 18 20 18 10 10 10
55 57 59 60 58 2 4 6 8 10 12 14 16 18 20 18 20 10 10 10
57 58 57 57 60 4 2 8 6 12 10 16 14 20 18 20 18 10 10 10
58 55 57 59 60 2 4 6 8 10 12 14 16 18 20 18 20 10 10 10
57 57 60 57 58 4 2 8 6 12 10 16 14 20 18 20 18 10 10 10

SIZE: 128 x 20
METHOD: Six-block row decomposition construction (Theorem 21 and Appendix A.3), with t=10 five-column inputs of row sizes 6,6,6,14,16,16,16,16,16,16, and 15 added columns from factorized input pairs. The total added-column weight is 54.
MATRIX:
2 3 5 6 4 3 3 3 3 3 3 3 3 3 3 3 3 1 1 1
3 5 6 4 2 1 1 1 1 1 1 1 1 1 1 1 1 1 1 1
5 6 4 2 3 3 3 3 3 3 3 3 3 3 3 3 3 1 1 1
6 4 2 3 5 1 1 1 1 1 1 1 1 1 1 1 1 1 1 1
4 2 3 5 6 3 3 3 3 3 3 3 3 3 3 3 3 1 1 1
1 1 1 1 1 1 1 1 1 1 1 1 1 1 1 1 1 1 1 1
8 9 11 12 10 7 7 7 7 7 7 7 7 7 7 4 2 3 3 3
9 11 12 10 8 5 5 5 5 5 5 5 5 5 5 2 4 3 3 3
11 12 10 8 9 7 7 7 7 7 7 7 7 7 7 4 2 3 3 3
12 10 8 9 11 5 5 5 5 5 5 5 5 5 5 2 4 3 3 3
10 8 9 11 12 7 7 7 7 7 7 7 7 7 7 4 2 3 3 3
7 7 7 7 7 5 5 5 5 5 5 5 5 5 5 2 4 3 3 3
14 15 17 18 16 11 11 4 2 11 11 11 11 11 11 7 7 4 5 5
15 17 18 16 14 9 9 2 4 9 9 9 9 9 9 5 5 4 5 5
17 18 16 14 15 11 11 4 2 11 11 11 11 11 11 7 7 4 5 5
18 16 14 15 17 9 9 2 4 9 9 9 9 9 9 5 5 4 5 5
16 14 15 17 18 11 11 4 2 11 11 11 11 11 11 7 7 4 5 5
13 13 13 13 13 9 9 2 4 9 9 9 9 9 9 5 5 4 5 5
20 21 23 24 22 13 13 9 9 6 8 13 13 13 13 9 9 2 6 7
21 23 24 22 20 13 13 9 9 6 8 13 13 13 13 9 9 2 6 7
23 24 22 20 21 15 15 11 11 8 6 15 15 15 15 11 11 2 6 7
24 22 20 21 23 15 15 11 11 8 6 15 15 15 15 11 11 2 6 7
22 20 21 23 24 13 13 9 9 6 8 13 13 13 13 9 9 2 6 7
24 19 19 21 21 15 15 11 11 8 6 15 15 15 15 11 11 2 6 7
23 24 24 24 22 15 15 11 11 8 6 15 15 15 15 11 11 2 6 7
19 23 23 22 23 15 15 11 11 8 6 15 15 15 15 11 11 2 6 7
23 23 24 24 19 15 15 11 11 8 6 15 15 15 15 11 11 2 6 7
24 24 22 22 21 15 15 11 11 8 6 15 15 15 15 11 11 2 6 7
23 24 22 23 22 13 13 9 9 6 8 13 13 13 13 9 9 2 6 7
23 24 21 24 21 13 13 9 9 6 8 13 13 13 13 9 9 2 6 7
23 24 22 19 21 13 13 9 9 6 8 13 13 13 13 9 9 2 6 7
23 24 21 23 23 13 13 9 9 6 8 13 13 13 13 9 9 2 6 7
26 27 29 30 28 17 17 13 13 2 4 10 12 17 17 13 13 5 4 8
27 29 30 28 26 17 17 13 13 2 4 10 12 17 17 13 13 5 4 8
29 30 28 26 27 19 19 15 15 4 2 12 10 19 19 15 15 5 4 8
30 28 26 27 29 17 17 13 13 2 4 10 12 17 17 13 13 5 4 8
28 26 27 29 30 19 19 15 15 4 2 12 10 19 19 15 15 5 4 8
28 29 30 30 30 17 17 13 13 2 4 10 12 17 17 13 13 5 4 8
27 28 27 28 25 17 17 13 13 2 4 10 12 17 17 13 13 5 4 8
27 27 29 29 28 17 17 13 13 2 4 10 12 17 17 13 13 5 4 8
28 27 27 29 29 19 19 15 15 4 2 12 10 19 19 15 15 5 4 8
28 27 28 29 28 19 19 15 15 4 2 12 10 19 19 15 15 5 4 8
28 28 25 25 29 19 19 15 15 4 2 12 10 19 19 15 15 5 4 8
27 27 27 27 27 19 19 15 15 4 2 12 10 19 19 15 15 5 4 8
25 27 29 30 28 17 17 13 13 2 4 10 12 17 17 13 13 5 4 8
27 28 27 27 30 19 19 15 15 4 2 12 10 19 19 15 15 5 4 8
28 25 27 29 30 17 17 13 13 2 4 10 12 17 17 13 13 5 4 8
27 27 30 27 28 19 19 15 15 4 2 12 10 19 19 15 15 5 4 8
32 33 35 36 34 18 20 17 17 13 13 6 8 14 16 17 17 7 2 6
33 35 36 34 32 18 20 17 17 13 13 6 8 14 16 17 17 7 2 6
35 36 34 32 33 20 18 19 19 15 15 8 6 16 14 19 19 7 2 6
36 34 32 33 35 18 20 17 17 13 13 6 8 14 16 17 17 7 2 6
34 32 33 35 36 20 18 19 19 15 15 8 6 16 14 19 19 7 2 6
34 35 36 36 36 18 20 17 17 13 13 6 8 14 16 17 17 7 2 6
33 34 33 34 31 18 20 17 17 13 13 6 8 14 16 17 17 7 2 6
33 33 35 35 34 18 20 17 17 13 13 6 8 14 16 17 17 7 2 6
34 33 33 35 35 20 18 19 19 15 15 8 6 16 14 19 19 7 2 6
34 33 34 35 34 20 18 19 19 15 15 8 6 16 14 19 19 7 2 6
34 34 31 31 35 20 18 19 19 15 15 8 6 16 14 19 19 7 2 6
33 33 33 33 33 20 18 19 19 15 15 8 6 16 14 19 19 7 2 6
31 33 35 36 34 18 20 17 17 13 13 6 8 14 16 17 17 7 2 6
33 34 33 33 36 20 18 19 19 15 15 8 6 16 14 19 19 7 2 6
34 31 33 35 36 18 20 17 17 13 13 6 8 14 16 17 17 7 2 6
33 33 36 33 34 20 18 19 19 15 15 8 6 16 14 19 19 7 2 6
38 39 41 42 40 14 16 18 20 17 17 2 4 10 12 14 16 9 7 4
39 41 42 40 38 14 16 18 20 17 17 2 4 10 12 14 16 9 7 4
41 42 40 38 39 16 14 20 18 19 19 4 2 12 10 16 14 9 7 4
42 40 38 39 41 14 16 18 20 17 17 2 4 10 12 14 16 9 7 4
40 38 39 41 42 16 14 20 18 19 19 4 2 12 10 16 14 9 7 4
40 41 42 42 42 14 16 18 20 17 17 2 4 10 12 14 16 9 7 4
39 40 39 40 37 14 16 18 20 17 17 2 4 10 12 14 16 9 7 4
39 39 41 41 40 14 16 18 20 17 17 2 4 10 12 14 16 9 7 4
40 39 39 41 41 16 14 20 18 19 19 4 2 12 10 16 14 9 7 4
40 39 40 41 40 16 14 20 18 19 19 4 2 12 10 16 14 9 7 4
40 40 37 37 41 16 14 20 18 19 19 4 2 12 10 16 14 9 7 4
39 39 39 39 39 16 14 20 18 19 19 4 2 12 10 16 14 9 7 4
37 39 41 42 40 14 16 18 20 17 17 2 4 10 12 14 16 9 7 4
39 40 39 39 42 16 14 20 18 19 19 4 2 12 10 16 14 9 7 4
40 37 39 41 42 14 16 18 20 17 17 2 4 10 12 14 16 9 7 4
39 39 42 39 40 16 14 20 18 19 19 4 2 12 10 16 14 9 7 4
44 45 47 48 46 10 12 14 16 18 20 17 17 6 8 10 12 8 9 2
45 47 48 46 44 10 12 14 16 18 20 17 17 6 8 10 12 8 9 2
47 48 46 44 45 12 10 16 14 20 18 19 19 8 6 12 10 8 9 2
48 46 44 45 47 10 12 14 16 18 20 17 17 6 8 10 12 8 9 2
46 44 45 47 48 12 10 16 14 20 18 19 19 8 6 12 10 8 9 2
46 47 48 48 48 10 12 14 16 18 20 17 17 6 8 10 12 8 9 2
45 46 45 46 43 10 12 14 16 18 20 17 17 6 8 10 12 8 9 2
45 45 47 47 46 10 12 14 16 18 20 17 17 6 8 10 12 8 9 2
46 45 45 47 47 12 10 16 14 20 18 19 19 8 6 12 10 8 9 2
46 45 46 47 46 12 10 16 14 20 18 19 19 8 6 12 10 8 9 2
46 46 43 43 47 12 10 16 14 20 18 19 19 8 6 12 10 8 9 2
45 45 45 45 45 12 10 16 14 20 18 19 19 8 6 12 10 8 9 2
43 45 47 48 46 10 12 14 16 18 20 17 17 6 8 10 12 8 9 2
45 46 45 45 48 12 10 16 14 20 18 19 19 8 6 12 10 8 9 2
46 43 45 47 48 10 12 14 16 18 20 17 17 6 8 10 12 8 9 2
45 45 48 45 46 12 10 16 14 20 18 19 19 8 6 12 10 8 9 2
50 51 53 54 52 6 8 10 12 14 16 18 20 2 4 6 8 6 8 9
51 53 54 52 50 6 8 10 12 14 16 18 20 2 4 6 8 6 8 9
53 54 52 50 51 8 6 12 10 16 14 20 18 4 2 8 6 6 8 9
54 52 50 51 53 6 8 10 12 14 16 18 20 2 4 6 8 6 8 9
52 50 51 53 54 8 6 12 10 16 14 20 18 4 2 8 6 6 8 9
52 53 54 54 54 6 8 10 12 14 16 18 20 2 4 6 8 6 8 9
51 52 51 52 49 6 8 10 12 14 16 18 20 2 4 6 8 6 8 9
51 51 53 53 52 6 8 10 12 14 16 18 20 2 4 6 8 6 8 9
52 51 51 53 53 8 6 12 10 16 14 20 18 4 2 8 6 6 8 9
52 51 52 53 52 8 6 12 10 16 14 20 18 4 2 8 6 6 8 9
52 52 49 49 53 8 6 12 10 16 14 20 18 4 2 8 6 6 8 9
51 51 51 51 51 8 6 12 10 16 14 20 18 4 2 8 6 6 8 9
49 51 53 54 52 6 8 10 12 14 16 18 20 2 4 6 8 6 8 9
51 52 51 51 54 8 6 12 10 16 14 20 18 4 2 8 6 6 8 9
52 49 51 53 54 6 8 10 12 14 16 18 20 2 4 6 8 6 8 9
51 51 54 51 52 8 6 12 10 16 14 20 18 4 2 8 6 6 8 9
56 57 59 60 58 2 4 6 8 10 12 14 16 18 20 18 20 10 10 10
57 59 60 58 56 2 4 6 8 10 12 14 16 18 20 18 20 10 10 10
59 60 58 56 57 4 2 8 6 12 10 16 14 20 18 20 18 10 10 10
60 58 56 57 59 2 4 6 8 10 12 14 16 18 20 18 20 10 10 10
58 56 57 59 60 4 2 8 6 12 10 16 14 20 18 20 18 10 10 10
58 59 60 60 60 2 4 6 8 10 12 14 16 18 20 18 20 10 10 10
57 58 57 58 55 2 4 6 8 10 12 14 16 18 20 18 20 10 10 10
57 57 59 59 58 2 4 6 8 10 12 14 16 18 20 18 20 10 10 10
58 57 57 59 59 4 2 8 6 12 10 16 14 20 18 20 18 10 10 10
58 57 58 59 58 4 2 8 6 12 10 16 14 20 18 20 18 10 10 10
58 58 55 55 59 4 2 8 6 12 10 16 14 20 18 20 18 10 10 10
57 57 57 57 57 4 2 8 6 12 10 16 14 20 18 20 18 10 10 10
55 57 59 60 58 2 4 6 8 10 12 14 16 18 20 18 20 10 10 10
57 58 57 57 60 4 2 8 6 12 10 16 14 20 18 20 18 10 10 10
58 55 57 59 60 2 4 6 8 10 12 14 16 18 20 18 20 10 10 10
57 57 60 57 58 4 2 8 6 12 10 16 14 20 18 20 18 10 10 10

SIZE: 129 x 20
METHOD: Six-block row decomposition construction (Theorem 21 and Appendix A.3), with t=10 five-column inputs of row sizes 6,6,6,15,16,16,16,16,16,16, and 15 added columns from factorized input pairs. The total added-column weight is 54.
MATRIX:
2 3 5 6 4 3 3 3 3 3 3 3 3 3 3 3 3 1 1 1
3 5 6 4 2 1 1 1 1 1 1 1 1 1 1 1 1 1 1 1
5 6 4 2 3 3 3 3 3 3 3 3 3 3 3 3 3 1 1 1
6 4 2 3 5 1 1 1 1 1 1 1 1 1 1 1 1 1 1 1
4 2 3 5 6 3 3 3 3 3 3 3 3 3 3 3 3 1 1 1
1 1 1 1 1 1 1 1 1 1 1 1 1 1 1 1 1 1 1 1
8 9 11 12 10 7 7 7 7 7 7 7 7 7 7 4 2 3 3 3
9 11 12 10 8 5 5 5 5 5 5 5 5 5 5 2 4 3 3 3
11 12 10 8 9 7 7 7 7 7 7 7 7 7 7 4 2 3 3 3
12 10 8 9 11 5 5 5 5 5 5 5 5 5 5 2 4 3 3 3
10 8 9 11 12 7 7 7 7 7 7 7 7 7 7 4 2 3 3 3
7 7 7 7 7 5 5 5 5 5 5 5 5 5 5 2 4 3 3 3
14 15 17 18 16 11 11 4 2 11 11 11 11 11 11 7 7 4 5 5
15 17 18 16 14 9 9 2 4 9 9 9 9 9 9 5 5 4 5 5
17 18 16 14 15 11 11 4 2 11 11 11 11 11 11 7 7 4 5 5
18 16 14 15 17 9 9 2 4 9 9 9 9 9 9 5 5 4 5 5
16 14 15 17 18 11 11 4 2 11 11 11 11 11 11 7 7 4 5 5
13 13 13 13 13 9 9 2 4 9 9 9 9 9 9 5 5 4 5 5
20 21 23 24 22 15 15 11 11 8 6 15 15 15 15 11 11 2 6 7
21 23 24 22 20 13 13 9 9 6 8 13 13 13 13 9 9 2 6 7
23 24 22 20 21 15 15 11 11 8 6 15 15 15 15 11 11 2 6 7
24 22 20 21 23 13 13 9 9 6 8 13 13 13 13 9 9 2 6 7
22 20 21 23 24 13 13 9 9 6 8 13 13 13 13 9 9 2 6 7
24 22 23 22 23 15 15 11 11 8 6 15 15 15 15 11 11 2 6 7
19 23 19 21 23 13 13 9 9 6 8 13 13 13 13 9 9 2 6 7
23 24 21 24 21 13 13 9 9 6 8 13 13 13 13 9 9 2 6 7
23 24 22 19 21 13 13 9 9 6 8 13 13 13 13 9 9 2 6 7
21 23 24 22 19 13 13 9 9 6 8 13 13 13 13 9 9 2 6 7
22 19 24 22 22 15 15 11 11 8 6 15 15 15 15 11 11 2 6 7
21 24 21 23 24 15 15 11 11 8 6 15 15 15 15 11 11 2 6 7
24 22 23 24 24 15 15 11 11 8 6 15 15 15 15 11 11 2 6 7
21 23 24 21 24 13 13 9 9 6 8 13 13 13 13 9 9 2 6 7
21 23 23 23 24 15 15 11 11 8 6 15 15 15 15 11 11 2 6 7
26 27 29 30 28 17 17 13 13 2 4 10 12 17 17 13 13 5 4 8
27 29 30 28 26 17 17 13 13 2 4 10 12 17 17 13 13 5 4 8
29 30 28 26 27 19 19 15 15 4 2 12 10 19 19 15 15 5 4 8
30 28 26 27 29 17 17 13 13 2 4 10 12 17 17 13 13 5 4 8
28 26 27 29 30 19 19 15 15 4 2 12 10 19 19 15 15 5 4 8
28 29 30 30 30 17 17 13 13 2 4 10 12 17 17 13 13 5 4 8
27 28 27 28 25 17 17 13 13 2 4 10 12 17 17 13 13 5 4 8
27 27 29 29 28 17 17 13 13 2 4 10 12 17 17 13 13 5 4 8
28 27 27 29 29 19 19 15 15 4 2 12 10 19 19 15 15 5 4 8
28 27 28 29 28 19 19 15 15 4 2 12 10 19 19 15 15 5 4 8
28 28 25 25 29 19 19 15 15 4 2 12 10 19 19 15 15 5 4 8
27 27 27 27 27 19 19 15 15 4 2 12 10 19 19 15 15 5 4 8
25 27 29 30 28 17 17 13 13 2 4 10 12 17 17 13 13 5 4 8
27 28 27 27 30 19 19 15 15 4 2 12 10 19 19 15 15 5 4 8
28 25 27 29 30 17 17 13 13 2 4 10 12 17 17 13 13 5 4 8
27 27 30 27 28 19 19 15 15 4 2 12 10 19 19 15 15 5 4 8
32 33 35 36 34 18 20 17 17 13 13 6 8 14 16 17 17 7 2 6
33 35 36 34 32 18 20 17 17 13 13 6 8 14 16 17 17 7 2 6
35 36 34 32 33 20 18 19 19 15 15 8 6 16 14 19 19 7 2 6
36 34 32 33 35 18 20 17 17 13 13 6 8 14 16 17 17 7 2 6
34 32 33 35 36 20 18 19 19 15 15 8 6 16 14 19 19 7 2 6
34 35 36 36 36 18 20 17 17 13 13 6 8 14 16 17 17 7 2 6
33 34 33 34 31 18 20 17 17 13 13 6 8 14 16 17 17 7 2 6
33 33 35 35 34 18 20 17 17 13 13 6 8 14 16 17 17 7 2 6
34 33 33 35 35 20 18 19 19 15 15 8 6 16 14 19 19 7 2 6
34 33 34 35 34 20 18 19 19 15 15 8 6 16 14 19 19 7 2 6
34 34 31 31 35 20 18 19 19 15 15 8 6 16 14 19 19 7 2 6
33 33 33 33 33 20 18 19 19 15 15 8 6 16 14 19 19 7 2 6
31 33 35 36 34 18 20 17 17 13 13 6 8 14 16 17 17 7 2 6
33 34 33 33 36 20 18 19 19 15 15 8 6 16 14 19 19 7 2 6
34 31 33 35 36 18 20 17 17 13 13 6 8 14 16 17 17 7 2 6
33 33 36 33 34 20 18 19 19 15 15 8 6 16 14 19 19 7 2 6
38 39 41 42 40 14 16 18 20 17 17 2 4 10 12 14 16 9 7 4
39 41 42 40 38 14 16 18 20 17 17 2 4 10 12 14 16 9 7 4
41 42 40 38 39 16 14 20 18 19 19 4 2 12 10 16 14 9 7 4
42 40 38 39 41 14 16 18 20 17 17 2 4 10 12 14 16 9 7 4
40 38 39 41 42 16 14 20 18 19 19 4 2 12 10 16 14 9 7 4
40 41 42 42 42 14 16 18 20 17 17 2 4 10 12 14 16 9 7 4
39 40 39 40 37 14 16 18 20 17 17 2 4 10 12 14 16 9 7 4
39 39 41 41 40 14 16 18 20 17 17 2 4 10 12 14 16 9 7 4
40 39 39 41 41 16 14 20 18 19 19 4 2 12 10 16 14 9 7 4
40 39 40 41 40 16 14 20 18 19 19 4 2 12 10 16 14 9 7 4
40 40 37 37 41 16 14 20 18 19 19 4 2 12 10 16 14 9 7 4
39 39 39 39 39 16 14 20 18 19 19 4 2 12 10 16 14 9 7 4
37 39 41 42 40 14 16 18 20 17 17 2 4 10 12 14 16 9 7 4
39 40 39 39 42 16 14 20 18 19 19 4 2 12 10 16 14 9 7 4
40 37 39 41 42 14 16 18 20 17 17 2 4 10 12 14 16 9 7 4
39 39 42 39 40 16 14 20 18 19 19 4 2 12 10 16 14 9 7 4
44 45 47 48 46 10 12 14 16 18 20 17 17 6 8 10 12 8 9 2
45 47 48 46 44 10 12 14 16 18 20 17 17 6 8 10 12 8 9 2
47 48 46 44 45 12 10 16 14 20 18 19 19 8 6 12 10 8 9 2
48 46 44 45 47 10 12 14 16 18 20 17 17 6 8 10 12 8 9 2
46 44 45 47 48 12 10 16 14 20 18 19 19 8 6 12 10 8 9 2
46 47 48 48 48 10 12 14 16 18 20 17 17 6 8 10 12 8 9 2
45 46 45 46 43 10 12 14 16 18 20 17 17 6 8 10 12 8 9 2
45 45 47 47 46 10 12 14 16 18 20 17 17 6 8 10 12 8 9 2
46 45 45 47 47 12 10 16 14 20 18 19 19 8 6 12 10 8 9 2
46 45 46 47 46 12 10 16 14 20 18 19 19 8 6 12 10 8 9 2
46 46 43 43 47 12 10 16 14 20 18 19 19 8 6 12 10 8 9 2
45 45 45 45 45 12 10 16 14 20 18 19 19 8 6 12 10 8 9 2
43 45 47 48 46 10 12 14 16 18 20 17 17 6 8 10 12 8 9 2
45 46 45 45 48 12 10 16 14 20 18 19 19 8 6 12 10 8 9 2
46 43 45 47 48 10 12 14 16 18 20 17 17 6 8 10 12 8 9 2
45 45 48 45 46 12 10 16 14 20 18 19 19 8 6 12 10 8 9 2
50 51 53 54 52 6 8 10 12 14 16 18 20 2 4 6 8 6 8 9
51 53 54 52 50 6 8 10 12 14 16 18 20 2 4 6 8 6 8 9
53 54 52 50 51 8 6 12 10 16 14 20 18 4 2 8 6 6 8 9
54 52 50 51 53 6 8 10 12 14 16 18 20 2 4 6 8 6 8 9
52 50 51 53 54 8 6 12 10 16 14 20 18 4 2 8 6 6 8 9
52 53 54 54 54 6 8 10 12 14 16 18 20 2 4 6 8 6 8 9
51 52 51 52 49 6 8 10 12 14 16 18 20 2 4 6 8 6 8 9
51 51 53 53 52 6 8 10 12 14 16 18 20 2 4 6 8 6 8 9
52 51 51 53 53 8 6 12 10 16 14 20 18 4 2 8 6 6 8 9
52 51 52 53 52 8 6 12 10 16 14 20 18 4 2 8 6 6 8 9
52 52 49 49 53 8 6 12 10 16 14 20 18 4 2 8 6 6 8 9
51 51 51 51 51 8 6 12 10 16 14 20 18 4 2 8 6 6 8 9
49 51 53 54 52 6 8 10 12 14 16 18 20 2 4 6 8 6 8 9
51 52 51 51 54 8 6 12 10 16 14 20 18 4 2 8 6 6 8 9
52 49 51 53 54 6 8 10 12 14 16 18 20 2 4 6 8 6 8 9
51 51 54 51 52 8 6 12 10 16 14 20 18 4 2 8 6 6 8 9
56 57 59 60 58 2 4 6 8 10 12 14 16 18 20 18 20 10 10 10
57 59 60 58 56 2 4 6 8 10 12 14 16 18 20 18 20 10 10 10
59 60 58 56 57 4 2 8 6 12 10 16 14 20 18 20 18 10 10 10
60 58 56 57 59 2 4 6 8 10 12 14 16 18 20 18 20 10 10 10
58 56 57 59 60 4 2 8 6 12 10 16 14 20 18 20 18 10 10 10
58 59 60 60 60 2 4 6 8 10 12 14 16 18 20 18 20 10 10 10
57 58 57 58 55 2 4 6 8 10 12 14 16 18 20 18 20 10 10 10
57 57 59 59 58 2 4 6 8 10 12 14 16 18 20 18 20 10 10 10
58 57 57 59 59 4 2 8 6 12 10 16 14 20 18 20 18 10 10 10
58 57 58 59 58 4 2 8 6 12 10 16 14 20 18 20 18 10 10 10
58 58 55 55 59 4 2 8 6 12 10 16 14 20 18 20 18 10 10 10
57 57 57 57 57 4 2 8 6 12 10 16 14 20 18 20 18 10 10 10
55 57 59 60 58 2 4 6 8 10 12 14 16 18 20 18 20 10 10 10
57 58 57 57 60 4 2 8 6 12 10 16 14 20 18 20 18 10 10 10
58 55 57 59 60 2 4 6 8 10 12 14 16 18 20 18 20 10 10 10
57 57 60 57 58 4 2 8 6 12 10 16 14 20 18 20 18 10 10 10

SIZE: 130 x 20
METHOD: Six-block row decomposition construction (Theorem 21 and Appendix A.3), with t=10 five-column inputs of row sizes 6,6,6,16,16,16,16,16,16,16, and 15 added columns from factorized input pairs. The total added-column weight is 54.
MATRIX:
2 3 5 6 4 3 3 3 3 3 3 3 3 3 3 3 3 1 1 1
3 5 6 4 2 1 1 1 1 1 1 1 1 1 1 1 1 1 1 1
5 6 4 2 3 3 3 3 3 3 3 3 3 3 3 3 3 1 1 1
6 4 2 3 5 1 1 1 1 1 1 1 1 1 1 1 1 1 1 1
4 2 3 5 6 3 3 3 3 3 3 3 3 3 3 3 3 1 1 1
1 1 1 1 1 1 1 1 1 1 1 1 1 1 1 1 1 1 1 1
8 9 11 12 10 7 7 7 7 7 7 7 7 7 7 4 2 3 3 3
9 11 12 10 8 5 5 5 5 5 5 5 5 5 5 2 4 3 3 3
11 12 10 8 9 7 7 7 7 7 7 7 7 7 7 4 2 3 3 3
12 10 8 9 11 5 5 5 5 5 5 5 5 5 5 2 4 3 3 3
10 8 9 11 12 7 7 7 7 7 7 7 7 7 7 4 2 3 3 3
7 7 7 7 7 5 5 5 5 5 5 5 5 5 5 2 4 3 3 3
14 15 17 18 16 11 11 4 2 11 11 11 11 11 11 7 7 4 5 5
15 17 18 16 14 9 9 2 4 9 9 9 9 9 9 5 5 4 5 5
17 18 16 14 15 11 11 4 2 11 11 11 11 11 11 7 7 4 5 5
18 16 14 15 17 9 9 2 4 9 9 9 9 9 9 5 5 4 5 5
16 14 15 17 18 11 11 4 2 11 11 11 11 11 11 7 7 4 5 5
13 13 13 13 13 9 9 2 4 9 9 9 9 9 9 5 5 4 5 5
20 21 23 24 22 13 13 9 9 6 8 13 13 13 13 9 9 2 6 7
21 23 24 22 20 13 13 9 9 6 8 13 13 13 13 9 9 2 6 7
23 24 22 20 21 15 15 11 11 8 6 15 15 15 15 11 11 2 6 7
24 22 20 21 23 13 13 9 9 6 8 13 13 13 13 9 9 2 6 7
22 20 21 23 24 15 15 11 11 8 6 15 15 15 15 11 11 2 6 7
22 23 24 24 24 13 13 9 9 6 8 13 13 13 13 9 9 2 6 7
21 22 21 22 19 13 13 9 9 6 8 13 13 13 13 9 9 2 6 7
21 21 23 23 22 13 13 9 9 6 8 13 13 13 13 9 9 2 6 7
22 21 21 23 23 15 15 11 11 8 6 15 15 15 15 11 11 2 6 7
22 21 22 23 22 15 15 11 11 8 6 15 15 15 15 11 11 2 6 7
22 22 19 19 23 15 15 11 11 8 6 15 15 15 15 11 11 2 6 7
21 21 21 21 21 15 15 11 11 8 6 15 15 15 15 11 11 2 6 7
19 21 23 24 22 13 13 9 9 6 8 13 13 13 13 9 9 2 6 7
21 22 21 21 24 15 15 11 11 8 6 15 15 15 15 11 11 2 6 7
22 19 21 23 24 13 13 9 9 6 8 13 13 13 13 9 9 2 6 7
21 21 24 21 22 15 15 11 11 8 6 15 15 15 15 11 11 2 6 7
26 27 29 30 28 17 17 13 13 2 4 10 12 17 17 13 13 5 4 8
27 29 30 28 26 17 17 13 13 2 4 10 12 17 17 13 13 5 4 8
29 30 28 26 27 19 19 15 15 4 2 12 10 19 19 15 15 5 4 8
30 28 26 27 29 17 17 13 13 2 4 10 12 17 17 13 13 5 4 8
28 26 27 29 30 19 19 15 15 4 2 12 10 19 19 15 15 5 4 8
28 29 30 30 30 17 17 13 13 2 4 10 12 17 17 13 13 5 4 8
27 28 27 28 25 17 17 13 13 2 4 10 12 17 17 13 13 5 4 8
27 27 29 29 28 17 17 13 13 2 4 10 12 17 17 13 13 5 4 8
28 27 27 29 29 19 19 15 15 4 2 12 10 19 19 15 15 5 4 8
28 27 28 29 28 19 19 15 15 4 2 12 10 19 19 15 15 5 4 8
28 28 25 25 29 19 19 15 15 4 2 12 10 19 19 15 15 5 4 8
27 27 27 27 27 19 19 15 15 4 2 12 10 19 19 15 15 5 4 8
25 27 29 30 28 17 17 13 13 2 4 10 12 17 17 13 13 5 4 8
27 28 27 27 30 19 19 15 15 4 2 12 10 19 19 15 15 5 4 8
28 25 27 29 30 17 17 13 13 2 4 10 12 17 17 13 13 5 4 8
27 27 30 27 28 19 19 15 15 4 2 12 10 19 19 15 15 5 4 8
32 33 35 36 34 18 20 17 17 13 13 6 8 14 16 17 17 7 2 6
33 35 36 34 32 18 20 17 17 13 13 6 8 14 16 17 17 7 2 6
35 36 34 32 33 20 18 19 19 15 15 8 6 16 14 19 19 7 2 6
36 34 32 33 35 18 20 17 17 13 13 6 8 14 16 17 17 7 2 6
34 32 33 35 36 20 18 19 19 15 15 8 6 16 14 19 19 7 2 6
34 35 36 36 36 18 20 17 17 13 13 6 8 14 16 17 17 7 2 6
33 34 33 34 31 18 20 17 17 13 13 6 8 14 16 17 17 7 2 6
33 33 35 35 34 18 20 17 17 13 13 6 8 14 16 17 17 7 2 6
34 33 33 35 35 20 18 19 19 15 15 8 6 16 14 19 19 7 2 6
34 33 34 35 34 20 18 19 19 15 15 8 6 16 14 19 19 7 2 6
34 34 31 31 35 20 18 19 19 15 15 8 6 16 14 19 19 7 2 6
33 33 33 33 33 20 18 19 19 15 15 8 6 16 14 19 19 7 2 6
31 33 35 36 34 18 20 17 17 13 13 6 8 14 16 17 17 7 2 6
33 34 33 33 36 20 18 19 19 15 15 8 6 16 14 19 19 7 2 6
34 31 33 35 36 18 20 17 17 13 13 6 8 14 16 17 17 7 2 6
33 33 36 33 34 20 18 19 19 15 15 8 6 16 14 19 19 7 2 6
38 39 41 42 40 14 16 18 20 17 17 2 4 10 12 14 16 9 7 4
39 41 42 40 38 14 16 18 20 17 17 2 4 10 12 14 16 9 7 4
41 42 40 38 39 16 14 20 18 19 19 4 2 12 10 16 14 9 7 4
42 40 38 39 41 14 16 18 20 17 17 2 4 10 12 14 16 9 7 4
40 38 39 41 42 16 14 20 18 19 19 4 2 12 10 16 14 9 7 4
40 41 42 42 42 14 16 18 20 17 17 2 4 10 12 14 16 9 7 4
39 40 39 40 37 14 16 18 20 17 17 2 4 10 12 14 16 9 7 4
39 39 41 41 40 14 16 18 20 17 17 2 4 10 12 14 16 9 7 4
40 39 39 41 41 16 14 20 18 19 19 4 2 12 10 16 14 9 7 4
40 39 40 41 40 16 14 20 18 19 19 4 2 12 10 16 14 9 7 4
40 40 37 37 41 16 14 20 18 19 19 4 2 12 10 16 14 9 7 4
39 39 39 39 39 16 14 20 18 19 19 4 2 12 10 16 14 9 7 4
37 39 41 42 40 14 16 18 20 17 17 2 4 10 12 14 16 9 7 4
39 40 39 39 42 16 14 20 18 19 19 4 2 12 10 16 14 9 7 4
40 37 39 41 42 14 16 18 20 17 17 2 4 10 12 14 16 9 7 4
39 39 42 39 40 16 14 20 18 19 19 4 2 12 10 16 14 9 7 4
44 45 47 48 46 10 12 14 16 18 20 17 17 6 8 10 12 8 9 2
45 47 48 46 44 10 12 14 16 18 20 17 17 6 8 10 12 8 9 2
47 48 46 44 45 12 10 16 14 20 18 19 19 8 6 12 10 8 9 2
48 46 44 45 47 10 12 14 16 18 20 17 17 6 8 10 12 8 9 2
46 44 45 47 48 12 10 16 14 20 18 19 19 8 6 12 10 8 9 2
46 47 48 48 48 10 12 14 16 18 20 17 17 6 8 10 12 8 9 2
45 46 45 46 43 10 12 14 16 18 20 17 17 6 8 10 12 8 9 2
45 45 47 47 46 10 12 14 16 18 20 17 17 6 8 10 12 8 9 2
46 45 45 47 47 12 10 16 14 20 18 19 19 8 6 12 10 8 9 2
46 45 46 47 46 12 10 16 14 20 18 19 19 8 6 12 10 8 9 2
46 46 43 43 47 12 10 16 14 20 18 19 19 8 6 12 10 8 9 2
45 45 45 45 45 12 10 16 14 20 18 19 19 8 6 12 10 8 9 2
43 45 47 48 46 10 12 14 16 18 20 17 17 6 8 10 12 8 9 2
45 46 45 45 48 12 10 16 14 20 18 19 19 8 6 12 10 8 9 2
46 43 45 47 48 10 12 14 16 18 20 17 17 6 8 10 12 8 9 2
45 45 48 45 46 12 10 16 14 20 18 19 19 8 6 12 10 8 9 2
50 51 53 54 52 6 8 10 12 14 16 18 20 2 4 6 8 6 8 9
51 53 54 52 50 6 8 10 12 14 16 18 20 2 4 6 8 6 8 9
53 54 52 50 51 8 6 12 10 16 14 20 18 4 2 8 6 6 8 9
54 52 50 51 53 6 8 10 12 14 16 18 20 2 4 6 8 6 8 9
52 50 51 53 54 8 6 12 10 16 14 20 18 4 2 8 6 6 8 9
52 53 54 54 54 6 8 10 12 14 16 18 20 2 4 6 8 6 8 9
51 52 51 52 49 6 8 10 12 14 16 18 20 2 4 6 8 6 8 9
51 51 53 53 52 6 8 10 12 14 16 18 20 2 4 6 8 6 8 9
52 51 51 53 53 8 6 12 10 16 14 20 18 4 2 8 6 6 8 9
52 51 52 53 52 8 6 12 10 16 14 20 18 4 2 8 6 6 8 9
52 52 49 49 53 8 6 12 10 16 14 20 18 4 2 8 6 6 8 9
51 51 51 51 51 8 6 12 10 16 14 20 18 4 2 8 6 6 8 9
49 51 53 54 52 6 8 10 12 14 16 18 20 2 4 6 8 6 8 9
51 52 51 51 54 8 6 12 10 16 14 20 18 4 2 8 6 6 8 9
52 49 51 53 54 6 8 10 12 14 16 18 20 2 4 6 8 6 8 9
51 51 54 51 52 8 6 12 10 16 14 20 18 4 2 8 6 6 8 9
56 57 59 60 58 2 4 6 8 10 12 14 16 18 20 18 20 10 10 10
57 59 60 58 56 2 4 6 8 10 12 14 16 18 20 18 20 10 10 10
59 60 58 56 57 4 2 8 6 12 10 16 14 20 18 20 18 10 10 10
60 58 56 57 59 2 4 6 8 10 12 14 16 18 20 18 20 10 10 10
58 56 57 59 60 4 2 8 6 12 10 16 14 20 18 20 18 10 10 10
58 59 60 60 60 2 4 6 8 10 12 14 16 18 20 18 20 10 10 10
57 58 57 58 55 2 4 6 8 10 12 14 16 18 20 18 20 10 10 10
57 57 59 59 58 2 4 6 8 10 12 14 16 18 20 18 20 10 10 10
58 57 57 59 59 4 2 8 6 12 10 16 14 20 18 20 18 10 10 10
58 57 58 59 58 4 2 8 6 12 10 16 14 20 18 20 18 10 10 10
58 58 55 55 59 4 2 8 6 12 10 16 14 20 18 20 18 10 10 10
57 57 57 57 57 4 2 8 6 12 10 16 14 20 18 20 18 10 10 10
55 57 59 60 58 2 4 6 8 10 12 14 16 18 20 18 20 10 10 10
57 58 57 57 60 4 2 8 6 12 10 16 14 20 18 20 18 10 10 10
58 55 57 59 60 2 4 6 8 10 12 14 16 18 20 18 20 10 10 10
57 57 60 57 58 4 2 8 6 12 10 16 14 20 18 20 18 10 10 10

SIZE: 131 x 20
METHOD: Six-block row decomposition construction (Theorem 21 and Appendix A.3), with t=10 five-column inputs of row sizes 6,6,8,15,16,16,16,16,16,16, and 15 added columns from factorized input pairs. The total added-column weight is 54.
MATRIX:
2 3 5 6 4 3 3 3 3 3 3 3 3 3 3 3 3 1 1 1
3 5 6 4 2 1 1 1 1 1 1 1 1 1 1 1 1 1 1 1
5 6 4 2 3 3 3 3 3 3 3 3 3 3 3 3 3 1 1 1
6 4 2 3 5 1 1 1 1 1 1 1 1 1 1 1 1 1 1 1
4 2 3 5 6 3 3 3 3 3 3 3 3 3 3 3 3 1 1 1
1 1 1 1 1 1 1 1 1 1 1 1 1 1 1 1 1 1 1 1
8 9 11 12 10 7 7 7 7 7 7 7 7 7 7 4 2 3 3 3
9 11 12 10 8 5 5 5 5 5 5 5 5 5 5 2 4 3 3 3
11 12 10 8 9 7 7 7 7 7 7 7 7 7 7 4 2 3 3 3
12 10 8 9 11 5 5 5 5 5 5 5 5 5 5 2 4 3 3 3
10 8 9 11 12 7 7 7 7 7 7 7 7 7 7 4 2 3 3 3
7 7 7 7 7 5 5 5 5 5 5 5 5 5 5 2 4 3 3 3
13 13 13 13 13 9 9 2 4 9 9 9 9 9 9 5 5 4 5 5
13 14 15 15 15 11 11 4 2 11 11 11 11 11 11 7 7 4 5 5
14 15 17 17 17 9 9 2 4 9 9 9 9 9 9 5 5 4 5 5
14 16 19 19 19 11 11 4 2 11 11 11 11 11 11 7 7 4 5 5
15 15 18 14 16 11 11 4 2 11 11 11 11 11 11 7 7 4 5 5
15 16 20 16 14 9 9 2 4 9 9 9 9 9 9 5 5 4 5 5
16 13 14 18 20 11 11 4 2 11 11 11 11 11 11 7 7 4 5 5
16 14 16 20 18 11 11 4 2 11 11 11 11 11 11 7 7 4 5 5
18 19 25 26 24 15 15 11 11 8 6 15 15 15 15 11 11 2 6 7
19 21 26 24 22 13 13 9 9 6 8 13 13 13 13 9 9 2 6 7
21 22 24 22 23 15 15 11 11 8 6 15 15 15 15 11 11 2 6 7
22 20 22 23 25 13 13 9 9 6 8 13 13 13 13 9 9 2 6 7
20 18 23 25 26 13 13 9 9 6 8 13 13 13 13 9 9 2 6 7
22 20 25 24 25 15 15 11 11 8 6 15 15 15 15 11 11 2 6 7
17 21 21 23 25 13 13 9 9 6 8 13 13 13 13 9 9 2 6 7
21 22 23 26 23 13 13 9 9 6 8 13 13 13 13 9 9 2 6 7
21 22 24 21 23 13 13 9 9 6 8 13 13 13 13 9 9 2 6 7
19 21 26 24 21 13 13 9 9 6 8 13 13 13 13 9 9 2 6 7
20 17 26 24 24 15 15 11 11 8 6 15 15 15 15 11 11 2 6 7
19 22 23 25 26 15 15 11 11 8 6 15 15 15 15 11 11 2 6 7
22 20 25 26 26 15 15 11 11 8 6 15 15 15 15 11 11 2 6 7
19 21 26 23 26 13 13 9 9 6 8 13 13 13 13 9 9 2 6 7
19 21 25 25 26 15 15 11 11 8 6 15 15 15 15 11 11 2 6 7
24 25 31 32 30 17 17 13 13 2 4 10 12 17 17 13 13 5 4 8
25 27 32 30 28 17 17 13 13 2 4 10 12 17 17 13 13 5 4 8
27 28 30 28 29 19 19 15 15 4 2 12 10 19 19 15 15 5 4 8
28 26 28 29 31 17 17 13 13 2 4 10 12 17 17 13 13 5 4 8
26 24 29 31 32 19 19 15 15 4 2 12 10 19 19 15 15 5 4 8
26 27 32 32 32 17 17 13 13 2 4 10 12 17 17 13 13 5 4 8
25 26 29 30 27 17 17 13 13 2 4 10 12 17 17 13 13 5 4 8
25 25 31 31 30 17 17 13 13 2 4 10 12 17 17 13 13 5 4 8
26 25 29 31 31 19 19 15 15 4 2 12 10 19 19 15 15 5 4 8
26 25 30 31 30 19 19 15 15 4 2 12 10 19 19 15 15 5 4 8
26 26 27 27 31 19 19 15 15 4 2 12 10 19 19 15 15 5 4 8
25 25 29 29 29 19 19 15 15 4 2 12 10 19 19 15 15 5 4 8
23 25 31 32 30 17 17 13 13 2 4 10 12 17 17 13 13 5 4 8
25 26 29 29 32 19 19 15 15 4 2 12 10 19 19 15 15 5 4 8
26 23 29 31 32 17 17 13 13 2 4 10 12 17 17 13 13 5 4 8
25 25 32 29 30 19 19 15 15 4 2 12 10 19 19 15 15 5 4 8
30 31 37 38 36 18 20 17 17 13 13 6 8 14 16 17 17 7 2 6
31 33 38 36 34 18 20 17 17 13 13 6 8 14 16 17 17 7 2 6
33 34 36 34 35 20 18 19 19 15 15 8 6 16 14 19 19 7 2 6
34 32 34 35 37 18 20 17 17 13 13 6 8 14 16 17 17 7 2 6
32 30 35 37 38 20 18 19 19 15 15 8 6 16 14 19 19 7 2 6
32 33 38 38 38 18 20 17 17 13 13 6 8 14 16 17 17 7 2 6
31 32 35 36 33 18 20 17 17 13 13 6 8 14 16 17 17 7 2 6
31 31 37 37 36 18 20 17 17 13 13 6 8 14 16 17 17 7 2 6
32 31 35 37 37 20 18 19 19 15 15 8 6 16 14 19 19 7 2 6
32 31 36 37 36 20 18 19 19 15 15 8 6 16 14 19 19 7 2 6
32 32 33 33 37 20 18 19 19 15 15 8 6 16 14 19 19 7 2 6
31 31 35 35 35 20 18 19 19 15 15 8 6 16 14 19 19 7 2 6
29 31 37 38 36 18 20 17 17 13 13 6 8 14 16 17 17 7 2 6
31 32 35 35 38 20 18 19 19 15 15 8 6 16 14 19 19 7 2 6
32 29 35 37 38 18 20 17 17 13 13 6 8 14 16 17 17 7 2 6
31 31 38 35 36 20 18 19 19 15 15 8 6 16 14 19 19 7 2 6
36 37 43 44 42 14 16 18 20 17 17 2 4 10 12 14 16 9 7 4
37 39 44 42 40 14 16 18 20 17 17 2 4 10 12 14 16 9 7 4
39 40 42 40 41 16 14 20 18 19 19 4 2 12 10 16 14 9 7 4
40 38 40 41 43 14 16 18 20 17 17 2 4 10 12 14 16 9 7 4
38 36 41 43 44 16 14 20 18 19 19 4 2 12 10 16 14 9 7 4
38 39 44 44 44 14 16 18 20 17 17 2 4 10 12 14 16 9 7 4
37 38 41 42 39 14 16 18 20 17 17 2 4 10 12 14 16 9 7 4
37 37 43 43 42 14 16 18 20 17 17 2 4 10 12 14 16 9 7 4
38 37 41 43 43 16 14 20 18 19 19 4 2 12 10 16 14 9 7 4
38 37 42 43 42 16 14 20 18 19 19 4 2 12 10 16 14 9 7 4
38 38 39 39 43 16 14 20 18 19 19 4 2 12 10 16 14 9 7 4
37 37 41 41 41 16 14 20 18 19 19 4 2 12 10 16 14 9 7 4
35 37 43 44 42 14 16 18 20 17 17 2 4 10 12 14 16 9 7 4
37 38 41 41 44 16 14 20 18 19 19 4 2 12 10 16 14 9 7 4
38 35 41 43 44 14 16 18 20 17 17 2 4 10 12 14 16 9 7 4
37 37 44 41 42 16 14 20 18 19 19 4 2 12 10 16 14 9 7 4
42 43 49 50 48 10 12 14 16 18 20 17 17 6 8 10 12 8 9 2
43 45 50 48 46 10 12 14 16 18 20 17 17 6 8 10 12 8 9 2
45 46 48 46 47 12 10 16 14 20 18 19 19 8 6 12 10 8 9 2
46 44 46 47 49 10 12 14 16 18 20 17 17 6 8 10 12 8 9 2
44 42 47 49 50 12 10 16 14 20 18 19 19 8 6 12 10 8 9 2
44 45 50 50 50 10 12 14 16 18 20 17 17 6 8 10 12 8 9 2
43 44 47 48 45 10 12 14 16 18 20 17 17 6 8 10 12 8 9 2
43 43 49 49 48 10 12 14 16 18 20 17 17 6 8 10 12 8 9 2
44 43 47 49 49 12 10 16 14 20 18 19 19 8 6 12 10 8 9 2
44 43 48 49 48 12 10 16 14 20 18 19 19 8 6 12 10 8 9 2
44 44 45 45 49 12 10 16 14 20 18 19 19 8 6 12 10 8 9 2
43 43 47 47 47 12 10 16 14 20 18 19 19 8 6 12 10 8 9 2
41 43 49 50 48 10 12 14 16 18 20 17 17 6 8 10 12 8 9 2
43 44 47 47 50 12 10 16 14 20 18 19 19 8 6 12 10 8 9 2
44 41 47 49 50 10 12 14 16 18 20 17 17 6 8 10 12 8 9 2
43 43 50 47 48 12 10 16 14 20 18 19 19 8 6 12 10 8 9 2
48 49 55 56 54 6 8 10 12 14 16 18 20 2 4 6 8 6 8 9
49 51 56 54 52 6 8 10 12 14 16 18 20 2 4 6 8 6 8 9
51 52 54 52 53 8 6 12 10 16 14 20 18 4 2 8 6 6 8 9
52 50 52 53 55 6 8 10 12 14 16 18 20 2 4 6 8 6 8 9
50 48 53 55 56 8 6 12 10 16 14 20 18 4 2 8 6 6 8 9
50 51 56 56 56 6 8 10 12 14 16 18 20 2 4 6 8 6 8 9
49 50 53 54 51 6 8 10 12 14 16 18 20 2 4 6 8 6 8 9
49 49 55 55 54 6 8 10 12 14 16 18 20 2 4 6 8 6 8 9
50 49 53 55 55 8 6 12 10 16 14 20 18 4 2 8 6 6 8 9
50 49 54 55 54 8 6 12 10 16 14 20 18 4 2 8 6 6 8 9
50 50 51 51 55 8 6 12 10 16 14 20 18 4 2 8 6 6 8 9
49 49 53 53 53 8 6 12 10 16 14 20 18 4 2 8 6 6 8 9
47 49 55 56 54 6 8 10 12 14 16 18 20 2 4 6 8 6 8 9
49 50 53 53 56 8 6 12 10 16 14 20 18 4 2 8 6 6 8 9
50 47 53 55 56 6 8 10 12 14 16 18 20 2 4 6 8 6 8 9
49 49 56 53 54 8 6 12 10 16 14 20 18 4 2 8 6 6 8 9
54 55 61 62 60 2 4 6 8 10 12 14 16 18 20 18 20 10 10 10
55 57 62 60 58 2 4 6 8 10 12 14 16 18 20 18 20 10 10 10
57 58 60 58 59 4 2 8 6 12 10 16 14 20 18 20 18 10 10 10
58 56 58 59 61 2 4 6 8 10 12 14 16 18 20 18 20 10 10 10
56 54 59 61 62 4 2 8 6 12 10 16 14 20 18 20 18 10 10 10
56 57 62 62 62 2 4 6 8 10 12 14 16 18 20 18 20 10 10 10
55 56 59 60 57 2 4 6 8 10 12 14 16 18 20 18 20 10 10 10
55 55 61 61 60 2 4 6 8 10 12 14 16 18 20 18 20 10 10 10
56 55 59 61 61 4 2 8 6 12 10 16 14 20 18 20 18 10 10 10
56 55 60 61 60 4 2 8 6 12 10 16 14 20 18 20 18 10 10 10
56 56 57 57 61 4 2 8 6 12 10 16 14 20 18 20 18 10 10 10
55 55 59 59 59 4 2 8 6 12 10 16 14 20 18 20 18 10 10 10
53 55 61 62 60 2 4 6 8 10 12 14 16 18 20 18 20 10 10 10
55 56 59 59 62 4 2 8 6 12 10 16 14 20 18 20 18 10 10 10
56 53 59 61 62 2 4 6 8 10 12 14 16 18 20 18 20 10 10 10
55 55 62 59 60 4 2 8 6 12 10 16 14 20 18 20 18 10 10 10

SIZE: 132 x 20
METHOD: Six-block row decomposition construction (Theorem 21 and Appendix A.3), with t=10 five-column inputs of row sizes 6,6,8,16,16,16,16,16,16,16, and 15 added columns from factorized input pairs. The total added-column weight is 54.
MATRIX:
2 3 5 6 4 3 3 3 3 3 3 3 3 3 3 3 3 1 1 1
3 5 6 4 2 1 1 1 1 1 1 1 1 1 1 1 1 1 1 1
5 6 4 2 3 3 3 3 3 3 3 3 3 3 3 3 3 1 1 1
6 4 2 3 5 1 1 1 1 1 1 1 1 1 1 1 1 1 1 1
4 2 3 5 6 3 3 3 3 3 3 3 3 3 3 3 3 1 1 1
1 1 1 1 1 1 1 1 1 1 1 1 1 1 1 1 1 1 1 1
8 9 11 12 10 7 7 7 7 7 7 7 7 7 7 4 2 3 3 3
9 11 12 10 8 5 5 5 5 5 5 5 5 5 5 2 4 3 3 3
11 12 10 8 9 7 7 7 7 7 7 7 7 7 7 4 2 3 3 3
12 10 8 9 11 5 5 5 5 5 5 5 5 5 5 2 4 3 3 3
10 8 9 11 12 7 7 7 7 7 7 7 7 7 7 4 2 3 3 3
7 7 7 7 7 5 5 5 5 5 5 5 5 5 5 2 4 3 3 3
13 13 13 13 13 9 9 2 4 9 9 9 9 9 9 5 5 4 5 5
13 14 15 15 15 11 11 4 2 11 11 11 11 11 11 7 7 4 5 5
14 15 17 17 17 9 9 2 4 9 9 9 9 9 9 5 5 4 5 5
14 16 19 19 19 11 11 4 2 11 11 11 11 11 11 7 7 4 5 5
15 15 18 14 16 11 11 4 2 11 11 11 11 11 11 7 7 4 5 5
15 16 20 16 14 9 9 2 4 9 9 9 9 9 9 5 5 4 5 5
16 13 14 18 20 11 11 4 2 11 11 11 11 11 11 7 7 4 5 5
16 14 16 20 18 11 11 4 2 11 11 11 11 11 11 7 7 4 5 5
18 19 25 26 24 13 13 9 9 6 8 13 13 13 13 9 9 2 6 7
19 21 26 24 22 13 13 9 9 6 8 13 13 13 13 9 9 2 6 7
21 22 24 22 23 15 15 11 11 8 6 15 15 15 15 11 11 2 6 7
22 20 22 23 25 13 13 9 9 6 8 13 13 13 13 9 9 2 6 7
20 18 23 25 26 15 15 11 11 8 6 15 15 15 15 11 11 2 6 7
20 21 26 26 26 13 13 9 9 6 8 13 13 13 13 9 9 2 6 7
19 20 23 24 21 13 13 9 9 6 8 13 13 13 13 9 9 2 6 7
19 19 25 25 24 13 13 9 9 6 8 13 13 13 13 9 9 2 6 7
20 19 23 25 25 15 15 11 11 8 6 15 15 15 15 11 11 2 6 7
20 19 24 25 24 15 15 11 11 8 6 15 15 15 15 11 11 2 6 7
20 20 21 21 25 15 15 11 11 8 6 15 15 15 15 11 11 2 6 7
19 19 23 23 23 15 15 11 11 8 6 15 15 15 15 11 11 2 6 7
17 19 25 26 24 13 13 9 9 6 8 13 13 13 13 9 9 2 6 7
19 20 23 23 26 15 15 11 11 8 6 15 15 15 15 11 11 2 6 7
20 17 23 25 26 13 13 9 9 6 8 13 13 13 13 9 9 2 6 7
19 19 26 23 24 15 15 11 11 8 6 15 15 15 15 11 11 2 6 7
24 25 31 32 30 17 17 13 13 2 4 10 12 17 17 13 13 5 4 8
25 27 32 30 28 17 17 13 13 2 4 10 12 17 17 13 13 5 4 8
27 28 30 28 29 19 19 15 15 4 2 12 10 19 19 15 15 5 4 8
28 26 28 29 31 17 17 13 13 2 4 10 12 17 17 13 13 5 4 8
26 24 29 31 32 19 19 15 15 4 2 12 10 19 19 15 15 5 4 8
26 27 32 32 32 17 17 13 13 2 4 10 12 17 17 13 13 5 4 8
25 26 29 30 27 17 17 13 13 2 4 10 12 17 17 13 13 5 4 8
25 25 31 31 30 17 17 13 13 2 4 10 12 17 17 13 13 5 4 8
26 25 29 31 31 19 19 15 15 4 2 12 10 19 19 15 15 5 4 8
26 25 30 31 30 19 19 15 15 4 2 12 10 19 19 15 15 5 4 8
26 26 27 27 31 19 19 15 15 4 2 12 10 19 19 15 15 5 4 8
25 25 29 29 29 19 19 15 15 4 2 12 10 19 19 15 15 5 4 8
23 25 31 32 30 17 17 13 13 2 4 10 12 17 17 13 13 5 4 8
25 26 29 29 32 19 19 15 15 4 2 12 10 19 19 15 15 5 4 8
26 23 29 31 32 17 17 13 13 2 4 10 12 17 17 13 13 5 4 8
25 25 32 29 30 19 19 15 15 4 2 12 10 19 19 15 15 5 4 8
30 31 37 38 36 18 20 17 17 13 13 6 8 14 16 17 17 7 2 6
31 33 38 36 34 18 20 17 17 13 13 6 8 14 16 17 17 7 2 6
33 34 36 34 35 20 18 19 19 15 15 8 6 16 14 19 19 7 2 6
34 32 34 35 37 18 20 17 17 13 13 6 8 14 16 17 17 7 2 6
32 30 35 37 38 20 18 19 19 15 15 8 6 16 14 19 19 7 2 6
32 33 38 38 38 18 20 17 17 13 13 6 8 14 16 17 17 7 2 6
31 32 35 36 33 18 20 17 17 13 13 6 8 14 16 17 17 7 2 6
31 31 37 37 36 18 20 17 17 13 13 6 8 14 16 17 17 7 2 6
32 31 35 37 37 20 18 19 19 15 15 8 6 16 14 19 19 7 2 6
32 31 36 37 36 20 18 19 19 15 15 8 6 16 14 19 19 7 2 6
32 32 33 33 37 20 18 19 19 15 15 8 6 16 14 19 19 7 2 6
31 31 35 35 35 20 18 19 19 15 15 8 6 16 14 19 19 7 2 6
29 31 37 38 36 18 20 17 17 13 13 6 8 14 16 17 17 7 2 6
31 32 35 35 38 20 18 19 19 15 15 8 6 16 14 19 19 7 2 6
32 29 35 37 38 18 20 17 17 13 13 6 8 14 16 17 17 7 2 6
31 31 38 35 36 20 18 19 19 15 15 8 6 16 14 19 19 7 2 6
36 37 43 44 42 14 16 18 20 17 17 2 4 10 12 14 16 9 7 4
37 39 44 42 40 14 16 18 20 17 17 2 4 10 12 14 16 9 7 4
39 40 42 40 41 16 14 20 18 19 19 4 2 12 10 16 14 9 7 4
40 38 40 41 43 14 16 18 20 17 17 2 4 10 12 14 16 9 7 4
38 36 41 43 44 16 14 20 18 19 19 4 2 12 10 16 14 9 7 4
38 39 44 44 44 14 16 18 20 17 17 2 4 10 12 14 16 9 7 4
37 38 41 42 39 14 16 18 20 17 17 2 4 10 12 14 16 9 7 4
37 37 43 43 42 14 16 18 20 17 17 2 4 10 12 14 16 9 7 4
38 37 41 43 43 16 14 20 18 19 19 4 2 12 10 16 14 9 7 4
38 37 42 43 42 16 14 20 18 19 19 4 2 12 10 16 14 9 7 4
38 38 39 39 43 16 14 20 18 19 19 4 2 12 10 16 14 9 7 4
37 37 41 41 41 16 14 20 18 19 19 4 2 12 10 16 14 9 7 4
35 37 43 44 42 14 16 18 20 17 17 2 4 10 12 14 16 9 7 4
37 38 41 41 44 16 14 20 18 19 19 4 2 12 10 16 14 9 7 4
38 35 41 43 44 14 16 18 20 17 17 2 4 10 12 14 16 9 7 4
37 37 44 41 42 16 14 20 18 19 19 4 2 12 10 16 14 9 7 4
42 43 49 50 48 10 12 14 16 18 20 17 17 6 8 10 12 8 9 2
43 45 50 48 46 10 12 14 16 18 20 17 17 6 8 10 12 8 9 2
45 46 48 46 47 12 10 16 14 20 18 19 19 8 6 12 10 8 9 2
46 44 46 47 49 10 12 14 16 18 20 17 17 6 8 10 12 8 9 2
44 42 47 49 50 12 10 16 14 20 18 19 19 8 6 12 10 8 9 2
44 45 50 50 50 10 12 14 16 18 20 17 17 6 8 10 12 8 9 2
43 44 47 48 45 10 12 14 16 18 20 17 17 6 8 10 12 8 9 2
43 43 49 49 48 10 12 14 16 18 20 17 17 6 8 10 12 8 9 2
44 43 47 49 49 12 10 16 14 20 18 19 19 8 6 12 10 8 9 2
44 43 48 49 48 12 10 16 14 20 18 19 19 8 6 12 10 8 9 2
44 44 45 45 49 12 10 16 14 20 18 19 19 8 6 12 10 8 9 2
43 43 47 47 47 12 10 16 14 20 18 19 19 8 6 12 10 8 9 2
41 43 49 50 48 10 12 14 16 18 20 17 17 6 8 10 12 8 9 2
43 44 47 47 50 12 10 16 14 20 18 19 19 8 6 12 10 8 9 2
44 41 47 49 50 10 12 14 16 18 20 17 17 6 8 10 12 8 9 2
43 43 50 47 48 12 10 16 14 20 18 19 19 8 6 12 10 8 9 2
48 49 55 56 54 6 8 10 12 14 16 18 20 2 4 6 8 6 8 9
49 51 56 54 52 6 8 10 12 14 16 18 20 2 4 6 8 6 8 9
51 52 54 52 53 8 6 12 10 16 14 20 18 4 2 8 6 6 8 9
52 50 52 53 55 6 8 10 12 14 16 18 20 2 4 6 8 6 8 9
50 48 53 55 56 8 6 12 10 16 14 20 18 4 2 8 6 6 8 9
50 51 56 56 56 6 8 10 12 14 16 18 20 2 4 6 8 6 8 9
49 50 53 54 51 6 8 10 12 14 16 18 20 2 4 6 8 6 8 9
49 49 55 55 54 6 8 10 12 14 16 18 20 2 4 6 8 6 8 9
50 49 53 55 55 8 6 12 10 16 14 20 18 4 2 8 6 6 8 9
50 49 54 55 54 8 6 12 10 16 14 20 18 4 2 8 6 6 8 9
50 50 51 51 55 8 6 12 10 16 14 20 18 4 2 8 6 6 8 9
49 49 53 53 53 8 6 12 10 16 14 20 18 4 2 8 6 6 8 9
47 49 55 56 54 6 8 10 12 14 16 18 20 2 4 6 8 6 8 9
49 50 53 53 56 8 6 12 10 16 14 20 18 4 2 8 6 6 8 9
50 47 53 55 56 6 8 10 12 14 16 18 20 2 4 6 8 6 8 9
49 49 56 53 54 8 6 12 10 16 14 20 18 4 2 8 6 6 8 9
54 55 61 62 60 2 4 6 8 10 12 14 16 18 20 18 20 10 10 10
55 57 62 60 58 2 4 6 8 10 12 14 16 18 20 18 20 10 10 10
57 58 60 58 59 4 2 8 6 12 10 16 14 20 18 20 18 10 10 10
58 56 58 59 61 2 4 6 8 10 12 14 16 18 20 18 20 10 10 10
56 54 59 61 62 4 2 8 6 12 10 16 14 20 18 20 18 10 10 10
56 57 62 62 62 2 4 6 8 10 12 14 16 18 20 18 20 10 10 10
55 56 59 60 57 2 4 6 8 10 12 14 16 18 20 18 20 10 10 10
55 55 61 61 60 2 4 6 8 10 12 14 16 18 20 18 20 10 10 10
56 55 59 61 61 4 2 8 6 12 10 16 14 20 18 20 18 10 10 10
56 55 60 61 60 4 2 8 6 12 10 16 14 20 18 20 18 10 10 10
56 56 57 57 61 4 2 8 6 12 10 16 14 20 18 20 18 10 10 10
55 55 59 59 59 4 2 8 6 12 10 16 14 20 18 20 18 10 10 10
53 55 61 62 60 2 4 6 8 10 12 14 16 18 20 18 20 10 10 10
55 56 59 59 62 4 2 8 6 12 10 16 14 20 18 20 18 10 10 10
56 53 59 61 62 2 4 6 8 10 12 14 16 18 20 18 20 10 10 10
55 55 62 59 60 4 2 8 6 12 10 16 14 20 18 20 18 10 10 10

SIZE: 133 x 20
METHOD: Six-block row decomposition construction (Theorem 21 and Appendix A.3), with t=10 five-column inputs of row sizes 6,6,9,16,16,16,16,16,16,16, and 15 added columns from factorized input pairs. The total added-column weight is 54.
MATRIX:
2 3 5 6 4 3 3 3 3 3 3 3 3 3 3 3 3 1 1 1
3 5 6 4 2 1 1 1 1 1 1 1 1 1 1 1 1 1 1 1
5 6 4 2 3 3 3 3 3 3 3 3 3 3 3 3 3 1 1 1
6 4 2 3 5 1 1 1 1 1 1 1 1 1 1 1 1 1 1 1
4 2 3 5 6 3 3 3 3 3 3 3 3 3 3 3 3 1 1 1
1 1 1 1 1 1 1 1 1 1 1 1 1 1 1 1 1 1 1 1
8 9 11 12 10 7 7 7 7 7 7 7 7 7 7 4 2 3 3 3
9 11 12 10 8 5 5 5 5 5 5 5 5 5 5 2 4 3 3 3
11 12 10 8 9 7 7 7 7 7 7 7 7 7 7 4 2 3 3 3
12 10 8 9 11 5 5 5 5 5 5 5 5 5 5 2 4 3 3 3
10 8 9 11 12 7 7 7 7 7 7 7 7 7 7 4 2 3 3 3
7 7 7 7 7 5 5 5 5 5 5 5 5 5 5 2 4 3 3 3
14 15 17 18 16 9 9 2 4 9 9 9 9 9 9 5 5 4 5 5
15 17 18 16 14 11 11 4 2 11 11 11 11 11 11 7 7 4 5 5
17 18 16 14 15 9 9 2 4 9 9 9 9 9 9 5 5 4 5 5
18 16 14 15 17 9 9 2 4 9 9 9 9 9 9 5 5 4 5 5
16 14 15 17 18 11 11 4 2 11 11 11 11 11 11 7 7 4 5 5
18 13 13 17 13 11 11 4 2 11 11 11 11 11 11 7 7 4 5 5
13 15 15 18 13 11 11 4 2 11 11 11 11 11 11 7 7 4 5 5
16 16 15 18 18 9 9 2 4 9 9 9 9 9 9 5 5 4 5 5
17 16 17 13 17 9 9 2 4 9 9 9 9 9 9 5 5 4 5 5
20 21 23 24 22 13 13 9 9 6 8 13 13 13 13 9 9 2 6 7
21 23 24 22 20 13 13 9 9 6 8 13 13 13 13 9 9 2 6 7
23 24 22 20 21 15 15 11 11 8 6 15 15 15 15 11 11 2 6 7
24 22 20 21 23 13 13 9 9 6 8 13 13 13 13 9 9 2 6 7
22 20 21 23 24 15 15 11 11 8 6 15 15 15 15 11 11 2 6 7
22 23 24 24 24 13 13 9 9 6 8 13 13 13 13 9 9 2 6 7
21 22 21 22 19 13 13 9 9 6 8 13 13 13 13 9 9 2 6 7
21 21 23 23 22 13 13 9 9 6 8 13 13 13 13 9 9 2 6 7
22 21 21 23 23 15 15 11 11 8 6 15 15 15 15 11 11 2 6 7
22 21 22 23 22 15 15 11 11 8 6 15 15 15 15 11 11 2 6 7
22 22 19 19 23 15 15 11 11 8 6 15 15 15 15 11 11 2 6 7
21 21 21 21 21 15 15 11 11 8 6 15 15 15 15 11 11 2 6 7
19 21 23 24 22 13 13 9 9 6 8 13 13 13 13 9 9 2 6 7
21 22 21 21 24 15 15 11 11 8 6 15 15 15 15 11 11 2 6 7
22 19 21 23 24 13 13 9 9 6 8 13 13 13 13 9 9 2 6 7
21 21 24 21 22 15 15 11 11 8 6 15 15 15 15 11 11 2 6 7
26 27 29 30 28 17 17 13 13 2 4 10 12 17 17 13 13 5 4 8
27 29 30 28 26 17 17 13 13 2 4 10 12 17 17 13 13 5 4 8
29 30 28 26 27 19 19 15 15 4 2 12 10 19 19 15 15 5 4 8
30 28 26 27 29 17 17 13 13 2 4 10 12 17 17 13 13 5 4 8
28 26 27 29 30 19 19 15 15 4 2 12 10 19 19 15 15 5 4 8
28 29 30 30 30 17 17 13 13 2 4 10 12 17 17 13 13 5 4 8
27 28 27 28 25 17 17 13 13 2 4 10 12 17 17 13 13 5 4 8
27 27 29 29 28 17 17 13 13 2 4 10 12 17 17 13 13 5 4 8
28 27 27 29 29 19 19 15 15 4 2 12 10 19 19 15 15 5 4 8
28 27 28 29 28 19 19 15 15 4 2 12 10 19 19 15 15 5 4 8
28 28 25 25 29 19 19 15 15 4 2 12 10 19 19 15 15 5 4 8
27 27 27 27 27 19 19 15 15 4 2 12 10 19 19 15 15 5 4 8
25 27 29 30 28 17 17 13 13 2 4 10 12 17 17 13 13 5 4 8
27 28 27 27 30 19 19 15 15 4 2 12 10 19 19 15 15 5 4 8
28 25 27 29 30 17 17 13 13 2 4 10 12 17 17 13 13 5 4 8
27 27 30 27 28 19 19 15 15 4 2 12 10 19 19 15 15 5 4 8
32 33 35 36 34 18 20 17 17 13 13 6 8 14 16 17 17 7 2 6
33 35 36 34 32 18 20 17 17 13 13 6 8 14 16 17 17 7 2 6
35 36 34 32 33 20 18 19 19 15 15 8 6 16 14 19 19 7 2 6
36 34 32 33 35 18 20 17 17 13 13 6 8 14 16 17 17 7 2 6
34 32 33 35 36 20 18 19 19 15 15 8 6 16 14 19 19 7 2 6
34 35 36 36 36 18 20 17 17 13 13 6 8 14 16 17 17 7 2 6
33 34 33 34 31 18 20 17 17 13 13 6 8 14 16 17 17 7 2 6
33 33 35 35 34 18 20 17 17 13 13 6 8 14 16 17 17 7 2 6
34 33 33 35 35 20 18 19 19 15 15 8 6 16 14 19 19 7 2 6
34 33 34 35 34 20 18 19 19 15 15 8 6 16 14 19 19 7 2 6
34 34 31 31 35 20 18 19 19 15 15 8 6 16 14 19 19 7 2 6
33 33 33 33 33 20 18 19 19 15 15 8 6 16 14 19 19 7 2 6
31 33 35 36 34 18 20 17 17 13 13 6 8 14 16 17 17 7 2 6
33 34 33 33 36 20 18 19 19 15 15 8 6 16 14 19 19 7 2 6
34 31 33 35 36 18 20 17 17 13 13 6 8 14 16 17 17 7 2 6
33 33 36 33 34 20 18 19 19 15 15 8 6 16 14 19 19 7 2 6
38 39 41 42 40 14 16 18 20 17 17 2 4 10 12 14 16 9 7 4
39 41 42 40 38 14 16 18 20 17 17 2 4 10 12 14 16 9 7 4
41 42 40 38 39 16 14 20 18 19 19 4 2 12 10 16 14 9 7 4
42 40 38 39 41 14 16 18 20 17 17 2 4 10 12 14 16 9 7 4
40 38 39 41 42 16 14 20 18 19 19 4 2 12 10 16 14 9 7 4
40 41 42 42 42 14 16 18 20 17 17 2 4 10 12 14 16 9 7 4
39 40 39 40 37 14 16 18 20 17 17 2 4 10 12 14 16 9 7 4
39 39 41 41 40 14 16 18 20 17 17 2 4 10 12 14 16 9 7 4
40 39 39 41 41 16 14 20 18 19 19 4 2 12 10 16 14 9 7 4
40 39 40 41 40 16 14 20 18 19 19 4 2 12 10 16 14 9 7 4
40 40 37 37 41 16 14 20 18 19 19 4 2 12 10 16 14 9 7 4
39 39 39 39 39 16 14 20 18 19 19 4 2 12 10 16 14 9 7 4
37 39 41 42 40 14 16 18 20 17 17 2 4 10 12 14 16 9 7 4
39 40 39 39 42 16 14 20 18 19 19 4 2 12 10 16 14 9 7 4
40 37 39 41 42 14 16 18 20 17 17 2 4 10 12 14 16 9 7 4
39 39 42 39 40 16 14 20 18 19 19 4 2 12 10 16 14 9 7 4
44 45 47 48 46 10 12 14 16 18 20 17 17 6 8 10 12 8 9 2
45 47 48 46 44 10 12 14 16 18 20 17 17 6 8 10 12 8 9 2
47 48 46 44 45 12 10 16 14 20 18 19 19 8 6 12 10 8 9 2
48 46 44 45 47 10 12 14 16 18 20 17 17 6 8 10 12 8 9 2
46 44 45 47 48 12 10 16 14 20 18 19 19 8 6 12 10 8 9 2
46 47 48 48 48 10 12 14 16 18 20 17 17 6 8 10 12 8 9 2
45 46 45 46 43 10 12 14 16 18 20 17 17 6 8 10 12 8 9 2
45 45 47 47 46 10 12 14 16 18 20 17 17 6 8 10 12 8 9 2
46 45 45 47 47 12 10 16 14 20 18 19 19 8 6 12 10 8 9 2
46 45 46 47 46 12 10 16 14 20 18 19 19 8 6 12 10 8 9 2
46 46 43 43 47 12 10 16 14 20 18 19 19 8 6 12 10 8 9 2
45 45 45 45 45 12 10 16 14 20 18 19 19 8 6 12 10 8 9 2
43 45 47 48 46 10 12 14 16 18 20 17 17 6 8 10 12 8 9 2
45 46 45 45 48 12 10 16 14 20 18 19 19 8 6 12 10 8 9 2
46 43 45 47 48 10 12 14 16 18 20 17 17 6 8 10 12 8 9 2
45 45 48 45 46 12 10 16 14 20 18 19 19 8 6 12 10 8 9 2
50 51 53 54 52 6 8 10 12 14 16 18 20 2 4 6 8 6 8 9
51 53 54 52 50 6 8 10 12 14 16 18 20 2 4 6 8 6 8 9
53 54 52 50 51 8 6 12 10 16 14 20 18 4 2 8 6 6 8 9
54 52 50 51 53 6 8 10 12 14 16 18 20 2 4 6 8 6 8 9
52 50 51 53 54 8 6 12 10 16 14 20 18 4 2 8 6 6 8 9
52 53 54 54 54 6 8 10 12 14 16 18 20 2 4 6 8 6 8 9
51 52 51 52 49 6 8 10 12 14 16 18 20 2 4 6 8 6 8 9
51 51 53 53 52 6 8 10 12 14 16 18 20 2 4 6 8 6 8 9
52 51 51 53 53 8 6 12 10 16 14 20 18 4 2 8 6 6 8 9
52 51 52 53 52 8 6 12 10 16 14 20 18 4 2 8 6 6 8 9
52 52 49 49 53 8 6 12 10 16 14 20 18 4 2 8 6 6 8 9
51 51 51 51 51 8 6 12 10 16 14 20 18 4 2 8 6 6 8 9
49 51 53 54 52 6 8 10 12 14 16 18 20 2 4 6 8 6 8 9
51 52 51 51 54 8 6 12 10 16 14 20 18 4 2 8 6 6 8 9
52 49 51 53 54 6 8 10 12 14 16 18 20 2 4 6 8 6 8 9
51 51 54 51 52 8 6 12 10 16 14 20 18 4 2 8 6 6 8 9
56 57 59 60 58 2 4 6 8 10 12 14 16 18 20 18 20 10 10 10
57 59 60 58 56 2 4 6 8 10 12 14 16 18 20 18 20 10 10 10
59 60 58 56 57 4 2 8 6 12 10 16 14 20 18 20 18 10 10 10
60 58 56 57 59 2 4 6 8 10 12 14 16 18 20 18 20 10 10 10
58 56 57 59 60 4 2 8 6 12 10 16 14 20 18 20 18 10 10 10
58 59 60 60 60 2 4 6 8 10 12 14 16 18 20 18 20 10 10 10
57 58 57 58 55 2 4 6 8 10 12 14 16 18 20 18 20 10 10 10
57 57 59 59 58 2 4 6 8 10 12 14 16 18 20 18 20 10 10 10
58 57 57 59 59 4 2 8 6 12 10 16 14 20 18 20 18 10 10 10
58 57 58 59 58 4 2 8 6 12 10 16 14 20 18 20 18 10 10 10
58 58 55 55 59 4 2 8 6 12 10 16 14 20 18 20 18 10 10 10
57 57 57 57 57 4 2 8 6 12 10 16 14 20 18 20 18 10 10 10
55 57 59 60 58 2 4 6 8 10 12 14 16 18 20 18 20 10 10 10
57 58 57 57 60 4 2 8 6 12 10 16 14 20 18 20 18 10 10 10
58 55 57 59 60 2 4 6 8 10 12 14 16 18 20 18 20 10 10 10
57 57 60 57 58 4 2 8 6 12 10 16 14 20 18 20 18 10 10 10

SIZE: 134 x 20
METHOD: Six-block row decomposition construction (Theorem 21 and Appendix A.3), with t=10 five-column inputs of row sizes 6,6,10,16,16,16,16,16,16,16, and 15 added columns from factorized input pairs. The total added-column weight is 54.
MATRIX:
2 3 5 6 4 3 3 3 3 3 3 3 3 3 3 3 3 1 1 1
3 5 6 4 2 1 1 1 1 1 1 1 1 1 1 1 1 1 1 1
5 6 4 2 3 3 3 3 3 3 3 3 3 3 3 3 3 1 1 1
6 4 2 3 5 1 1 1 1 1 1 1 1 1 1 1 1 1 1 1
4 2 3 5 6 3 3 3 3 3 3 3 3 3 3 3 3 1 1 1
1 1 1 1 1 1 1 1 1 1 1 1 1 1 1 1 1 1 1 1
8 9 11 12 10 7 7 7 7 7 7 7 7 7 7 4 2 3 3 3
9 11 12 10 8 5 5 5 5 5 5 5 5 5 5 2 4 3 3 3
11 12 10 8 9 7 7 7 7 7 7 7 7 7 7 4 2 3 3 3
12 10 8 9 11 5 5 5 5 5 5 5 5 5 5 2 4 3 3 3
10 8 9 11 12 7 7 7 7 7 7 7 7 7 7 4 2 3 3 3
7 7 7 7 7 5 5 5 5 5 5 5 5 5 5 2 4 3 3 3
14 15 17 18 16 9 9 2 4 9 9 9 9 9 9 5 5 4 5 5
15 17 18 16 14 11 11 4 2 11 11 11 11 11 11 7 7 4 5 5
17 18 16 14 15 9 9 2 4 9 9 9 9 9 9 5 5 4 5 5
18 16 14 15 17 9 9 2 4 9 9 9 9 9 9 5 5 4 5 5
16 14 15 17 18 11 11 4 2 11 11 11 11 11 11 7 7 4 5 5
17 18 18 13 17 11 11 4 2 11 11 11 11 11 11 7 7 4 5 5
18 13 18 16 13 9 9 2 4 9 9 9 9 9 9 5 5 4 5 5
18 13 13 15 15 9 9 2 4 9 9 9 9 9 9 5 5 4 5 5
17 17 18 18 13 11 11 4 2 11 11 11 11 11 11 7 7 4 5 5
13 17 17 16 17 11 11 4 2 11 11 11 11 11 11 7 7 4 5 5
20 21 23 24 22 13 13 9 9 6 8 13 13 13 13 9 9 2 6 7
21 23 24 22 20 13 13 9 9 6 8 13 13 13 13 9 9 2 6 7
23 24 22 20 21 15 15 11 11 8 6 15 15 15 15 11 11 2 6 7
24 22 20 21 23 13 13 9 9 6 8 13 13 13 13 9 9 2 6 7
22 20 21 23 24 15 15 11 11 8 6 15 15 15 15 11 11 2 6 7
22 23 24 24 24 13 13 9 9 6 8 13 13 13 13 9 9 2 6 7
21 22 21 22 19 13 13 9 9 6 8 13 13 13 13 9 9 2 6 7
21 21 23 23 22 13 13 9 9 6 8 13 13 13 13 9 9 2 6 7
22 21 21 23 23 15 15 11 11 8 6 15 15 15 15 11 11 2 6 7
22 21 22 23 22 15 15 11 11 8 6 15 15 15 15 11 11 2 6 7
22 22 19 19 23 15 15 11 11 8 6 15 15 15 15 11 11 2 6 7
21 21 21 21 21 15 15 11 11 8 6 15 15 15 15 11 11 2 6 7
19 21 23 24 22 13 13 9 9 6 8 13 13 13 13 9 9 2 6 7
21 22 21 21 24 15 15 11 11 8 6 15 15 15 15 11 11 2 6 7
22 19 21 23 24 13 13 9 9 6 8 13 13 13 13 9 9 2 6 7
21 21 24 21 22 15 15 11 11 8 6 15 15 15 15 11 11 2 6 7
26 27 29 30 28 17 17 13 13 2 4 10 12 17 17 13 13 5 4 8
27 29 30 28 26 17 17 13 13 2 4 10 12 17 17 13 13 5 4 8
29 30 28 26 27 19 19 15 15 4 2 12 10 19 19 15 15 5 4 8
30 28 26 27 29 17 17 13 13 2 4 10 12 17 17 13 13 5 4 8
28 26 27 29 30 19 19 15 15 4 2 12 10 19 19 15 15 5 4 8
28 29 30 30 30 17 17 13 13 2 4 10 12 17 17 13 13 5 4 8
27 28 27 28 25 17 17 13 13 2 4 10 12 17 17 13 13 5 4 8
27 27 29 29 28 17 17 13 13 2 4 10 12 17 17 13 13 5 4 8
28 27 27 29 29 19 19 15 15 4 2 12 10 19 19 15 15 5 4 8
28 27 28 29 28 19 19 15 15 4 2 12 10 19 19 15 15 5 4 8
28 28 25 25 29 19 19 15 15 4 2 12 10 19 19 15 15 5 4 8
27 27 27 27 27 19 19 15 15 4 2 12 10 19 19 15 15 5 4 8
25 27 29 30 28 17 17 13 13 2 4 10 12 17 17 13 13 5 4 8
27 28 27 27 30 19 19 15 15 4 2 12 10 19 19 15 15 5 4 8
28 25 27 29 30 17 17 13 13 2 4 10 12 17 17 13 13 5 4 8
27 27 30 27 28 19 19 15 15 4 2 12 10 19 19 15 15 5 4 8
32 33 35 36 34 18 20 17 17 13 13 6 8 14 16 17 17 7 2 6
33 35 36 34 32 18 20 17 17 13 13 6 8 14 16 17 17 7 2 6
35 36 34 32 33 20 18 19 19 15 15 8 6 16 14 19 19 7 2 6
36 34 32 33 35 18 20 17 17 13 13 6 8 14 16 17 17 7 2 6
34 32 33 35 36 20 18 19 19 15 15 8 6 16 14 19 19 7 2 6
34 35 36 36 36 18 20 17 17 13 13 6 8 14 16 17 17 7 2 6
33 34 33 34 31 18 20 17 17 13 13 6 8 14 16 17 17 7 2 6
33 33 35 35 34 18 20 17 17 13 13 6 8 14 16 17 17 7 2 6
34 33 33 35 35 20 18 19 19 15 15 8 6 16 14 19 19 7 2 6
34 33 34 35 34 20 18 19 19 15 15 8 6 16 14 19 19 7 2 6
34 34 31 31 35 20 18 19 19 15 15 8 6 16 14 19 19 7 2 6
33 33 33 33 33 20 18 19 19 15 15 8 6 16 14 19 19 7 2 6
31 33 35 36 34 18 20 17 17 13 13 6 8 14 16 17 17 7 2 6
33 34 33 33 36 20 18 19 19 15 15 8 6 16 14 19 19 7 2 6
34 31 33 35 36 18 20 17 17 13 13 6 8 14 16 17 17 7 2 6
33 33 36 33 34 20 18 19 19 15 15 8 6 16 14 19 19 7 2 6
38 39 41 42 40 14 16 18 20 17 17 2 4 10 12 14 16 9 7 4
39 41 42 40 38 14 16 18 20 17 17 2 4 10 12 14 16 9 7 4
41 42 40 38 39 16 14 20 18 19 19 4 2 12 10 16 14 9 7 4
42 40 38 39 41 14 16 18 20 17 17 2 4 10 12 14 16 9 7 4
40 38 39 41 42 16 14 20 18 19 19 4 2 12 10 16 14 9 7 4
40 41 42 42 42 14 16 18 20 17 17 2 4 10 12 14 16 9 7 4
39 40 39 40 37 14 16 18 20 17 17 2 4 10 12 14 16 9 7 4
39 39 41 41 40 14 16 18 20 17 17 2 4 10 12 14 16 9 7 4
40 39 39 41 41 16 14 20 18 19 19 4 2 12 10 16 14 9 7 4
40 39 40 41 40 16 14 20 18 19 19 4 2 12 10 16 14 9 7 4
40 40 37 37 41 16 14 20 18 19 19 4 2 12 10 16 14 9 7 4
39 39 39 39 39 16 14 20 18 19 19 4 2 12 10 16 14 9 7 4
37 39 41 42 40 14 16 18 20 17 17 2 4 10 12 14 16 9 7 4
39 40 39 39 42 16 14 20 18 19 19 4 2 12 10 16 14 9 7 4
40 37 39 41 42 14 16 18 20 17 17 2 4 10 12 14 16 9 7 4
39 39 42 39 40 16 14 20 18 19 19 4 2 12 10 16 14 9 7 4
44 45 47 48 46 10 12 14 16 18 20 17 17 6 8 10 12 8 9 2
45 47 48 46 44 10 12 14 16 18 20 17 17 6 8 10 12 8 9 2
47 48 46 44 45 12 10 16 14 20 18 19 19 8 6 12 10 8 9 2
48 46 44 45 47 10 12 14 16 18 20 17 17 6 8 10 12 8 9 2
46 44 45 47 48 12 10 16 14 20 18 19 19 8 6 12 10 8 9 2
46 47 48 48 48 10 12 14 16 18 20 17 17 6 8 10 12 8 9 2
45 46 45 46 43 10 12 14 16 18 20 17 17 6 8 10 12 8 9 2
45 45 47 47 46 10 12 14 16 18 20 17 17 6 8 10 12 8 9 2
46 45 45 47 47 12 10 16 14 20 18 19 19 8 6 12 10 8 9 2
46 45 46 47 46 12 10 16 14 20 18 19 19 8 6 12 10 8 9 2
46 46 43 43 47 12 10 16 14 20 18 19 19 8 6 12 10 8 9 2
45 45 45 45 45 12 10 16 14 20 18 19 19 8 6 12 10 8 9 2
43 45 47 48 46 10 12 14 16 18 20 17 17 6 8 10 12 8 9 2
45 46 45 45 48 12 10 16 14 20 18 19 19 8 6 12 10 8 9 2
46 43 45 47 48 10 12 14 16 18 20 17 17 6 8 10 12 8 9 2
45 45 48 45 46 12 10 16 14 20 18 19 19 8 6 12 10 8 9 2
50 51 53 54 52 6 8 10 12 14 16 18 20 2 4 6 8 6 8 9
51 53 54 52 50 6 8 10 12 14 16 18 20 2 4 6 8 6 8 9
53 54 52 50 51 8 6 12 10 16 14 20 18 4 2 8 6 6 8 9
54 52 50 51 53 6 8 10 12 14 16 18 20 2 4 6 8 6 8 9
52 50 51 53 54 8 6 12 10 16 14 20 18 4 2 8 6 6 8 9
52 53 54 54 54 6 8 10 12 14 16 18 20 2 4 6 8 6 8 9
51 52 51 52 49 6 8 10 12 14 16 18 20 2 4 6 8 6 8 9
51 51 53 53 52 6 8 10 12 14 16 18 20 2 4 6 8 6 8 9
52 51 51 53 53 8 6 12 10 16 14 20 18 4 2 8 6 6 8 9
52 51 52 53 52 8 6 12 10 16 14 20 18 4 2 8 6 6 8 9
52 52 49 49 53 8 6 12 10 16 14 20 18 4 2 8 6 6 8 9
51 51 51 51 51 8 6 12 10 16 14 20 18 4 2 8 6 6 8 9
49 51 53 54 52 6 8 10 12 14 16 18 20 2 4 6 8 6 8 9
51 52 51 51 54 8 6 12 10 16 14 20 18 4 2 8 6 6 8 9
52 49 51 53 54 6 8 10 12 14 16 18 20 2 4 6 8 6 8 9
51 51 54 51 52 8 6 12 10 16 14 20 18 4 2 8 6 6 8 9
56 57 59 60 58 2 4 6 8 10 12 14 16 18 20 18 20 10 10 10
57 59 60 58 56 2 4 6 8 10 12 14 16 18 20 18 20 10 10 10
59 60 58 56 57 4 2 8 6 12 10 16 14 20 18 20 18 10 10 10
60 58 56 57 59 2 4 6 8 10 12 14 16 18 20 18 20 10 10 10
58 56 57 59 60 4 2 8 6 12 10 16 14 20 18 20 18 10 10 10
58 59 60 60 60 2 4 6 8 10 12 14 16 18 20 18 20 10 10 10
57 58 57 58 55 2 4 6 8 10 12 14 16 18 20 18 20 10 10 10
57 57 59 59 58 2 4 6 8 10 12 14 16 18 20 18 20 10 10 10
58 57 57 59 59 4 2 8 6 12 10 16 14 20 18 20 18 10 10 10
58 57 58 59 58 4 2 8 6 12 10 16 14 20 18 20 18 10 10 10
58 58 55 55 59 4 2 8 6 12 10 16 14 20 18 20 18 10 10 10
57 57 57 57 57 4 2 8 6 12 10 16 14 20 18 20 18 10 10 10
55 57 59 60 58 2 4 6 8 10 12 14 16 18 20 18 20 10 10 10
57 58 57 57 60 4 2 8 6 12 10 16 14 20 18 20 18 10 10 10
58 55 57 59 60 2 4 6 8 10 12 14 16 18 20 18 20 10 10 10
57 57 60 57 58 4 2 8 6 12 10 16 14 20 18 20 18 10 10 10

SIZE: 135 x 20
METHOD: Six-block row decomposition construction (Theorem 21 and Appendix A.3), with t=10 five-column inputs of row sizes 6,6,11,16,16,16,16,16,16,16, and 15 added columns from factorized input pairs. The total added-column weight is 54.
MATRIX:
2 3 5 6 4 3 3 3 3 3 3 3 3 3 3 3 3 1 1 1
3 5 6 4 2 1 1 1 1 1 1 1 1 1 1 1 1 1 1 1
5 6 4 2 3 3 3 3 3 3 3 3 3 3 3 3 3 1 1 1
6 4 2 3 5 1 1 1 1 1 1 1 1 1 1 1 1 1 1 1
4 2 3 5 6 3 3 3 3 3 3 3 3 3 3 3 3 1 1 1
1 1 1 1 1 1 1 1 1 1 1 1 1 1 1 1 1 1 1 1
8 9 11 12 10 7 7 7 7 7 7 7 7 7 7 4 2 3 3 3
9 11 12 10 8 5 5 5 5 5 5 5 5 5 5 2 4 3 3 3
11 12 10 8 9 7 7 7 7 7 7 7 7 7 7 4 2 3 3 3
12 10 8 9 11 5 5 5 5 5 5 5 5 5 5 2 4 3 3 3
10 8 9 11 12 7 7 7 7 7 7 7 7 7 7 4 2 3 3 3
7 7 7 7 7 5 5 5 5 5 5 5 5 5 5 2 4 3 3 3
14 15 17 18 16 9 9 2 4 9 9 9 9 9 9 5 5 4 5 5
15 17 18 16 14 9 9 2 4 9 9 9 9 9 9 5 5 4 5 5
17 18 16 14 15 11 11 4 2 11 11 11 11 11 11 7 7 4 5 5
18 16 14 15 17 9 9 2 4 9 9 9 9 9 9 5 5 4 5 5
16 14 15 17 18 9 9 2 4 9 9 9 9 9 9 5 5 4 5 5
16 13 18 16 16 9 9 2 4 9 9 9 9 9 9 5 5 4 5 5
15 16 13 13 13 11 11 4 2 11 11 11 11 11 11 7 7 4 5 5
16 15 15 18 15 9 9 2 4 9 9 9 9 9 9 5 5 4 5 5
16 15 16 13 15 11 11 4 2 11 11 11 11 11 11 7 7 4 5 5
15 15 15 17 13 11 11 4 2 11 11 11 11 11 11 7 7 4 5 5
13 15 17 18 16 11 11 4 2 11 11 11 11 11 11 7 7 4 5 5
20 21 23 24 22 13 13 9 9 6 8 13 13 13 13 9 9 2 6 7
21 23 24 22 20 13 13 9 9 6 8 13 13 13 13 9 9 2 6 7
23 24 22 20 21 15 15 11 11 8 6 15 15 15 15 11 11 2 6 7
24 22 20 21 23 13 13 9 9 6 8 13 13 13 13 9 9 2 6 7
22 20 21 23 24 15 15 11 11 8 6 15 15 15 15 11 11 2 6 7
22 23 24 24 24 13 13 9 9 6 8 13 13 13 13 9 9 2 6 7
21 22 21 22 19 13 13 9 9 6 8 13 13 13 13 9 9 2 6 7
21 21 23 23 22 13 13 9 9 6 8 13 13 13 13 9 9 2 6 7
22 21 21 23 23 15 15 11 11 8 6 15 15 15 15 11 11 2 6 7
22 21 22 23 22 15 15 11 11 8 6 15 15 15 15 11 11 2 6 7
22 22 19 19 23 15 15 11 11 8 6 15 15 15 15 11 11 2 6 7
21 21 21 21 21 15 15 11 11 8 6 15 15 15 15 11 11 2 6 7
19 21 23 24 22 13 13 9 9 6 8 13 13 13 13 9 9 2 6 7
21 22 21 21 24 15 15 11 11 8 6 15 15 15 15 11 11 2 6 7
22 19 21 23 24 13 13 9 9 6 8 13 13 13 13 9 9 2 6 7
21 21 24 21 22 15 15 11 11 8 6 15 15 15 15 11 11 2 6 7
26 27 29 30 28 17 17 13 13 2 4 10 12 17 17 13 13 5 4 8
27 29 30 28 26 17 17 13 13 2 4 10 12 17 17 13 13 5 4 8
29 30 28 26 27 19 19 15 15 4 2 12 10 19 19 15 15 5 4 8
30 28 26 27 29 17 17 13 13 2 4 10 12 17 17 13 13 5 4 8
28 26 27 29 30 19 19 15 15 4 2 12 10 19 19 15 15 5 4 8
28 29 30 30 30 17 17 13 13 2 4 10 12 17 17 13 13 5 4 8
27 28 27 28 25 17 17 13 13 2 4 10 12 17 17 13 13 5 4 8
27 27 29 29 28 17 17 13 13 2 4 10 12 17 17 13 13 5 4 8
28 27 27 29 29 19 19 15 15 4 2 12 10 19 19 15 15 5 4 8
28 27 28 29 28 19 19 15 15 4 2 12 10 19 19 15 15 5 4 8
28 28 25 25 29 19 19 15 15 4 2 12 10 19 19 15 15 5 4 8
27 27 27 27 27 19 19 15 15 4 2 12 10 19 19 15 15 5 4 8
25 27 29 30 28 17 17 13 13 2 4 10 12 17 17 13 13 5 4 8
27 28 27 27 30 19 19 15 15 4 2 12 10 19 19 15 15 5 4 8
28 25 27 29 30 17 17 13 13 2 4 10 12 17 17 13 13 5 4 8
27 27 30 27 28 19 19 15 15 4 2 12 10 19 19 15 15 5 4 8
32 33 35 36 34 18 20 17 17 13 13 6 8 14 16 17 17 7 2 6
33 35 36 34 32 18 20 17 17 13 13 6 8 14 16 17 17 7 2 6
35 36 34 32 33 20 18 19 19 15 15 8 6 16 14 19 19 7 2 6
36 34 32 33 35 18 20 17 17 13 13 6 8 14 16 17 17 7 2 6
34 32 33 35 36 20 18 19 19 15 15 8 6 16 14 19 19 7 2 6
34 35 36 36 36 18 20 17 17 13 13 6 8 14 16 17 17 7 2 6
33 34 33 34 31 18 20 17 17 13 13 6 8 14 16 17 17 7 2 6
33 33 35 35 34 18 20 17 17 13 13 6 8 14 16 17 17 7 2 6
34 33 33 35 35 20 18 19 19 15 15 8 6 16 14 19 19 7 2 6
34 33 34 35 34 20 18 19 19 15 15 8 6 16 14 19 19 7 2 6
34 34 31 31 35 20 18 19 19 15 15 8 6 16 14 19 19 7 2 6
33 33 33 33 33 20 18 19 19 15 15 8 6 16 14 19 19 7 2 6
31 33 35 36 34 18 20 17 17 13 13 6 8 14 16 17 17 7 2 6
33 34 33 33 36 20 18 19 19 15 15 8 6 16 14 19 19 7 2 6
34 31 33 35 36 18 20 17 17 13 13 6 8 14 16 17 17 7 2 6
33 33 36 33 34 20 18 19 19 15 15 8 6 16 14 19 19 7 2 6
38 39 41 42 40 14 16 18 20 17 17 2 4 10 12 14 16 9 7 4
39 41 42 40 38 14 16 18 20 17 17 2 4 10 12 14 16 9 7 4
41 42 40 38 39 16 14 20 18 19 19 4 2 12 10 16 14 9 7 4
42 40 38 39 41 14 16 18 20 17 17 2 4 10 12 14 16 9 7 4
40 38 39 41 42 16 14 20 18 19 19 4 2 12 10 16 14 9 7 4
40 41 42 42 42 14 16 18 20 17 17 2 4 10 12 14 16 9 7 4
39 40 39 40 37 14 16 18 20 17 17 2 4 10 12 14 16 9 7 4
39 39 41 41 40 14 16 18 20 17 17 2 4 10 12 14 16 9 7 4
40 39 39 41 41 16 14 20 18 19 19 4 2 12 10 16 14 9 7 4
40 39 40 41 40 16 14 20 18 19 19 4 2 12 10 16 14 9 7 4
40 40 37 37 41 16 14 20 18 19 19 4 2 12 10 16 14 9 7 4
39 39 39 39 39 16 14 20 18 19 19 4 2 12 10 16 14 9 7 4
37 39 41 42 40 14 16 18 20 17 17 2 4 10 12 14 16 9 7 4
39 40 39 39 42 16 14 20 18 19 19 4 2 12 10 16 14 9 7 4
40 37 39 41 42 14 16 18 20 17 17 2 4 10 12 14 16 9 7 4
39 39 42 39 40 16 14 20 18 19 19 4 2 12 10 16 14 9 7 4
44 45 47 48 46 10 12 14 16 18 20 17 17 6 8 10 12 8 9 2
45 47 48 46 44 10 12 14 16 18 20 17 17 6 8 10 12 8 9 2
47 48 46 44 45 12 10 16 14 20 18 19 19 8 6 12 10 8 9 2
48 46 44 45 47 10 12 14 16 18 20 17 17 6 8 10 12 8 9 2
46 44 45 47 48 12 10 16 14 20 18 19 19 8 6 12 10 8 9 2
46 47 48 48 48 10 12 14 16 18 20 17 17 6 8 10 12 8 9 2
45 46 45 46 43 10 12 14 16 18 20 17 17 6 8 10 12 8 9 2
45 45 47 47 46 10 12 14 16 18 20 17 17 6 8 10 12 8 9 2
46 45 45 47 47 12 10 16 14 20 18 19 19 8 6 12 10 8 9 2
46 45 46 47 46 12 10 16 14 20 18 19 19 8 6 12 10 8 9 2
46 46 43 43 47 12 10 16 14 20 18 19 19 8 6 12 10 8 9 2
45 45 45 45 45 12 10 16 14 20 18 19 19 8 6 12 10 8 9 2
43 45 47 48 46 10 12 14 16 18 20 17 17 6 8 10 12 8 9 2
45 46 45 45 48 12 10 16 14 20 18 19 19 8 6 12 10 8 9 2
46 43 45 47 48 10 12 14 16 18 20 17 17 6 8 10 12 8 9 2
45 45 48 45 46 12 10 16 14 20 18 19 19 8 6 12 10 8 9 2
50 51 53 54 52 6 8 10 12 14 16 18 20 2 4 6 8 6 8 9
51 53 54 52 50 6 8 10 12 14 16 18 20 2 4 6 8 6 8 9
53 54 52 50 51 8 6 12 10 16 14 20 18 4 2 8 6 6 8 9
54 52 50 51 53 6 8 10 12 14 16 18 20 2 4 6 8 6 8 9
52 50 51 53 54 8 6 12 10 16 14 20 18 4 2 8 6 6 8 9
52 53 54 54 54 6 8 10 12 14 16 18 20 2 4 6 8 6 8 9
51 52 51 52 49 6 8 10 12 14 16 18 20 2 4 6 8 6 8 9
51 51 53 53 52 6 8 10 12 14 16 18 20 2 4 6 8 6 8 9
52 51 51 53 53 8 6 12 10 16 14 20 18 4 2 8 6 6 8 9
52 51 52 53 52 8 6 12 10 16 14 20 18 4 2 8 6 6 8 9
52 52 49 49 53 8 6 12 10 16 14 20 18 4 2 8 6 6 8 9
51 51 51 51 51 8 6 12 10 16 14 20 18 4 2 8 6 6 8 9
49 51 53 54 52 6 8 10 12 14 16 18 20 2 4 6 8 6 8 9
51 52 51 51 54 8 6 12 10 16 14 20 18 4 2 8 6 6 8 9
52 49 51 53 54 6 8 10 12 14 16 18 20 2 4 6 8 6 8 9
51 51 54 51 52 8 6 12 10 16 14 20 18 4 2 8 6 6 8 9
56 57 59 60 58 2 4 6 8 10 12 14 16 18 20 18 20 10 10 10
57 59 60 58 56 2 4 6 8 10 12 14 16 18 20 18 20 10 10 10
59 60 58 56 57 4 2 8 6 12 10 16 14 20 18 20 18 10 10 10
60 58 56 57 59 2 4 6 8 10 12 14 16 18 20 18 20 10 10 10
58 56 57 59 60 4 2 8 6 12 10 16 14 20 18 20 18 10 10 10
58 59 60 60 60 2 4 6 8 10 12 14 16 18 20 18 20 10 10 10
57 58 57 58 55 2 4 6 8 10 12 14 16 18 20 18 20 10 10 10
57 57 59 59 58 2 4 6 8 10 12 14 16 18 20 18 20 10 10 10
58 57 57 59 59 4 2 8 6 12 10 16 14 20 18 20 18 10 10 10
58 57 58 59 58 4 2 8 6 12 10 16 14 20 18 20 18 10 10 10
58 58 55 55 59 4 2 8 6 12 10 16 14 20 18 20 18 10 10 10
57 57 57 57 57 4 2 8 6 12 10 16 14 20 18 20 18 10 10 10
55 57 59 60 58 2 4 6 8 10 12 14 16 18 20 18 20 10 10 10
57 58 57 57 60 4 2 8 6 12 10 16 14 20 18 20 18 10 10 10
58 55 57 59 60 2 4 6 8 10 12 14 16 18 20 18 20 10 10 10
57 57 60 57 58 4 2 8 6 12 10 16 14 20 18 20 18 10 10 10

SIZE: 136 x 20
METHOD: Six-block row decomposition construction (Theorem 21 and Appendix A.3), with t=10 five-column inputs of row sizes 6,6,12,16,16,16,16,16,16,16, and 15 added columns from factorized input pairs. The total added-column weight is 54.
MATRIX:
2 3 5 6 4 3 3 3 3 3 3 3 3 3 3 3 3 1 1 1
3 5 6 4 2 1 1 1 1 1 1 1 1 1 1 1 1 1 1 1
5 6 4 2 3 3 3 3 3 3 3 3 3 3 3 3 3 1 1 1
6 4 2 3 5 1 1 1 1 1 1 1 1 1 1 1 1 1 1 1
4 2 3 5 6 3 3 3 3 3 3 3 3 3 3 3 3 1 1 1
1 1 1 1 1 1 1 1 1 1 1 1 1 1 1 1 1 1 1 1
8 9 11 12 10 7 7 7 7 7 7 7 7 7 7 4 2 3 3 3
9 11 12 10 8 5 5 5 5 5 5 5 5 5 5 2 4 3 3 3
11 12 10 8 9 7 7 7 7 7 7 7 7 7 7 4 2 3 3 3
12 10 8 9 11 5 5 5 5 5 5 5 5 5 5 2 4 3 3 3
10 8 9 11 12 7 7 7 7 7 7 7 7 7 7 4 2 3 3 3
7 7 7 7 7 5 5 5 5 5 5 5 5 5 5 2 4 3 3 3
14 15 17 18 16 11 11 4 2 11 11 11 11 11 11 7 7 4 5 5
15 17 18 16 14 9 9 2 4 9 9 9 9 9 9 5 5 4 5 5
17 18 16 14 15 11 11 4 2 11 11 11 11 11 11 7 7 4 5 5
18 16 14 15 17 11 11 4 2 11 11 11 11 11 11 7 7 4 5 5
16 14 15 17 18 11 11 4 2 11 11 11 11 11 11 7 7 4 5 5
13 17 17 18 18 9 9 2 4 9 9 9 9 9 9 5 5 4 5 5
15 15 18 13 13 9 9 2 4 9 9 9 9 9 9 5 5 4 5 5
16 17 13 17 17 9 9 2 4 9 9 9 9 9 9 5 5 4 5 5
16 13 15 17 18 9 9 2 4 9 9 9 9 9 9 5 5 4 5 5
15 17 17 17 18 11 11 4 2 11 11 11 11 11 11 7 7 4 5 5
16 17 18 18 18 9 9 2 4 9 9 9 9 9 9 5 5 4 5 5
16 17 16 17 18 11 11 4 2 11 11 11 11 11 11 7 7 4 5 5
20 21 23 24 22 13 13 9 9 6 8 13 13 13 13 9 9 2 6 7
21 23 24 22 20 13 13 9 9 6 8 13 13 13 13 9 9 2 6 7
23 24 22 20 21 15 15 11 11 8 6 15 15 15 15 11 11 2 6 7
24 22 20 21 23 13 13 9 9 6 8 13 13 13 13 9 9 2 6 7
22 20 21 23 24 15 15 11 11 8 6 15 15 15 15 11 11 2 6 7
22 23 24 24 24 13 13 9 9 6 8 13 13 13 13 9 9 2 6 7
21 22 21 22 19 13 13 9 9 6 8 13 13 13 13 9 9 2 6 7
21 21 23 23 22 13 13 9 9 6 8 13 13 13 13 9 9 2 6 7
22 21 21 23 23 15 15 11 11 8 6 15 15 15 15 11 11 2 6 7
22 21 22 23 22 15 15 11 11 8 6 15 15 15 15 11 11 2 6 7
22 22 19 19 23 15 15 11 11 8 6 15 15 15 15 11 11 2 6 7
21 21 21 21 21 15 15 11 11 8 6 15 15 15 15 11 11 2 6 7
19 21 23 24 22 13 13 9 9 6 8 13 13 13 13 9 9 2 6 7
21 22 21 21 24 15 15 11 11 8 6 15 15 15 15 11 11 2 6 7
22 19 21 23 24 13 13 9 9 6 8 13 13 13 13 9 9 2 6 7
21 21 24 21 22 15 15 11 11 8 6 15 15 15 15 11 11 2 6 7
26 27 29 30 28 17 17 13 13 2 4 10 12 17 17 13 13 5 4 8
27 29 30 28 26 17 17 13 13 2 4 10 12 17 17 13 13 5 4 8
29 30 28 26 27 19 19 15 15 4 2 12 10 19 19 15 15 5 4 8
30 28 26 27 29 17 17 13 13 2 4 10 12 17 17 13 13 5 4 8
28 26 27 29 30 19 19 15 15 4 2 12 10 19 19 15 15 5 4 8
28 29 30 30 30 17 17 13 13 2 4 10 12 17 17 13 13 5 4 8
27 28 27 28 25 17 17 13 13 2 4 10 12 17 17 13 13 5 4 8
27 27 29 29 28 17 17 13 13 2 4 10 12 17 17 13 13 5 4 8
28 27 27 29 29 19 19 15 15 4 2 12 10 19 19 15 15 5 4 8
28 27 28 29 28 19 19 15 15 4 2 12 10 19 19 15 15 5 4 8
28 28 25 25 29 19 19 15 15 4 2 12 10 19 19 15 15 5 4 8
27 27 27 27 27 19 19 15 15 4 2 12 10 19 19 15 15 5 4 8
25 27 29 30 28 17 17 13 13 2 4 10 12 17 17 13 13 5 4 8
27 28 27 27 30 19 19 15 15 4 2 12 10 19 19 15 15 5 4 8
28 25 27 29 30 17 17 13 13 2 4 10 12 17 17 13 13 5 4 8
27 27 30 27 28 19 19 15 15 4 2 12 10 19 19 15 15 5 4 8
32 33 35 36 34 18 20 17 17 13 13 6 8 14 16 17 17 7 2 6
33 35 36 34 32 18 20 17 17 13 13 6 8 14 16 17 17 7 2 6
35 36 34 32 33 20 18 19 19 15 15 8 6 16 14 19 19 7 2 6
36 34 32 33 35 18 20 17 17 13 13 6 8 14 16 17 17 7 2 6
34 32 33 35 36 20 18 19 19 15 15 8 6 16 14 19 19 7 2 6
34 35 36 36 36 18 20 17 17 13 13 6 8 14 16 17 17 7 2 6
33 34 33 34 31 18 20 17 17 13 13 6 8 14 16 17 17 7 2 6
33 33 35 35 34 18 20 17 17 13 13 6 8 14 16 17 17 7 2 6
34 33 33 35 35 20 18 19 19 15 15 8 6 16 14 19 19 7 2 6
34 33 34 35 34 20 18 19 19 15 15 8 6 16 14 19 19 7 2 6
34 34 31 31 35 20 18 19 19 15 15 8 6 16 14 19 19 7 2 6
33 33 33 33 33 20 18 19 19 15 15 8 6 16 14 19 19 7 2 6
31 33 35 36 34 18 20 17 17 13 13 6 8 14 16 17 17 7 2 6
33 34 33 33 36 20 18 19 19 15 15 8 6 16 14 19 19 7 2 6
34 31 33 35 36 18 20 17 17 13 13 6 8 14 16 17 17 7 2 6
33 33 36 33 34 20 18 19 19 15 15 8 6 16 14 19 19 7 2 6
38 39 41 42 40 14 16 18 20 17 17 2 4 10 12 14 16 9 7 4
39 41 42 40 38 14 16 18 20 17 17 2 4 10 12 14 16 9 7 4
41 42 40 38 39 16 14 20 18 19 19 4 2 12 10 16 14 9 7 4
42 40 38 39 41 14 16 18 20 17 17 2 4 10 12 14 16 9 7 4
40 38 39 41 42 16 14 20 18 19 19 4 2 12 10 16 14 9 7 4
40 41 42 42 42 14 16 18 20 17 17 2 4 10 12 14 16 9 7 4
39 40 39 40 37 14 16 18 20 17 17 2 4 10 12 14 16 9 7 4
39 39 41 41 40 14 16 18 20 17 17 2 4 10 12 14 16 9 7 4
40 39 39 41 41 16 14 20 18 19 19 4 2 12 10 16 14 9 7 4
40 39 40 41 40 16 14 20 18 19 19 4 2 12 10 16 14 9 7 4
40 40 37 37 41 16 14 20 18 19 19 4 2 12 10 16 14 9 7 4
39 39 39 39 39 16 14 20 18 19 19 4 2 12 10 16 14 9 7 4
37 39 41 42 40 14 16 18 20 17 17 2 4 10 12 14 16 9 7 4
39 40 39 39 42 16 14 20 18 19 19 4 2 12 10 16 14 9 7 4
40 37 39 41 42 14 16 18 20 17 17 2 4 10 12 14 16 9 7 4
39 39 42 39 40 16 14 20 18 19 19 4 2 12 10 16 14 9 7 4
44 45 47 48 46 10 12 14 16 18 20 17 17 6 8 10 12 8 9 2
45 47 48 46 44 10 12 14 16 18 20 17 17 6 8 10 12 8 9 2
47 48 46 44 45 12 10 16 14 20 18 19 19 8 6 12 10 8 9 2
48 46 44 45 47 10 12 14 16 18 20 17 17 6 8 10 12 8 9 2
46 44 45 47 48 12 10 16 14 20 18 19 19 8 6 12 10 8 9 2
46 47 48 48 48 10 12 14 16 18 20 17 17 6 8 10 12 8 9 2
45 46 45 46 43 10 12 14 16 18 20 17 17 6 8 10 12 8 9 2
45 45 47 47 46 10 12 14 16 18 20 17 17 6 8 10 12 8 9 2
46 45 45 47 47 12 10 16 14 20 18 19 19 8 6 12 10 8 9 2
46 45 46 47 46 12 10 16 14 20 18 19 19 8 6 12 10 8 9 2
46 46 43 43 47 12 10 16 14 20 18 19 19 8 6 12 10 8 9 2
45 45 45 45 45 12 10 16 14 20 18 19 19 8 6 12 10 8 9 2
43 45 47 48 46 10 12 14 16 18 20 17 17 6 8 10 12 8 9 2
45 46 45 45 48 12 10 16 14 20 18 19 19 8 6 12 10 8 9 2
46 43 45 47 48 10 12 14 16 18 20 17 17 6 8 10 12 8 9 2
45 45 48 45 46 12 10 16 14 20 18 19 19 8 6 12 10 8 9 2
50 51 53 54 52 6 8 10 12 14 16 18 20 2 4 6 8 6 8 9
51 53 54 52 50 6 8 10 12 14 16 18 20 2 4 6 8 6 8 9
53 54 52 50 51 8 6 12 10 16 14 20 18 4 2 8 6 6 8 9
54 52 50 51 53 6 8 10 12 14 16 18 20 2 4 6 8 6 8 9
52 50 51 53 54 8 6 12 10 16 14 20 18 4 2 8 6 6 8 9
52 53 54 54 54 6 8 10 12 14 16 18 20 2 4 6 8 6 8 9
51 52 51 52 49 6 8 10 12 14 16 18 20 2 4 6 8 6 8 9
51 51 53 53 52 6 8 10 12 14 16 18 20 2 4 6 8 6 8 9
52 51 51 53 53 8 6 12 10 16 14 20 18 4 2 8 6 6 8 9
52 51 52 53 52 8 6 12 10 16 14 20 18 4 2 8 6 6 8 9
52 52 49 49 53 8 6 12 10 16 14 20 18 4 2 8 6 6 8 9
51 51 51 51 51 8 6 12 10 16 14 20 18 4 2 8 6 6 8 9
49 51 53 54 52 6 8 10 12 14 16 18 20 2 4 6 8 6 8 9
51 52 51 51 54 8 6 12 10 16 14 20 18 4 2 8 6 6 8 9
52 49 51 53 54 6 8 10 12 14 16 18 20 2 4 6 8 6 8 9
51 51 54 51 52 8 6 12 10 16 14 20 18 4 2 8 6 6 8 9
56 57 59 60 58 2 4 6 8 10 12 14 16 18 20 18 20 10 10 10
57 59 60 58 56 2 4 6 8 10 12 14 16 18 20 18 20 10 10 10
59 60 58 56 57 4 2 8 6 12 10 16 14 20 18 20 18 10 10 10
60 58 56 57 59 2 4 6 8 10 12 14 16 18 20 18 20 10 10 10
58 56 57 59 60 4 2 8 6 12 10 16 14 20 18 20 18 10 10 10
58 59 60 60 60 2 4 6 8 10 12 14 16 18 20 18 20 10 10 10
57 58 57 58 55 2 4 6 8 10 12 14 16 18 20 18 20 10 10 10
57 57 59 59 58 2 4 6 8 10 12 14 16 18 20 18 20 10 10 10
58 57 57 59 59 4 2 8 6 12 10 16 14 20 18 20 18 10 10 10
58 57 58 59 58 4 2 8 6 12 10 16 14 20 18 20 18 10 10 10
58 58 55 55 59 4 2 8 6 12 10 16 14 20 18 20 18 10 10 10
57 57 57 57 57 4 2 8 6 12 10 16 14 20 18 20 18 10 10 10
55 57 59 60 58 2 4 6 8 10 12 14 16 18 20 18 20 10 10 10
57 58 57 57 60 4 2 8 6 12 10 16 14 20 18 20 18 10 10 10
58 55 57 59 60 2 4 6 8 10 12 14 16 18 20 18 20 10 10 10
57 57 60 57 58 4 2 8 6 12 10 16 14 20 18 20 18 10 10 10

SIZE: 137 x 20
METHOD: Six-block row decomposition construction (Theorem 21 and Appendix A.3), with t=10 five-column inputs of row sizes 6,6,13,16,16,16,16,16,16,16, and 15 added columns from factorized input pairs. The total added-column weight is 54.
MATRIX:
2 3 5 6 4 3 3 3 3 3 3 3 3 3 3 3 3 1 1 1
3 5 6 4 2 1 1 1 1 1 1 1 1 1 1 1 1 1 1 1
5 6 4 2 3 3 3 3 3 3 3 3 3 3 3 3 3 1 1 1
6 4 2 3 5 1 1 1 1 1 1 1 1 1 1 1 1 1 1 1
4 2 3 5 6 3 3 3 3 3 3 3 3 3 3 3 3 1 1 1
1 1 1 1 1 1 1 1 1 1 1 1 1 1 1 1 1 1 1 1
8 9 11 12 10 7 7 7 7 7 7 7 7 7 7 4 2 3 3 3
9 11 12 10 8 5 5 5 5 5 5 5 5 5 5 2 4 3 3 3
11 12 10 8 9 7 7 7 7 7 7 7 7 7 7 4 2 3 3 3
12 10 8 9 11 5 5 5 5 5 5 5 5 5 5 2 4 3 3 3
10 8 9 11 12 7 7 7 7 7 7 7 7 7 7 4 2 3 3 3
7 7 7 7 7 5 5 5 5 5 5 5 5 5 5 2 4 3 3 3
14 15 17 18 16 11 11 4 2 11 11 11 11 11 11 7 7 4 5 5
15 17 18 16 14 11 11 4 2 11 11 11 11 11 11 7 7 4 5 5
17 18 16 14 15 9 9 2 4 9 9 9 9 9 9 5 5 4 5 5
18 16 14 15 17 11 11 4 2 11 11 11 11 11 11 7 7 4 5 5
16 14 15 17 18 9 9 2 4 9 9 9 9 9 9 5 5 4 5 5
15 15 18 13 13 9 9 2 4 9 9 9 9 9 9 5 5 4 5 5
13 17 17 18 18 9 9 2 4 9 9 9 9 9 9 5 5 4 5 5
18 16 13 15 17 9 9 2 4 9 9 9 9 9 9 5 5 4 5 5
16 13 18 16 16 9 9 2 4 9 9 9 9 9 9 5 5 4 5 5
18 16 17 16 17 11 11 4 2 11 11 11 11 11 11 7 7 4 5 5
17 16 17 13 17 11 11 4 2 11 11 11 11 11 11 7 7 4 5 5
18 13 17 17 18 11 11 4 2 11 11 11 11 11 11 7 7 4 5 5
18 15 17 17 17 9 9 2 4 9 9 9 9 9 9 5 5 4 5 5
20 21 23 24 22 13 13 9 9 6 8 13 13 13 13 9 9 2 6 7
21 23 24 22 20 13 13 9 9 6 8 13 13 13 13 9 9 2 6 7
23 24 22 20 21 15 15 11 11 8 6 15 15 15 15 11 11 2 6 7
24 22 20 21 23 13 13 9 9 6 8 13 13 13 13 9 9 2 6 7
22 20 21 23 24 15 15 11 11 8 6 15 15 15 15 11 11 2 6 7
22 23 24 24 24 13 13 9 9 6 8 13 13 13 13 9 9 2 6 7
21 22 21 22 19 13 13 9 9 6 8 13 13 13 13 9 9 2 6 7
21 21 23 23 22 13 13 9 9 6 8 13 13 13 13 9 9 2 6 7
22 21 21 23 23 15 15 11 11 8 6 15 15 15 15 11 11 2 6 7
22 21 22 23 22 15 15 11 11 8 6 15 15 15 15 11 11 2 6 7
22 22 19 19 23 15 15 11 11 8 6 15 15 15 15 11 11 2 6 7
21 21 21 21 21 15 15 11 11 8 6 15 15 15 15 11 11 2 6 7
19 21 23 24 22 13 13 9 9 6 8 13 13 13 13 9 9 2 6 7
21 22 21 21 24 15 15 11 11 8 6 15 15 15 15 11 11 2 6 7
22 19 21 23 24 13 13 9 9 6 8 13 13 13 13 9 9 2 6 7
21 21 24 21 22 15 15 11 11 8 6 15 15 15 15 11 11 2 6 7
26 27 29 30 28 17 17 13 13 2 4 10 12 17 17 13 13 5 4 8
27 29 30 28 26 17 17 13 13 2 4 10 12 17 17 13 13 5 4 8
29 30 28 26 27 19 19 15 15 4 2 12 10 19 19 15 15 5 4 8
30 28 26 27 29 17 17 13 13 2 4 10 12 17 17 13 13 5 4 8
28 26 27 29 30 19 19 15 15 4 2 12 10 19 19 15 15 5 4 8
28 29 30 30 30 17 17 13 13 2 4 10 12 17 17 13 13 5 4 8
27 28 27 28 25 17 17 13 13 2 4 10 12 17 17 13 13 5 4 8
27 27 29 29 28 17 17 13 13 2 4 10 12 17 17 13 13 5 4 8
28 27 27 29 29 19 19 15 15 4 2 12 10 19 19 15 15 5 4 8
28 27 28 29 28 19 19 15 15 4 2 12 10 19 19 15 15 5 4 8
28 28 25 25 29 19 19 15 15 4 2 12 10 19 19 15 15 5 4 8
27 27 27 27 27 19 19 15 15 4 2 12 10 19 19 15 15 5 4 8
25 27 29 30 28 17 17 13 13 2 4 10 12 17 17 13 13 5 4 8
27 28 27 27 30 19 19 15 15 4 2 12 10 19 19 15 15 5 4 8
28 25 27 29 30 17 17 13 13 2 4 10 12 17 17 13 13 5 4 8
27 27 30 27 28 19 19 15 15 4 2 12 10 19 19 15 15 5 4 8
32 33 35 36 34 18 20 17 17 13 13 6 8 14 16 17 17 7 2 6
33 35 36 34 32 18 20 17 17 13 13 6 8 14 16 17 17 7 2 6
35 36 34 32 33 20 18 19 19 15 15 8 6 16 14 19 19 7 2 6
36 34 32 33 35 18 20 17 17 13 13 6 8 14 16 17 17 7 2 6
34 32 33 35 36 20 18 19 19 15 15 8 6 16 14 19 19 7 2 6
34 35 36 36 36 18 20 17 17 13 13 6 8 14 16 17 17 7 2 6
33 34 33 34 31 18 20 17 17 13 13 6 8 14 16 17 17 7 2 6
33 33 35 35 34 18 20 17 17 13 13 6 8 14 16 17 17 7 2 6
34 33 33 35 35 20 18 19 19 15 15 8 6 16 14 19 19 7 2 6
34 33 34 35 34 20 18 19 19 15 15 8 6 16 14 19 19 7 2 6
34 34 31 31 35 20 18 19 19 15 15 8 6 16 14 19 19 7 2 6
33 33 33 33 33 20 18 19 19 15 15 8 6 16 14 19 19 7 2 6
31 33 35 36 34 18 20 17 17 13 13 6 8 14 16 17 17 7 2 6
33 34 33 33 36 20 18 19 19 15 15 8 6 16 14 19 19 7 2 6
34 31 33 35 36 18 20 17 17 13 13 6 8 14 16 17 17 7 2 6
33 33 36 33 34 20 18 19 19 15 15 8 6 16 14 19 19 7 2 6
38 39 41 42 40 14 16 18 20 17 17 2 4 10 12 14 16 9 7 4
39 41 42 40 38 14 16 18 20 17 17 2 4 10 12 14 16 9 7 4
41 42 40 38 39 16 14 20 18 19 19 4 2 12 10 16 14 9 7 4
42 40 38 39 41 14 16 18 20 17 17 2 4 10 12 14 16 9 7 4
40 38 39 41 42 16 14 20 18 19 19 4 2 12 10 16 14 9 7 4
40 41 42 42 42 14 16 18 20 17 17 2 4 10 12 14 16 9 7 4
39 40 39 40 37 14 16 18 20 17 17 2 4 10 12 14 16 9 7 4
39 39 41 41 40 14 16 18 20 17 17 2 4 10 12 14 16 9 7 4
40 39 39 41 41 16 14 20 18 19 19 4 2 12 10 16 14 9 7 4
40 39 40 41 40 16 14 20 18 19 19 4 2 12 10 16 14 9 7 4
40 40 37 37 41 16 14 20 18 19 19 4 2 12 10 16 14 9 7 4
39 39 39 39 39 16 14 20 18 19 19 4 2 12 10 16 14 9 7 4
37 39 41 42 40 14 16 18 20 17 17 2 4 10 12 14 16 9 7 4
39 40 39 39 42 16 14 20 18 19 19 4 2 12 10 16 14 9 7 4
40 37 39 41 42 14 16 18 20 17 17 2 4 10 12 14 16 9 7 4
39 39 42 39 40 16 14 20 18 19 19 4 2 12 10 16 14 9 7 4
44 45 47 48 46 10 12 14 16 18 20 17 17 6 8 10 12 8 9 2
45 47 48 46 44 10 12 14 16 18 20 17 17 6 8 10 12 8 9 2
47 48 46 44 45 12 10 16 14 20 18 19 19 8 6 12 10 8 9 2
48 46 44 45 47 10 12 14 16 18 20 17 17 6 8 10 12 8 9 2
46 44 45 47 48 12 10 16 14 20 18 19 19 8 6 12 10 8 9 2
46 47 48 48 48 10 12 14 16 18 20 17 17 6 8 10 12 8 9 2
45 46 45 46 43 10 12 14 16 18 20 17 17 6 8 10 12 8 9 2
45 45 47 47 46 10 12 14 16 18 20 17 17 6 8 10 12 8 9 2
46 45 45 47 47 12 10 16 14 20 18 19 19 8 6 12 10 8 9 2
46 45 46 47 46 12 10 16 14 20 18 19 19 8 6 12 10 8 9 2
46 46 43 43 47 12 10 16 14 20 18 19 19 8 6 12 10 8 9 2
45 45 45 45 45 12 10 16 14 20 18 19 19 8 6 12 10 8 9 2
43 45 47 48 46 10 12 14 16 18 20 17 17 6 8 10 12 8 9 2
45 46 45 45 48 12 10 16 14 20 18 19 19 8 6 12 10 8 9 2
46 43 45 47 48 10 12 14 16 18 20 17 17 6 8 10 12 8 9 2
45 45 48 45 46 12 10 16 14 20 18 19 19 8 6 12 10 8 9 2
50 51 53 54 52 6 8 10 12 14 16 18 20 2 4 6 8 6 8 9
51 53 54 52 50 6 8 10 12 14 16 18 20 2 4 6 8 6 8 9
53 54 52 50 51 8 6 12 10 16 14 20 18 4 2 8 6 6 8 9
54 52 50 51 53 6 8 10 12 14 16 18 20 2 4 6 8 6 8 9
52 50 51 53 54 8 6 12 10 16 14 20 18 4 2 8 6 6 8 9
52 53 54 54 54 6 8 10 12 14 16 18 20 2 4 6 8 6 8 9
51 52 51 52 49 6 8 10 12 14 16 18 20 2 4 6 8 6 8 9
51 51 53 53 52 6 8 10 12 14 16 18 20 2 4 6 8 6 8 9
52 51 51 53 53 8 6 12 10 16 14 20 18 4 2 8 6 6 8 9
52 51 52 53 52 8 6 12 10 16 14 20 18 4 2 8 6 6 8 9
52 52 49 49 53 8 6 12 10 16 14 20 18 4 2 8 6 6 8 9
51 51 51 51 51 8 6 12 10 16 14 20 18 4 2 8 6 6 8 9
49 51 53 54 52 6 8 10 12 14 16 18 20 2 4 6 8 6 8 9
51 52 51 51 54 8 6 12 10 16 14 20 18 4 2 8 6 6 8 9
52 49 51 53 54 6 8 10 12 14 16 18 20 2 4 6 8 6 8 9
51 51 54 51 52 8 6 12 10 16 14 20 18 4 2 8 6 6 8 9
56 57 59 60 58 2 4 6 8 10 12 14 16 18 20 18 20 10 10 10
57 59 60 58 56 2 4 6 8 10 12 14 16 18 20 18 20 10 10 10
59 60 58 56 57 4 2 8 6 12 10 16 14 20 18 20 18 10 10 10
60 58 56 57 59 2 4 6 8 10 12 14 16 18 20 18 20 10 10 10
58 56 57 59 60 4 2 8 6 12 10 16 14 20 18 20 18 10 10 10
58 59 60 60 60 2 4 6 8 10 12 14 16 18 20 18 20 10 10 10
57 58 57 58 55 2 4 6 8 10 12 14 16 18 20 18 20 10 10 10
57 57 59 59 58 2 4 6 8 10 12 14 16 18 20 18 20 10 10 10
58 57 57 59 59 4 2 8 6 12 10 16 14 20 18 20 18 10 10 10
58 57 58 59 58 4 2 8 6 12 10 16 14 20 18 20 18 10 10 10
58 58 55 55 59 4 2 8 6 12 10 16 14 20 18 20 18 10 10 10
57 57 57 57 57 4 2 8 6 12 10 16 14 20 18 20 18 10 10 10
55 57 59 60 58 2 4 6 8 10 12 14 16 18 20 18 20 10 10 10
57 58 57 57 60 4 2 8 6 12 10 16 14 20 18 20 18 10 10 10
58 55 57 59 60 2 4 6 8 10 12 14 16 18 20 18 20 10 10 10
57 57 60 57 58 4 2 8 6 12 10 16 14 20 18 20 18 10 10 10

SIZE: 138 x 20
METHOD: Six-block row decomposition construction (Theorem 21 and Appendix A.3), with t=10 five-column inputs of row sizes 6,6,14,16,16,16,16,16,16,16, and 15 added columns from factorized input pairs. The total added-column weight is 54.
MATRIX:
2 3 5 6 4 3 3 3 3 3 3 3 3 3 3 3 3 1 1 1
3 5 6 4 2 1 1 1 1 1 1 1 1 1 1 1 1 1 1 1
5 6 4 2 3 3 3 3 3 3 3 3 3 3 3 3 3 1 1 1
6 4 2 3 5 1 1 1 1 1 1 1 1 1 1 1 1 1 1 1
4 2 3 5 6 3 3 3 3 3 3 3 3 3 3 3 3 1 1 1
1 1 1 1 1 1 1 1 1 1 1 1 1 1 1 1 1 1 1 1
8 9 11 12 10 7 7 7 7 7 7 7 7 7 7 4 2 3 3 3
9 11 12 10 8 5 5 5 5 5 5 5 5 5 5 2 4 3 3 3
11 12 10 8 9 7 7 7 7 7 7 7 7 7 7 4 2 3 3 3
12 10 8 9 11 5 5 5 5 5 5 5 5 5 5 2 4 3 3 3
10 8 9 11 12 7 7 7 7 7 7 7 7 7 7 4 2 3 3 3
7 7 7 7 7 5 5 5 5 5 5 5 5 5 5 2 4 3 3 3
14 15 17 18 16 9 9 2 4 9 9 9 9 9 9 5 5 4 5 5
15 17 18 16 14 9 9 2 4 9 9 9 9 9 9 5 5 4 5 5
17 18 16 14 15 11 11 4 2 11 11 11 11 11 11 7 7 4 5 5
18 16 14 15 17 11 11 4 2 11 11 11 11 11 11 7 7 4 5 5
16 14 15 17 18 9 9 2 4 9 9 9 9 9 9 5 5 4 5 5
18 13 13 15 15 11 11 4 2 11 11 11 11 11 11 7 7 4 5 5
17 18 18 18 16 11 11 4 2 11 11 11 11 11 11 7 7 4 5 5
13 17 17 16 17 11 11 4 2 11 11 11 11 11 11 7 7 4 5 5
17 17 18 18 13 11 11 4 2 11 11 11 11 11 11 7 7 4 5 5
18 18 16 16 15 11 11 4 2 11 11 11 11 11 11 7 7 4 5 5
17 18 16 17 16 9 9 2 4 9 9 9 9 9 9 5 5 4 5 5
17 18 15 18 15 9 9 2 4 9 9 9 9 9 9 5 5 4 5 5
17 18 16 13 15 9 9 2 4 9 9 9 9 9 9 5 5 4 5 5
17 18 15 17 17 9 9 2 4 9 9 9 9 9 9 5 5 4 5 5
20 21 23 24 22 13 13 9 9 6 8 13 13 13 13 9 9 2 6 7
21 23 24 22 20 13 13 9 9 6 8 13 13 13 13 9 9 2 6 7
23 24 22 20 21 15 15 11 11 8 6 15 15 15 15 11 11 2 6 7
24 22 20 21 23 13 13 9 9 6 8 13 13 13 13 9 9 2 6 7
22 20 21 23 24 15 15 11 11 8 6 15 15 15 15 11 11 2 6 7
22 23 24 24 24 13 13 9 9 6 8 13 13 13 13 9 9 2 6 7
21 22 21 22 19 13 13 9 9 6 8 13 13 13 13 9 9 2 6 7
21 21 23 23 22 13 13 9 9 6 8 13 13 13 13 9 9 2 6 7
22 21 21 23 23 15 15 11 11 8 6 15 15 15 15 11 11 2 6 7
22 21 22 23 22 15 15 11 11 8 6 15 15 15 15 11 11 2 6 7
22 22 19 19 23 15 15 11 11 8 6 15 15 15 15 11 11 2 6 7
21 21 21 21 21 15 15 11 11 8 6 15 15 15 15 11 11 2 6 7
19 21 23 24 22 13 13 9 9 6 8 13 13 13 13 9 9 2 6 7
21 22 21 21 24 15 15 11 11 8 6 15 15 15 15 11 11 2 6 7
22 19 21 23 24 13 13 9 9 6 8 13 13 13 13 9 9 2 6 7
21 21 24 21 22 15 15 11 11 8 6 15 15 15 15 11 11 2 6 7
26 27 29 30 28 17 17 13 13 2 4 10 12 17 17 13 13 5 4 8
27 29 30 28 26 17 17 13 13 2 4 10 12 17 17 13 13 5 4 8
29 30 28 26 27 19 19 15 15 4 2 12 10 19 19 15 15 5 4 8
30 28 26 27 29 17 17 13 13 2 4 10 12 17 17 13 13 5 4 8
28 26 27 29 30 19 19 15 15 4 2 12 10 19 19 15 15 5 4 8
28 29 30 30 30 17 17 13 13 2 4 10 12 17 17 13 13 5 4 8
27 28 27 28 25 17 17 13 13 2 4 10 12 17 17 13 13 5 4 8
27 27 29 29 28 17 17 13 13 2 4 10 12 17 17 13 13 5 4 8
28 27 27 29 29 19 19 15 15 4 2 12 10 19 19 15 15 5 4 8
28 27 28 29 28 19 19 15 15 4 2 12 10 19 19 15 15 5 4 8
28 28 25 25 29 19 19 15 15 4 2 12 10 19 19 15 15 5 4 8
27 27 27 27 27 19 19 15 15 4 2 12 10 19 19 15 15 5 4 8
25 27 29 30 28 17 17 13 13 2 4 10 12 17 17 13 13 5 4 8
27 28 27 27 30 19 19 15 15 4 2 12 10 19 19 15 15 5 4 8
28 25 27 29 30 17 17 13 13 2 4 10 12 17 17 13 13 5 4 8
27 27 30 27 28 19 19 15 15 4 2 12 10 19 19 15 15 5 4 8
32 33 35 36 34 18 20 17 17 13 13 6 8 14 16 17 17 7 2 6
33 35 36 34 32 18 20 17 17 13 13 6 8 14 16 17 17 7 2 6
35 36 34 32 33 20 18 19 19 15 15 8 6 16 14 19 19 7 2 6
36 34 32 33 35 18 20 17 17 13 13 6 8 14 16 17 17 7 2 6
34 32 33 35 36 20 18 19 19 15 15 8 6 16 14 19 19 7 2 6
34 35 36 36 36 18 20 17 17 13 13 6 8 14 16 17 17 7 2 6
33 34 33 34 31 18 20 17 17 13 13 6 8 14 16 17 17 7 2 6
33 33 35 35 34 18 20 17 17 13 13 6 8 14 16 17 17 7 2 6
34 33 33 35 35 20 18 19 19 15 15 8 6 16 14 19 19 7 2 6
34 33 34 35 34 20 18 19 19 15 15 8 6 16 14 19 19 7 2 6
34 34 31 31 35 20 18 19 19 15 15 8 6 16 14 19 19 7 2 6
33 33 33 33 33 20 18 19 19 15 15 8 6 16 14 19 19 7 2 6
31 33 35 36 34 18 20 17 17 13 13 6 8 14 16 17 17 7 2 6
33 34 33 33 36 20 18 19 19 15 15 8 6 16 14 19 19 7 2 6
34 31 33 35 36 18 20 17 17 13 13 6 8 14 16 17 17 7 2 6
33 33 36 33 34 20 18 19 19 15 15 8 6 16 14 19 19 7 2 6
38 39 41 42 40 14 16 18 20 17 17 2 4 10 12 14 16 9 7 4
39 41 42 40 38 14 16 18 20 17 17 2 4 10 12 14 16 9 7 4
41 42 40 38 39 16 14 20 18 19 19 4 2 12 10 16 14 9 7 4
42 40 38 39 41 14 16 18 20 17 17 2 4 10 12 14 16 9 7 4
40 38 39 41 42 16 14 20 18 19 19 4 2 12 10 16 14 9 7 4
40 41 42 42 42 14 16 18 20 17 17 2 4 10 12 14 16 9 7 4
39 40 39 40 37 14 16 18 20 17 17 2 4 10 12 14 16 9 7 4
39 39 41 41 40 14 16 18 20 17 17 2 4 10 12 14 16 9 7 4
40 39 39 41 41 16 14 20 18 19 19 4 2 12 10 16 14 9 7 4
40 39 40 41 40 16 14 20 18 19 19 4 2 12 10 16 14 9 7 4
40 40 37 37 41 16 14 20 18 19 19 4 2 12 10 16 14 9 7 4
39 39 39 39 39 16 14 20 18 19 19 4 2 12 10 16 14 9 7 4
37 39 41 42 40 14 16 18 20 17 17 2 4 10 12 14 16 9 7 4
39 40 39 39 42 16 14 20 18 19 19 4 2 12 10 16 14 9 7 4
40 37 39 41 42 14 16 18 20 17 17 2 4 10 12 14 16 9 7 4
39 39 42 39 40 16 14 20 18 19 19 4 2 12 10 16 14 9 7 4
44 45 47 48 46 10 12 14 16 18 20 17 17 6 8 10 12 8 9 2
45 47 48 46 44 10 12 14 16 18 20 17 17 6 8 10 12 8 9 2
47 48 46 44 45 12 10 16 14 20 18 19 19 8 6 12 10 8 9 2
48 46 44 45 47 10 12 14 16 18 20 17 17 6 8 10 12 8 9 2
46 44 45 47 48 12 10 16 14 20 18 19 19 8 6 12 10 8 9 2
46 47 48 48 48 10 12 14 16 18 20 17 17 6 8 10 12 8 9 2
45 46 45 46 43 10 12 14 16 18 20 17 17 6 8 10 12 8 9 2
45 45 47 47 46 10 12 14 16 18 20 17 17 6 8 10 12 8 9 2
46 45 45 47 47 12 10 16 14 20 18 19 19 8 6 12 10 8 9 2
46 45 46 47 46 12 10 16 14 20 18 19 19 8 6 12 10 8 9 2
46 46 43 43 47 12 10 16 14 20 18 19 19 8 6 12 10 8 9 2
45 45 45 45 45 12 10 16 14 20 18 19 19 8 6 12 10 8 9 2
43 45 47 48 46 10 12 14 16 18 20 17 17 6 8 10 12 8 9 2
45 46 45 45 48 12 10 16 14 20 18 19 19 8 6 12 10 8 9 2
46 43 45 47 48 10 12 14 16 18 20 17 17 6 8 10 12 8 9 2
45 45 48 45 46 12 10 16 14 20 18 19 19 8 6 12 10 8 9 2
50 51 53 54 52 6 8 10 12 14 16 18 20 2 4 6 8 6 8 9
51 53 54 52 50 6 8 10 12 14 16 18 20 2 4 6 8 6 8 9
53 54 52 50 51 8 6 12 10 16 14 20 18 4 2 8 6 6 8 9
54 52 50 51 53 6 8 10 12 14 16 18 20 2 4 6 8 6 8 9
52 50 51 53 54 8 6 12 10 16 14 20 18 4 2 8 6 6 8 9
52 53 54 54 54 6 8 10 12 14 16 18 20 2 4 6 8 6 8 9
51 52 51 52 49 6 8 10 12 14 16 18 20 2 4 6 8 6 8 9
51 51 53 53 52 6 8 10 12 14 16 18 20 2 4 6 8 6 8 9
52 51 51 53 53 8 6 12 10 16 14 20 18 4 2 8 6 6 8 9
52 51 52 53 52 8 6 12 10 16 14 20 18 4 2 8 6 6 8 9
52 52 49 49 53 8 6 12 10 16 14 20 18 4 2 8 6 6 8 9
51 51 51 51 51 8 6 12 10 16 14 20 18 4 2 8 6 6 8 9
49 51 53 54 52 6 8 10 12 14 16 18 20 2 4 6 8 6 8 9
51 52 51 51 54 8 6 12 10 16 14 20 18 4 2 8 6 6 8 9
52 49 51 53 54 6 8 10 12 14 16 18 20 2 4 6 8 6 8 9
51 51 54 51 52 8 6 12 10 16 14 20 18 4 2 8 6 6 8 9
56 57 59 60 58 2 4 6 8 10 12 14 16 18 20 18 20 10 10 10
57 59 60 58 56 2 4 6 8 10 12 14 16 18 20 18 20 10 10 10
59 60 58 56 57 4 2 8 6 12 10 16 14 20 18 20 18 10 10 10
60 58 56 57 59 2 4 6 8 10 12 14 16 18 20 18 20 10 10 10
58 56 57 59 60 4 2 8 6 12 10 16 14 20 18 20 18 10 10 10
58 59 60 60 60 2 4 6 8 10 12 14 16 18 20 18 20 10 10 10
57 58 57 58 55 2 4 6 8 10 12 14 16 18 20 18 20 10 10 10
57 57 59 59 58 2 4 6 8 10 12 14 16 18 20 18 20 10 10 10
58 57 57 59 59 4 2 8 6 12 10 16 14 20 18 20 18 10 10 10
58 57 58 59 58 4 2 8 6 12 10 16 14 20 18 20 18 10 10 10
58 58 55 55 59 4 2 8 6 12 10 16 14 20 18 20 18 10 10 10
57 57 57 57 57 4 2 8 6 12 10 16 14 20 18 20 18 10 10 10
55 57 59 60 58 2 4 6 8 10 12 14 16 18 20 18 20 10 10 10
57 58 57 57 60 4 2 8 6 12 10 16 14 20 18 20 18 10 10 10
58 55 57 59 60 2 4 6 8 10 12 14 16 18 20 18 20 10 10 10
57 57 60 57 58 4 2 8 6 12 10 16 14 20 18 20 18 10 10 10

SIZE: 139 x 20
METHOD: Six-block row decomposition construction (Theorem 21 and Appendix A.3), with t=10 five-column inputs of row sizes 6,6,15,16,16,16,16,16,16,16, and 15 added columns from factorized input pairs. The total added-column weight is 54.
MATRIX:
2 3 5 6 4 3 3 3 3 3 3 3 3 3 3 3 3 1 1 1
3 5 6 4 2 1 1 1 1 1 1 1 1 1 1 1 1 1 1 1
5 6 4 2 3 3 3 3 3 3 3 3 3 3 3 3 3 1 1 1
6 4 2 3 5 1 1 1 1 1 1 1 1 1 1 1 1 1 1 1
4 2 3 5 6 3 3 3 3 3 3 3 3 3 3 3 3 1 1 1
1 1 1 1 1 1 1 1 1 1 1 1 1 1 1 1 1 1 1 1
8 9 11 12 10 7 7 7 7 7 7 7 7 7 7 4 2 3 3 3
9 11 12 10 8 5 5 5 5 5 5 5 5 5 5 2 4 3 3 3
11 12 10 8 9 7 7 7 7 7 7 7 7 7 7 4 2 3 3 3
12 10 8 9 11 5 5 5 5 5 5 5 5 5 5 2 4 3 3 3
10 8 9 11 12 7 7 7 7 7 7 7 7 7 7 4 2 3 3 3
7 7 7 7 7 5 5 5 5 5 5 5 5 5 5 2 4 3 3 3
14 15 17 18 16 11 11 4 2 11 11 11 11 11 11 7 7 4 5 5
15 17 18 16 14 9 9 2 4 9 9 9 9 9 9 5 5 4 5 5
17 18 16 14 15 11 11 4 2 11 11 11 11 11 11 7 7 4 5 5
18 16 14 15 17 9 9 2 4 9 9 9 9 9 9 5 5 4 5 5
16 14 15 17 18 9 9 2 4 9 9 9 9 9 9 5 5 4 5 5
18 16 17 16 17 11 11 4 2 11 11 11 11 11 11 7 7 4 5 5
13 17 13 15 17 9 9 2 4 9 9 9 9 9 9 5 5 4 5 5
17 18 15 18 15 9 9 2 4 9 9 9 9 9 9 5 5 4 5 5
17 18 16 13 15 9 9 2 4 9 9 9 9 9 9 5 5 4 5 5
15 17 18 16 13 9 9 2 4 9 9 9 9 9 9 5 5 4 5 5
16 13 18 16 16 11 11 4 2 11 11 11 11 11 11 7 7 4 5 5
15 18 15 17 18 11 11 4 2 11 11 11 11 11 11 7 7 4 5 5
18 16 17 18 18 11 11 4 2 11 11 11 11 11 11 7 7 4 5 5
15 17 18 15 18 9 9 2 4 9 9 9 9 9 9 5 5 4 5 5
15 17 17 17 18 11 11 4 2 11 11 11 11 11 11 7 7 4 5 5
20 21 23 24 22 13 13 9 9 6 8 13 13 13 13 9 9 2 6 7
21 23 24 22 20 13 13 9 9 6 8 13 13 13 13 9 9 2 6 7
23 24 22 20 21 15 15 11 11 8 6 15 15 15 15 11 11 2 6 7
24 22 20 21 23 13 13 9 9 6 8 13 13 13 13 9 9 2 6 7
22 20 21 23 24 15 15 11 11 8 6 15 15 15 15 11 11 2 6 7
22 23 24 24 24 13 13 9 9 6 8 13 13 13 13 9 9 2 6 7
21 22 21 22 19 13 13 9 9 6 8 13 13 13 13 9 9 2 6 7
21 21 23 23 22 13 13 9 9 6 8 13 13 13 13 9 9 2 6 7
22 21 21 23 23 15 15 11 11 8 6 15 15 15 15 11 11 2 6 7
22 21 22 23 22 15 15 11 11 8 6 15 15 15 15 11 11 2 6 7
22 22 19 19 23 15 15 11 11 8 6 15 15 15 15 11 11 2 6 7
21 21 21 21 21 15 15 11 11 8 6 15 15 15 15 11 11 2 6 7
19 21 23 24 22 13 13 9 9 6 8 13 13 13 13 9 9 2 6 7
21 22 21 21 24 15 15 11 11 8 6 15 15 15 15 11 11 2 6 7
22 19 21 23 24 13 13 9 9 6 8 13 13 13 13 9 9 2 6 7
21 21 24 21 22 15 15 11 11 8 6 15 15 15 15 11 11 2 6 7
26 27 29 30 28 17 17 13 13 2 4 10 12 17 17 13 13 5 4 8
27 29 30 28 26 17 17 13 13 2 4 10 12 17 17 13 13 5 4 8
29 30 28 26 27 19 19 15 15 4 2 12 10 19 19 15 15 5 4 8
30 28 26 27 29 17 17 13 13 2 4 10 12 17 17 13 13 5 4 8
28 26 27 29 30 19 19 15 15 4 2 12 10 19 19 15 15 5 4 8
28 29 30 30 30 17 17 13 13 2 4 10 12 17 17 13 13 5 4 8
27 28 27 28 25 17 17 13 13 2 4 10 12 17 17 13 13 5 4 8
27 27 29 29 28 17 17 13 13 2 4 10 12 17 17 13 13 5 4 8
28 27 27 29 29 19 19 15 15 4 2 12 10 19 19 15 15 5 4 8
28 27 28 29 28 19 19 15 15 4 2 12 10 19 19 15 15 5 4 8
28 28 25 25 29 19 19 15 15 4 2 12 10 19 19 15 15 5 4 8
27 27 27 27 27 19 19 15 15 4 2 12 10 19 19 15 15 5 4 8
25 27 29 30 28 17 17 13 13 2 4 10 12 17 17 13 13 5 4 8
27 28 27 27 30 19 19 15 15 4 2 12 10 19 19 15 15 5 4 8
28 25 27 29 30 17 17 13 13 2 4 10 12 17 17 13 13 5 4 8
27 27 30 27 28 19 19 15 15 4 2 12 10 19 19 15 15 5 4 8
32 33 35 36 34 18 20 17 17 13 13 6 8 14 16 17 17 7 2 6
33 35 36 34 32 18 20 17 17 13 13 6 8 14 16 17 17 7 2 6
35 36 34 32 33 20 18 19 19 15 15 8 6 16 14 19 19 7 2 6
36 34 32 33 35 18 20 17 17 13 13 6 8 14 16 17 17 7 2 6
34 32 33 35 36 20 18 19 19 15 15 8 6 16 14 19 19 7 2 6
34 35 36 36 36 18 20 17 17 13 13 6 8 14 16 17 17 7 2 6
33 34 33 34 31 18 20 17 17 13 13 6 8 14 16 17 17 7 2 6
33 33 35 35 34 18 20 17 17 13 13 6 8 14 16 17 17 7 2 6
34 33 33 35 35 20 18 19 19 15 15 8 6 16 14 19 19 7 2 6
34 33 34 35 34 20 18 19 19 15 15 8 6 16 14 19 19 7 2 6
34 34 31 31 35 20 18 19 19 15 15 8 6 16 14 19 19 7 2 6
33 33 33 33 33 20 18 19 19 15 15 8 6 16 14 19 19 7 2 6
31 33 35 36 34 18 20 17 17 13 13 6 8 14 16 17 17 7 2 6
33 34 33 33 36 20 18 19 19 15 15 8 6 16 14 19 19 7 2 6
34 31 33 35 36 18 20 17 17 13 13 6 8 14 16 17 17 7 2 6
33 33 36 33 34 20 18 19 19 15 15 8 6 16 14 19 19 7 2 6
38 39 41 42 40 14 16 18 20 17 17 2 4 10 12 14 16 9 7 4
39 41 42 40 38 14 16 18 20 17 17 2 4 10 12 14 16 9 7 4
41 42 40 38 39 16 14 20 18 19 19 4 2 12 10 16 14 9 7 4
42 40 38 39 41 14 16 18 20 17 17 2 4 10 12 14 16 9 7 4
40 38 39 41 42 16 14 20 18 19 19 4 2 12 10 16 14 9 7 4
40 41 42 42 42 14 16 18 20 17 17 2 4 10 12 14 16 9 7 4
39 40 39 40 37 14 16 18 20 17 17 2 4 10 12 14 16 9 7 4
39 39 41 41 40 14 16 18 20 17 17 2 4 10 12 14 16 9 7 4
40 39 39 41 41 16 14 20 18 19 19 4 2 12 10 16 14 9 7 4
40 39 40 41 40 16 14 20 18 19 19 4 2 12 10 16 14 9 7 4
40 40 37 37 41 16 14 20 18 19 19 4 2 12 10 16 14 9 7 4
39 39 39 39 39 16 14 20 18 19 19 4 2 12 10 16 14 9 7 4
37 39 41 42 40 14 16 18 20 17 17 2 4 10 12 14 16 9 7 4
39 40 39 39 42 16 14 20 18 19 19 4 2 12 10 16 14 9 7 4
40 37 39 41 42 14 16 18 20 17 17 2 4 10 12 14 16 9 7 4
39 39 42 39 40 16 14 20 18 19 19 4 2 12 10 16 14 9 7 4
44 45 47 48 46 10 12 14 16 18 20 17 17 6 8 10 12 8 9 2
45 47 48 46 44 10 12 14 16 18 20 17 17 6 8 10 12 8 9 2
47 48 46 44 45 12 10 16 14 20 18 19 19 8 6 12 10 8 9 2
48 46 44 45 47 10 12 14 16 18 20 17 17 6 8 10 12 8 9 2
46 44 45 47 48 12 10 16 14 20 18 19 19 8 6 12 10 8 9 2
46 47 48 48 48 10 12 14 16 18 20 17 17 6 8 10 12 8 9 2
45 46 45 46 43 10 12 14 16 18 20 17 17 6 8 10 12 8 9 2
45 45 47 47 46 10 12 14 16 18 20 17 17 6 8 10 12 8 9 2
46 45 45 47 47 12 10 16 14 20 18 19 19 8 6 12 10 8 9 2
46 45 46 47 46 12 10 16 14 20 18 19 19 8 6 12 10 8 9 2
46 46 43 43 47 12 10 16 14 20 18 19 19 8 6 12 10 8 9 2
45 45 45 45 45 12 10 16 14 20 18 19 19 8 6 12 10 8 9 2
43 45 47 48 46 10 12 14 16 18 20 17 17 6 8 10 12 8 9 2
45 46 45 45 48 12 10 16 14 20 18 19 19 8 6 12 10 8 9 2
46 43 45 47 48 10 12 14 16 18 20 17 17 6 8 10 12 8 9 2
45 45 48 45 46 12 10 16 14 20 18 19 19 8 6 12 10 8 9 2
50 51 53 54 52 6 8 10 12 14 16 18 20 2 4 6 8 6 8 9
51 53 54 52 50 6 8 10 12 14 16 18 20 2 4 6 8 6 8 9
53 54 52 50 51 8 6 12 10 16 14 20 18 4 2 8 6 6 8 9
54 52 50 51 53 6 8 10 12 14 16 18 20 2 4 6 8 6 8 9
52 50 51 53 54 8 6 12 10 16 14 20 18 4 2 8 6 6 8 9
52 53 54 54 54 6 8 10 12 14 16 18 20 2 4 6 8 6 8 9
51 52 51 52 49 6 8 10 12 14 16 18 20 2 4 6 8 6 8 9
51 51 53 53 52 6 8 10 12 14 16 18 20 2 4 6 8 6 8 9
52 51 51 53 53 8 6 12 10 16 14 20 18 4 2 8 6 6 8 9
52 51 52 53 52 8 6 12 10 16 14 20 18 4 2 8 6 6 8 9
52 52 49 49 53 8 6 12 10 16 14 20 18 4 2 8 6 6 8 9
51 51 51 51 51 8 6 12 10 16 14 20 18 4 2 8 6 6 8 9
49 51 53 54 52 6 8 10 12 14 16 18 20 2 4 6 8 6 8 9
51 52 51 51 54 8 6 12 10 16 14 20 18 4 2 8 6 6 8 9
52 49 51 53 54 6 8 10 12 14 16 18 20 2 4 6 8 6 8 9
51 51 54 51 52 8 6 12 10 16 14 20 18 4 2 8 6 6 8 9
56 57 59 60 58 2 4 6 8 10 12 14 16 18 20 18 20 10 10 10
57 59 60 58 56 2 4 6 8 10 12 14 16 18 20 18 20 10 10 10
59 60 58 56 57 4 2 8 6 12 10 16 14 20 18 20 18 10 10 10
60 58 56 57 59 2 4 6 8 10 12 14 16 18 20 18 20 10 10 10
58 56 57 59 60 4 2 8 6 12 10 16 14 20 18 20 18 10 10 10
58 59 60 60 60 2 4 6 8 10 12 14 16 18 20 18 20 10 10 10
57 58 57 58 55 2 4 6 8 10 12 14 16 18 20 18 20 10 10 10
57 57 59 59 58 2 4 6 8 10 12 14 16 18 20 18 20 10 10 10
58 57 57 59 59 4 2 8 6 12 10 16 14 20 18 20 18 10 10 10
58 57 58 59 58 4 2 8 6 12 10 16 14 20 18 20 18 10 10 10
58 58 55 55 59 4 2 8 6 12 10 16 14 20 18 20 18 10 10 10
57 57 57 57 57 4 2 8 6 12 10 16 14 20 18 20 18 10 10 10
55 57 59 60 58 2 4 6 8 10 12 14 16 18 20 18 20 10 10 10
57 58 57 57 60 4 2 8 6 12 10 16 14 20 18 20 18 10 10 10
58 55 57 59 60 2 4 6 8 10 12 14 16 18 20 18 20 10 10 10
57 57 60 57 58 4 2 8 6 12 10 16 14 20 18 20 18 10 10 10

SIZE: 140 x 20
METHOD: Six-block row decomposition construction (Theorem 21 and Appendix A.3), with t=10 five-column inputs of row sizes 6,6,16,16,16,16,16,16,16,16, and 15 added columns from factorized input pairs. The total added-column weight is 54.
MATRIX:
2 3 5 6 4 3 3 3 3 3 3 3 3 3 3 3 3 1 1 1
3 5 6 4 2 1 1 1 1 1 1 1 1 1 1 1 1 1 1 1
5 6 4 2 3 3 3 3 3 3 3 3 3 3 3 3 3 1 1 1
6 4 2 3 5 1 1 1 1 1 1 1 1 1 1 1 1 1 1 1
4 2 3 5 6 3 3 3 3 3 3 3 3 3 3 3 3 1 1 1
1 1 1 1 1 1 1 1 1 1 1 1 1 1 1 1 1 1 1 1
8 9 11 12 10 7 7 7 7 7 7 7 7 7 7 4 2 3 3 3
9 11 12 10 8 5 5 5 5 5 5 5 5 5 5 2 4 3 3 3
11 12 10 8 9 7 7 7 7 7 7 7 7 7 7 4 2 3 3 3
12 10 8 9 11 5 5 5 5 5 5 5 5 5 5 2 4 3 3 3
10 8 9 11 12 7 7 7 7 7 7 7 7 7 7 4 2 3 3 3
7 7 7 7 7 5 5 5 5 5 5 5 5 5 5 2 4 3 3 3
14 15 17 18 16 9 9 2 4 9 9 9 9 9 9 5 5 4 5 5
15 17 18 16 14 9 9 2 4 9 9 9 9 9 9 5 5 4 5 5
17 18 16 14 15 11 11 4 2 11 11 11 11 11 11 7 7 4 5 5
18 16 14 15 17 9 9 2 4 9 9 9 9 9 9 5 5 4 5 5
16 14 15 17 18 11 11 4 2 11 11 11 11 11 11 7 7 4 5 5
16 17 18 18 18 9 9 2 4 9 9 9 9 9 9 5 5 4 5 5
15 16 15 16 13 9 9 2 4 9 9 9 9 9 9 5 5 4 5 5
15 15 17 17 16 9 9 2 4 9 9 9 9 9 9 5 5 4 5 5
16 15 15 17 17 11 11 4 2 11 11 11 11 11 11 7 7 4 5 5
16 15 16 17 16 11 11 4 2 11 11 11 11 11 11 7 7 4 5 5
16 16 13 13 17 11 11 4 2 11 11 11 11 11 11 7 7 4 5 5
15 15 15 15 15 11 11 4 2 11 11 11 11 11 11 7 7 4 5 5
13 15 17 18 16 9 9 2 4 9 9 9 9 9 9 5 5 4 5 5
15 16 15 15 18 11 11 4 2 11 11 11 11 11 11 7 7 4 5 5
16 13 15 17 18 9 9 2 4 9 9 9 9 9 9 5 5 4 5 5
15 15 18 15 16 11 11 4 2 11 11 11 11 11 11 7 7 4 5 5
20 21 23 24 22 13 13 9 9 6 8 13 13 13 13 9 9 2 6 7
21 23 24 22 20 13 13 9 9 6 8 13 13 13 13 9 9 2 6 7
23 24 22 20 21 15 15 11 11 8 6 15 15 15 15 11 11 2 6 7
24 22 20 21 23 13 13 9 9 6 8 13 13 13 13 9 9 2 6 7
22 20 21 23 24 15 15 11 11 8 6 15 15 15 15 11 11 2 6 7
22 23 24 24 24 13 13 9 9 6 8 13 13 13 13 9 9 2 6 7
21 22 21 22 19 13 13 9 9 6 8 13 13 13 13 9 9 2 6 7
21 21 23 23 22 13 13 9 9 6 8 13 13 13 13 9 9 2 6 7
22 21 21 23 23 15 15 11 11 8 6 15 15 15 15 11 11 2 6 7
22 21 22 23 22 15 15 11 11 8 6 15 15 15 15 11 11 2 6 7
22 22 19 19 23 15 15 11 11 8 6 15 15 15 15 11 11 2 6 7
21 21 21 21 21 15 15 11 11 8 6 15 15 15 15 11 11 2 6 7
19 21 23 24 22 13 13 9 9 6 8 13 13 13 13 9 9 2 6 7
21 22 21 21 24 15 15 11 11 8 6 15 15 15 15 11 11 2 6 7
22 19 21 23 24 13 13 9 9 6 8 13 13 13 13 9 9 2 6 7
21 21 24 21 22 15 15 11 11 8 6 15 15 15 15 11 11 2 6 7
26 27 29 30 28 17 17 13 13 2 4 10 12 17 17 13 13 5 4 8
27 29 30 28 26 17 17 13 13 2 4 10 12 17 17 13 13 5 4 8
29 30 28 26 27 19 19 15 15 4 2 12 10 19 19 15 15 5 4 8
30 28 26 27 29 17 17 13 13 2 4 10 12 17 17 13 13 5 4 8
28 26 27 29 30 19 19 15 15 4 2 12 10 19 19 15 15 5 4 8
28 29 30 30 30 17 17 13 13 2 4 10 12 17 17 13 13 5 4 8
27 28 27 28 25 17 17 13 13 2 4 10 12 17 17 13 13 5 4 8
27 27 29 29 28 17 17 13 13 2 4 10 12 17 17 13 13 5 4 8
28 27 27 29 29 19 19 15 15 4 2 12 10 19 19 15 15 5 4 8
28 27 28 29 28 19 19 15 15 4 2 12 10 19 19 15 15 5 4 8
28 28 25 25 29 19 19 15 15 4 2 12 10 19 19 15 15 5 4 8
27 27 27 27 27 19 19 15 15 4 2 12 10 19 19 15 15 5 4 8
25 27 29 30 28 17 17 13 13 2 4 10 12 17 17 13 13 5 4 8
27 28 27 27 30 19 19 15 15 4 2 12 10 19 19 15 15 5 4 8
28 25 27 29 30 17 17 13 13 2 4 10 12 17 17 13 13 5 4 8
27 27 30 27 28 19 19 15 15 4 2 12 10 19 19 15 15 5 4 8
32 33 35 36 34 18 20 17 17 13 13 6 8 14 16 17 17 7 2 6
33 35 36 34 32 18 20 17 17 13 13 6 8 14 16 17 17 7 2 6
35 36 34 32 33 20 18 19 19 15 15 8 6 16 14 19 19 7 2 6
36 34 32 33 35 18 20 17 17 13 13 6 8 14 16 17 17 7 2 6
34 32 33 35 36 20 18 19 19 15 15 8 6 16 14 19 19 7 2 6
34 35 36 36 36 18 20 17 17 13 13 6 8 14 16 17 17 7 2 6
33 34 33 34 31 18 20 17 17 13 13 6 8 14 16 17 17 7 2 6
33 33 35 35 34 18 20 17 17 13 13 6 8 14 16 17 17 7 2 6
34 33 33 35 35 20 18 19 19 15 15 8 6 16 14 19 19 7 2 6
34 33 34 35 34 20 18 19 19 15 15 8 6 16 14 19 19 7 2 6
34 34 31 31 35 20 18 19 19 15 15 8 6 16 14 19 19 7 2 6
33 33 33 33 33 20 18 19 19 15 15 8 6 16 14 19 19 7 2 6
31 33 35 36 34 18 20 17 17 13 13 6 8 14 16 17 17 7 2 6
33 34 33 33 36 20 18 19 19 15 15 8 6 16 14 19 19 7 2 6
34 31 33 35 36 18 20 17 17 13 13 6 8 14 16 17 17 7 2 6
33 33 36 33 34 20 18 19 19 15 15 8 6 16 14 19 19 7 2 6
38 39 41 42 40 14 16 18 20 17 17 2 4 10 12 14 16 9 7 4
39 41 42 40 38 14 16 18 20 17 17 2 4 10 12 14 16 9 7 4
41 42 40 38 39 16 14 20 18 19 19 4 2 12 10 16 14 9 7 4
42 40 38 39 41 14 16 18 20 17 17 2 4 10 12 14 16 9 7 4
40 38 39 41 42 16 14 20 18 19 19 4 2 12 10 16 14 9 7 4
40 41 42 42 42 14 16 18 20 17 17 2 4 10 12 14 16 9 7 4
39 40 39 40 37 14 16 18 20 17 17 2 4 10 12 14 16 9 7 4
39 39 41 41 40 14 16 18 20 17 17 2 4 10 12 14 16 9 7 4
40 39 39 41 41 16 14 20 18 19 19 4 2 12 10 16 14 9 7 4
40 39 40 41 40 16 14 20 18 19 19 4 2 12 10 16 14 9 7 4
40 40 37 37 41 16 14 20 18 19 19 4 2 12 10 16 14 9 7 4
39 39 39 39 39 16 14 20 18 19 19 4 2 12 10 16 14 9 7 4
37 39 41 42 40 14 16 18 20 17 17 2 4 10 12 14 16 9 7 4
39 40 39 39 42 16 14 20 18 19 19 4 2 12 10 16 14 9 7 4
40 37 39 41 42 14 16 18 20 17 17 2 4 10 12 14 16 9 7 4
39 39 42 39 40 16 14 20 18 19 19 4 2 12 10 16 14 9 7 4
44 45 47 48 46 10 12 14 16 18 20 17 17 6 8 10 12 8 9 2
45 47 48 46 44 10 12 14 16 18 20 17 17 6 8 10 12 8 9 2
47 48 46 44 45 12 10 16 14 20 18 19 19 8 6 12 10 8 9 2
48 46 44 45 47 10 12 14 16 18 20 17 17 6 8 10 12 8 9 2
46 44 45 47 48 12 10 16 14 20 18 19 19 8 6 12 10 8 9 2
46 47 48 48 48 10 12 14 16 18 20 17 17 6 8 10 12 8 9 2
45 46 45 46 43 10 12 14 16 18 20 17 17 6 8 10 12 8 9 2
45 45 47 47 46 10 12 14 16 18 20 17 17 6 8 10 12 8 9 2
46 45 45 47 47 12 10 16 14 20 18 19 19 8 6 12 10 8 9 2
46 45 46 47 46 12 10 16 14 20 18 19 19 8 6 12 10 8 9 2
46 46 43 43 47 12 10 16 14 20 18 19 19 8 6 12 10 8 9 2
45 45 45 45 45 12 10 16 14 20 18 19 19 8 6 12 10 8 9 2
43 45 47 48 46 10 12 14 16 18 20 17 17 6 8 10 12 8 9 2
45 46 45 45 48 12 10 16 14 20 18 19 19 8 6 12 10 8 9 2
46 43 45 47 48 10 12 14 16 18 20 17 17 6 8 10 12 8 9 2
45 45 48 45 46 12 10 16 14 20 18 19 19 8 6 12 10 8 9 2
50 51 53 54 52 6 8 10 12 14 16 18 20 2 4 6 8 6 8 9
51 53 54 52 50 6 8 10 12 14 16 18 20 2 4 6 8 6 8 9
53 54 52 50 51 8 6 12 10 16 14 20 18 4 2 8 6 6 8 9
54 52 50 51 53 6 8 10 12 14 16 18 20 2 4 6 8 6 8 9
52 50 51 53 54 8 6 12 10 16 14 20 18 4 2 8 6 6 8 9
52 53 54 54 54 6 8 10 12 14 16 18 20 2 4 6 8 6 8 9
51 52 51 52 49 6 8 10 12 14 16 18 20 2 4 6 8 6 8 9
51 51 53 53 52 6 8 10 12 14 16 18 20 2 4 6 8 6 8 9
52 51 51 53 53 8 6 12 10 16 14 20 18 4 2 8 6 6 8 9
52 51 52 53 52 8 6 12 10 16 14 20 18 4 2 8 6 6 8 9
52 52 49 49 53 8 6 12 10 16 14 20 18 4 2 8 6 6 8 9
51 51 51 51 51 8 6 12 10 16 14 20 18 4 2 8 6 6 8 9
49 51 53 54 52 6 8 10 12 14 16 18 20 2 4 6 8 6 8 9
51 52 51 51 54 8 6 12 10 16 14 20 18 4 2 8 6 6 8 9
52 49 51 53 54 6 8 10 12 14 16 18 20 2 4 6 8 6 8 9
51 51 54 51 52 8 6 12 10 16 14 20 18 4 2 8 6 6 8 9
56 57 59 60 58 2 4 6 8 10 12 14 16 18 20 18 20 10 10 10
57 59 60 58 56 2 4 6 8 10 12 14 16 18 20 18 20 10 10 10
59 60 58 56 57 4 2 8 6 12 10 16 14 20 18 20 18 10 10 10
60 58 56 57 59 2 4 6 8 10 12 14 16 18 20 18 20 10 10 10
58 56 57 59 60 4 2 8 6 12 10 16 14 20 18 20 18 10 10 10
58 59 60 60 60 2 4 6 8 10 12 14 16 18 20 18 20 10 10 10
57 58 57 58 55 2 4 6 8 10 12 14 16 18 20 18 20 10 10 10
57 57 59 59 58 2 4 6 8 10 12 14 16 18 20 18 20 10 10 10
58 57 57 59 59 4 2 8 6 12 10 16 14 20 18 20 18 10 10 10
58 57 58 59 58 4 2 8 6 12 10 16 14 20 18 20 18 10 10 10
58 58 55 55 59 4 2 8 6 12 10 16 14 20 18 20 18 10 10 10
57 57 57 57 57 4 2 8 6 12 10 16 14 20 18 20 18 10 10 10
55 57 59 60 58 2 4 6 8 10 12 14 16 18 20 18 20 10 10 10
57 58 57 57 60 4 2 8 6 12 10 16 14 20 18 20 18 10 10 10
58 55 57 59 60 2 4 6 8 10 12 14 16 18 20 18 20 10 10 10
57 57 60 57 58 4 2 8 6 12 10 16 14 20 18 20 18 10 10 10

SIZE: 141 x 20
METHOD: Six-block row decomposition construction (Theorem 21 and Appendix A.3), with t=10 five-column inputs of row sizes 6,8,15,16,16,16,16,16,16,16, and 15 added columns from factorized input pairs. The total added-column weight is 54.
MATRIX:
2 3 5 6 4 3 3 3 3 3 3 3 3 3 3 3 3 1 1 1
3 5 6 4 2 1 1 1 1 1 1 1 1 1 1 1 1 1 1 1
5 6 4 2 3 3 3 3 3 3 3 3 3 3 3 3 3 1 1 1
6 4 2 3 5 1 1 1 1 1 1 1 1 1 1 1 1 1 1 1
4 2 3 5 6 3 3 3 3 3 3 3 3 3 3 3 3 1 1 1
1 1 1 1 1 1 1 1 1 1 1 1 1 1 1 1 1 1 1 1
7 7 7 7 7 5 5 5 5 5 5 5 5 5 5 2 4 3 3 3
7 8 9 9 9 7 7 7 7 7 7 7 7 7 7 4 2 3 3 3
8 9 11 11 11 5 5 5 5 5 5 5 5 5 5 2 4 3 3 3
8 10 13 13 13 7 7 7 7 7 7 7 7 7 7 4 2 3 3 3
9 9 12 8 10 7 7 7 7 7 7 7 7 7 7 4 2 3 3 3
9 10 14 10 8 5 5 5 5 5 5 5 5 5 5 2 4 3 3 3
10 7 8 12 14 7 7 7 7 7 7 7 7 7 7 4 2 3 3 3
10 8 10 14 12 7 7 7 7 7 7 7 7 7 7 4 2 3 3 3
12 13 19 20 18 11 11 4 2 11 11 11 11 11 11 7 7 4 5 5
13 15 20 18 16 9 9 2 4 9 9 9 9 9 9 5 5 4 5 5
15 16 18 16 17 11 11 4 2 11 11 11 11 11 11 7 7 4 5 5
16 14 16 17 19 9 9 2 4 9 9 9 9 9 9 5 5 4 5 5
14 12 17 19 20 9 9 2 4 9 9 9 9 9 9 5 5 4 5 5
16 14 19 18 19 11 11 4 2 11 11 11 11 11 11 7 7 4 5 5
11 15 15 17 19 9 9 2 4 9 9 9 9 9 9 5 5 4 5 5
15 16 17 20 17 9 9 2 4 9 9 9 9 9 9 5 5 4 5 5
15 16 18 15 17 9 9 2 4 9 9 9 9 9 9 5 5 4 5 5
13 15 20 18 15 9 9 2 4 9 9 9 9 9 9 5 5 4 5 5
14 11 20 18 18 11 11 4 2 11 11 11 11 11 11 7 7 4 5 5
13 16 17 19 20 11 11 4 2 11 11 11 11 11 11 7 7 4 5 5
16 14 19 20 20 11 11 4 2 11 11 11 11 11 11 7 7 4 5 5
13 15 20 17 20 9 9 2 4 9 9 9 9 9 9 5 5 4 5 5
13 15 19 19 20 11 11 4 2 11 11 11 11 11 11 7 7 4 5 5
18 19 25 26 24 13 13 9 9 6 8 13 13 13 13 9 9 2 6 7
19 21 26 24 22 13 13 9 9 6 8 13 13 13 13 9 9 2 6 7
21 22 24 22 23 15 15 11 11 8 6 15 15 15 15 11 11 2 6 7
22 20 22 23 25 13 13 9 9 6 8 13 13 13 13 9 9 2 6 7
20 18 23 25 26 15 15 11 11 8 6 15 15 15 15 11 11 2 6 7
20 21 26 26 26 13 13 9 9 6 8 13 13 13 13 9 9 2 6 7
19 20 23 24 21 13 13 9 9 6 8 13 13 13 13 9 9 2 6 7
19 19 25 25 24 13 13 9 9 6 8 13 13 13 13 9 9 2 6 7
20 19 23 25 25 15 15 11 11 8 6 15 15 15 15 11 11 2 6 7
20 19 24 25 24 15 15 11 11 8 6 15 15 15 15 11 11 2 6 7
20 20 21 21 25 15 15 11 11 8 6 15 15 15 15 11 11 2 6 7
19 19 23 23 23 15 15 11 11 8 6 15 15 15 15 11 11 2 6 7
17 19 25 26 24 13 13 9 9 6 8 13 13 13 13 9 9 2 6 7
19 20 23 23 26 15 15 11 11 8 6 15 15 15 15 11 11 2 6 7
20 17 23 25 26 13 13 9 9 6 8 13 13 13 13 9 9 2 6 7
19 19 26 23 24 15 15 11 11 8 6 15 15 15 15 11 11 2 6 7
24 25 31 32 30 17 17 13 13 2 4 10 12 17 17 13 13 5 4 8
25 27 32 30 28 17 17 13 13 2 4 10 12 17 17 13 13 5 4 8
27 28 30 28 29 19 19 15 15 4 2 12 10 19 19 15 15 5 4 8
28 26 28 29 31 17 17 13 13 2 4 10 12 17 17 13 13 5 4 8
26 24 29 31 32 19 19 15 15 4 2 12 10 19 19 15 15 5 4 8
26 27 32 32 32 17 17 13 13 2 4 10 12 17 17 13 13 5 4 8
25 26 29 30 27 17 17 13 13 2 4 10 12 17 17 13 13 5 4 8
25 25 31 31 30 17 17 13 13 2 4 10 12 17 17 13 13 5 4 8
26 25 29 31 31 19 19 15 15 4 2 12 10 19 19 15 15 5 4 8
26 25 30 31 30 19 19 15 15 4 2 12 10 19 19 15 15 5 4 8
26 26 27 27 31 19 19 15 15 4 2 12 10 19 19 15 15 5 4 8
25 25 29 29 29 19 19 15 15 4 2 12 10 19 19 15 15 5 4 8
23 25 31 32 30 17 17 13 13 2 4 10 12 17 17 13 13 5 4 8
25 26 29 29 32 19 19 15 15 4 2 12 10 19 19 15 15 5 4 8
26 23 29 31 32 17 17 13 13 2 4 10 12 17 17 13 13 5 4 8
25 25 32 29 30 19 19 15 15 4 2 12 10 19 19 15 15 5 4 8
30 31 37 38 36 18 20 17 17 13 13 6 8 14 16 17 17 7 2 6
31 33 38 36 34 18 20 17 17 13 13 6 8 14 16 17 17 7 2 6
33 34 36 34 35 20 18 19 19 15 15 8 6 16 14 19 19 7 2 6
34 32 34 35 37 18 20 17 17 13 13 6 8 14 16 17 17 7 2 6
32 30 35 37 38 20 18 19 19 15 15 8 6 16 14 19 19 7 2 6
32 33 38 38 38 18 20 17 17 13 13 6 8 14 16 17 17 7 2 6
31 32 35 36 33 18 20 17 17 13 13 6 8 14 16 17 17 7 2 6
31 31 37 37 36 18 20 17 17 13 13 6 8 14 16 17 17 7 2 6
32 31 35 37 37 20 18 19 19 15 15 8 6 16 14 19 19 7 2 6
32 31 36 37 36 20 18 19 19 15 15 8 6 16 14 19 19 7 2 6
32 32 33 33 37 20 18 19 19 15 15 8 6 16 14 19 19 7 2 6
31 31 35 35 35 20 18 19 19 15 15 8 6 16 14 19 19 7 2 6
29 31 37 38 36 18 20 17 17 13 13 6 8 14 16 17 17 7 2 6
31 32 35 35 38 20 18 19 19 15 15 8 6 16 14 19 19 7 2 6
32 29 35 37 38 18 20 17 17 13 13 6 8 14 16 17 17 7 2 6
31 31 38 35 36 20 18 19 19 15 15 8 6 16 14 19 19 7 2 6
36 37 43 44 42 14 16 18 20 17 17 2 4 10 12 14 16 9 7 4
37 39 44 42 40 14 16 18 20 17 17 2 4 10 12 14 16 9 7 4
39 40 42 40 41 16 14 20 18 19 19 4 2 12 10 16 14 9 7 4
40 38 40 41 43 14 16 18 20 17 17 2 4 10 12 14 16 9 7 4
38 36 41 43 44 16 14 20 18 19 19 4 2 12 10 16 14 9 7 4
38 39 44 44 44 14 16 18 20 17 17 2 4 10 12 14 16 9 7 4
37 38 41 42 39 14 16 18 20 17 17 2 4 10 12 14 16 9 7 4
37 37 43 43 42 14 16 18 20 17 17 2 4 10 12 14 16 9 7 4
38 37 41 43 43 16 14 20 18 19 19 4 2 12 10 16 14 9 7 4
38 37 42 43 42 16 14 20 18 19 19 4 2 12 10 16 14 9 7 4
38 38 39 39 43 16 14 20 18 19 19 4 2 12 10 16 14 9 7 4
37 37 41 41 41 16 14 20 18 19 19 4 2 12 10 16 14 9 7 4
35 37 43 44 42 14 16 18 20 17 17 2 4 10 12 14 16 9 7 4
37 38 41 41 44 16 14 20 18 19 19 4 2 12 10 16 14 9 7 4
38 35 41 43 44 14 16 18 20 17 17 2 4 10 12 14 16 9 7 4
37 37 44 41 42 16 14 20 18 19 19 4 2 12 10 16 14 9 7 4
42 43 49 50 48 10 12 14 16 18 20 17 17 6 8 10 12 8 9 2
43 45 50 48 46 10 12 14 16 18 20 17 17 6 8 10 12 8 9 2
45 46 48 46 47 12 10 16 14 20 18 19 19 8 6 12 10 8 9 2
46 44 46 47 49 10 12 14 16 18 20 17 17 6 8 10 12 8 9 2
44 42 47 49 50 12 10 16 14 20 18 19 19 8 6 12 10 8 9 2
44 45 50 50 50 10 12 14 16 18 20 17 17 6 8 10 12 8 9 2
43 44 47 48 45 10 12 14 16 18 20 17 17 6 8 10 12 8 9 2
43 43 49 49 48 10 12 14 16 18 20 17 17 6 8 10 12 8 9 2
44 43 47 49 49 12 10 16 14 20 18 19 19 8 6 12 10 8 9 2
44 43 48 49 48 12 10 16 14 20 18 19 19 8 6 12 10 8 9 2
44 44 45 45 49 12 10 16 14 20 18 19 19 8 6 12 10 8 9 2
43 43 47 47 47 12 10 16 14 20 18 19 19 8 6 12 10 8 9 2
41 43 49 50 48 10 12 14 16 18 20 17 17 6 8 10 12 8 9 2
43 44 47 47 50 12 10 16 14 20 18 19 19 8 6 12 10 8 9 2
44 41 47 49 50 10 12 14 16 18 20 17 17 6 8 10 12 8 9 2
43 43 50 47 48 12 10 16 14 20 18 19 19 8 6 12 10 8 9 2
48 49 55 56 54 6 8 10 12 14 16 18 20 2 4 6 8 6 8 9
49 51 56 54 52 6 8 10 12 14 16 18 20 2 4 6 8 6 8 9
51 52 54 52 53 8 6 12 10 16 14 20 18 4 2 8 6 6 8 9
52 50 52 53 55 6 8 10 12 14 16 18 20 2 4 6 8 6 8 9
50 48 53 55 56 8 6 12 10 16 14 20 18 4 2 8 6 6 8 9
50 51 56 56 56 6 8 10 12 14 16 18 20 2 4 6 8 6 8 9
49 50 53 54 51 6 8 10 12 14 16 18 20 2 4 6 8 6 8 9
49 49 55 55 54 6 8 10 12 14 16 18 20 2 4 6 8 6 8 9
50 49 53 55 55 8 6 12 10 16 14 20 18 4 2 8 6 6 8 9
50 49 54 55 54 8 6 12 10 16 14 20 18 4 2 8 6 6 8 9
50 50 51 51 55 8 6 12 10 16 14 20 18 4 2 8 6 6 8 9
49 49 53 53 53 8 6 12 10 16 14 20 18 4 2 8 6 6 8 9
47 49 55 56 54 6 8 10 12 14 16 18 20 2 4 6 8 6 8 9
49 50 53 53 56 8 6 12 10 16 14 20 18 4 2 8 6 6 8 9
50 47 53 55 56 6 8 10 12 14 16 18 20 2 4 6 8 6 8 9
49 49 56 53 54 8 6 12 10 16 14 20 18 4 2 8 6 6 8 9
54 55 61 62 60 2 4 6 8 10 12 14 16 18 20 18 20 10 10 10
55 57 62 60 58 2 4 6 8 10 12 14 16 18 20 18 20 10 10 10
57 58 60 58 59 4 2 8 6 12 10 16 14 20 18 20 18 10 10 10
58 56 58 59 61 2 4 6 8 10 12 14 16 18 20 18 20 10 10 10
56 54 59 61 62 4 2 8 6 12 10 16 14 20 18 20 18 10 10 10
56 57 62 62 62 2 4 6 8 10 12 14 16 18 20 18 20 10 10 10
55 56 59 60 57 2 4 6 8 10 12 14 16 18 20 18 20 10 10 10
55 55 61 61 60 2 4 6 8 10 12 14 16 18 20 18 20 10 10 10
56 55 59 61 61 4 2 8 6 12 10 16 14 20 18 20 18 10 10 10
56 55 60 61 60 4 2 8 6 12 10 16 14 20 18 20 18 10 10 10
56 56 57 57 61 4 2 8 6 12 10 16 14 20 18 20 18 10 10 10
55 55 59 59 59 4 2 8 6 12 10 16 14 20 18 20 18 10 10 10
53 55 61 62 60 2 4 6 8 10 12 14 16 18 20 18 20 10 10 10
55 56 59 59 62 4 2 8 6 12 10 16 14 20 18 20 18 10 10 10
56 53 59 61 62 2 4 6 8 10 12 14 16 18 20 18 20 10 10 10
55 55 62 59 60 4 2 8 6 12 10 16 14 20 18 20 18 10 10 10

SIZE: 142 x 20
METHOD: Six-block row decomposition construction (Theorem 21 and Appendix A.3), with t=10 five-column inputs of row sizes 6,8,16,16,16,16,16,16,16,16, and 15 added columns from factorized input pairs. The total added-column weight is 54.
MATRIX:
2 3 5 6 4 3 3 3 3 3 3 3 3 3 3 3 3 1 1 1
3 5 6 4 2 1 1 1 1 1 1 1 1 1 1 1 1 1 1 1
5 6 4 2 3 3 3 3 3 3 3 3 3 3 3 3 3 1 1 1
6 4 2 3 5 1 1 1 1 1 1 1 1 1 1 1 1 1 1 1
4 2 3 5 6 3 3 3 3 3 3 3 3 3 3 3 3 1 1 1
1 1 1 1 1 1 1 1 1 1 1 1 1 1 1 1 1 1 1 1
7 7 7 7 7 5 5 5 5 5 5 5 5 5 5 2 4 3 3 3
7 8 9 9 9 7 7 7 7 7 7 7 7 7 7 4 2 3 3 3
8 9 11 11 11 5 5 5 5 5 5 5 5 5 5 2 4 3 3 3
8 10 13 13 13 7 7 7 7 7 7 7 7 7 7 4 2 3 3 3
9 9 12 8 10 7 7 7 7 7 7 7 7 7 7 4 2 3 3 3
9 10 14 10 8 5 5 5 5 5 5 5 5 5 5 2 4 3 3 3
10 7 8 12 14 7 7 7 7 7 7 7 7 7 7 4 2 3 3 3
10 8 10 14 12 7 7 7 7 7 7 7 7 7 7 4 2 3 3 3
12 13 19 20 18 9 9 2 4 9 9 9 9 9 9 5 5 4 5 5
13 15 20 18 16 9 9 2 4 9 9 9 9 9 9 5 5 4 5 5
15 16 18 16 17 11 11 4 2 11 11 11 11 11 11 7 7 4 5 5
16 14 16 17 19 9 9 2 4 9 9 9 9 9 9 5 5 4 5 5
14 12 17 19 20 11 11 4 2 11 11 11 11 11 11 7 7 4 5 5
14 15 20 20 20 9 9 2 4 9 9 9 9 9 9 5 5 4 5 5
13 14 17 18 15 9 9 2 4 9 9 9 9 9 9 5 5 4 5 5
13 13 19 19 18 9 9 2 4 9 9 9 9 9 9 5 5 4 5 5
14 13 17 19 19 11 11 4 2 11 11 11 11 11 11 7 7 4 5 5
14 13 18 19 18 11 11 4 2 11 11 11 11 11 11 7 7 4 5 5
14 14 15 15 19 11 11 4 2 11 11 11 11 11 11 7 7 4 5 5
13 13 17 17 17 11 11 4 2 11 11 11 11 11 11 7 7 4 5 5
11 13 19 20 18 9 9 2 4 9 9 9 9 9 9 5 5 4 5 5
13 14 17 17 20 11 11 4 2 11 11 11 11 11 11 7 7 4 5 5
14 11 17 19 20 9 9 2 4 9 9 9 9 9 9 5 5 4 5 5
13 13 20 17 18 11 11 4 2 11 11 11 11 11 11 7 7 4 5 5
18 19 25 26 24 13 13 9 9 6 8 13 13 13 13 9 9 2 6 7
19 21 26 24 22 13 13 9 9 6 8 13 13 13 13 9 9 2 6 7
21 22 24 22 23 15 15 11 11 8 6 15 15 15 15 11 11 2 6 7
22 20 22 23 25 13 13 9 9 6 8 13 13 13 13 9 9 2 6 7
20 18 23 25 26 15 15 11 11 8 6 15 15 15 15 11 11 2 6 7
20 21 26 26 26 13 13 9 9 6 8 13 13 13 13 9 9 2 6 7
19 20 23 24 21 13 13 9 9 6 8 13 13 13 13 9 9 2 6 7
19 19 25 25 24 13 13 9 9 6 8 13 13 13 13 9 9 2 6 7
20 19 23 25 25 15 15 11 11 8 6 15 15 15 15 11 11 2 6 7
20 19 24 25 24 15 15 11 11 8 6 15 15 15 15 11 11 2 6 7
20 20 21 21 25 15 15 11 11 8 6 15 15 15 15 11 11 2 6 7
19 19 23 23 23 15 15 11 11 8 6 15 15 15 15 11 11 2 6 7
17 19 25 26 24 13 13 9 9 6 8 13 13 13 13 9 9 2 6 7
19 20 23 23 26 15 15 11 11 8 6 15 15 15 15 11 11 2 6 7
20 17 23 25 26 13 13 9 9 6 8 13 13 13 13 9 9 2 6 7
19 19 26 23 24 15 15 11 11 8 6 15 15 15 15 11 11 2 6 7
24 25 31 32 30 17 17 13 13 2 4 10 12 17 17 13 13 5 4 8
25 27 32 30 28 17 17 13 13 2 4 10 12 17 17 13 13 5 4 8
27 28 30 28 29 19 19 15 15 4 2 12 10 19 19 15 15 5 4 8
28 26 28 29 31 17 17 13 13 2 4 10 12 17 17 13 13 5 4 8
26 24 29 31 32 19 19 15 15 4 2 12 10 19 19 15 15 5 4 8
26 27 32 32 32 17 17 13 13 2 4 10 12 17 17 13 13 5 4 8
25 26 29 30 27 17 17 13 13 2 4 10 12 17 17 13 13 5 4 8
25 25 31 31 30 17 17 13 13 2 4 10 12 17 17 13 13 5 4 8
26 25 29 31 31 19 19 15 15 4 2 12 10 19 19 15 15 5 4 8
26 25 30 31 30 19 19 15 15 4 2 12 10 19 19 15 15 5 4 8
26 26 27 27 31 19 19 15 15 4 2 12 10 19 19 15 15 5 4 8
25 25 29 29 29 19 19 15 15 4 2 12 10 19 19 15 15 5 4 8
23 25 31 32 30 17 17 13 13 2 4 10 12 17 17 13 13 5 4 8
25 26 29 29 32 19 19 15 15 4 2 12 10 19 19 15 15 5 4 8
26 23 29 31 32 17 17 13 13 2 4 10 12 17 17 13 13 5 4 8
25 25 32 29 30 19 19 15 15 4 2 12 10 19 19 15 15 5 4 8
30 31 37 38 36 18 20 17 17 13 13 6 8 14 16 17 17 7 2 6
31 33 38 36 34 18 20 17 17 13 13 6 8 14 16 17 17 7 2 6
33 34 36 34 35 20 18 19 19 15 15 8 6 16 14 19 19 7 2 6
34 32 34 35 37 18 20 17 17 13 13 6 8 14 16 17 17 7 2 6
32 30 35 37 38 20 18 19 19 15 15 8 6 16 14 19 19 7 2 6
32 33 38 38 38 18 20 17 17 13 13 6 8 14 16 17 17 7 2 6
31 32 35 36 33 18 20 17 17 13 13 6 8 14 16 17 17 7 2 6
31 31 37 37 36 18 20 17 17 13 13 6 8 14 16 17 17 7 2 6
32 31 35 37 37 20 18 19 19 15 15 8 6 16 14 19 19 7 2 6
32 31 36 37 36 20 18 19 19 15 15 8 6 16 14 19 19 7 2 6
32 32 33 33 37 20 18 19 19 15 15 8 6 16 14 19 19 7 2 6
31 31 35 35 35 20 18 19 19 15 15 8 6 16 14 19 19 7 2 6
29 31 37 38 36 18 20 17 17 13 13 6 8 14 16 17 17 7 2 6
31 32 35 35 38 20 18 19 19 15 15 8 6 16 14 19 19 7 2 6
32 29 35 37 38 18 20 17 17 13 13 6 8 14 16 17 17 7 2 6
31 31 38 35 36 20 18 19 19 15 15 8 6 16 14 19 19 7 2 6
36 37 43 44 42 14 16 18 20 17 17 2 4 10 12 14 16 9 7 4
37 39 44 42 40 14 16 18 20 17 17 2 4 10 12 14 16 9 7 4
39 40 42 40 41 16 14 20 18 19 19 4 2 12 10 16 14 9 7 4
40 38 40 41 43 14 16 18 20 17 17 2 4 10 12 14 16 9 7 4
38 36 41 43 44 16 14 20 18 19 19 4 2 12 10 16 14 9 7 4
38 39 44 44 44 14 16 18 20 17 17 2 4 10 12 14 16 9 7 4
37 38 41 42 39 14 16 18 20 17 17 2 4 10 12 14 16 9 7 4
37 37 43 43 42 14 16 18 20 17 17 2 4 10 12 14 16 9 7 4
38 37 41 43 43 16 14 20 18 19 19 4 2 12 10 16 14 9 7 4
38 37 42 43 42 16 14 20 18 19 19 4 2 12 10 16 14 9 7 4
38 38 39 39 43 16 14 20 18 19 19 4 2 12 10 16 14 9 7 4
37 37 41 41 41 16 14 20 18 19 19 4 2 12 10 16 14 9 7 4
35 37 43 44 42 14 16 18 20 17 17 2 4 10 12 14 16 9 7 4
37 38 41 41 44 16 14 20 18 19 19 4 2 12 10 16 14 9 7 4
38 35 41 43 44 14 16 18 20 17 17 2 4 10 12 14 16 9 7 4
37 37 44 41 42 16 14 20 18 19 19 4 2 12 10 16 14 9 7 4
42 43 49 50 48 10 12 14 16 18 20 17 17 6 8 10 12 8 9 2
43 45 50 48 46 10 12 14 16 18 20 17 17 6 8 10 12 8 9 2
45 46 48 46 47 12 10 16 14 20 18 19 19 8 6 12 10 8 9 2
46 44 46 47 49 10 12 14 16 18 20 17 17 6 8 10 12 8 9 2
44 42 47 49 50 12 10 16 14 20 18 19 19 8 6 12 10 8 9 2
44 45 50 50 50 10 12 14 16 18 20 17 17 6 8 10 12 8 9 2
43 44 47 48 45 10 12 14 16 18 20 17 17 6 8 10 12 8 9 2
43 43 49 49 48 10 12 14 16 18 20 17 17 6 8 10 12 8 9 2
44 43 47 49 49 12 10 16 14 20 18 19 19 8 6 12 10 8 9 2
44 43 48 49 48 12 10 16 14 20 18 19 19 8 6 12 10 8 9 2
44 44 45 45 49 12 10 16 14 20 18 19 19 8 6 12 10 8 9 2
43 43 47 47 47 12 10 16 14 20 18 19 19 8 6 12 10 8 9 2
41 43 49 50 48 10 12 14 16 18 20 17 17 6 8 10 12 8 9 2
43 44 47 47 50 12 10 16 14 20 18 19 19 8 6 12 10 8 9 2
44 41 47 49 50 10 12 14 16 18 20 17 17 6 8 10 12 8 9 2
43 43 50 47 48 12 10 16 14 20 18 19 19 8 6 12 10 8 9 2
48 49 55 56 54 6 8 10 12 14 16 18 20 2 4 6 8 6 8 9
49 51 56 54 52 6 8 10 12 14 16 18 20 2 4 6 8 6 8 9
51 52 54 52 53 8 6 12 10 16 14 20 18 4 2 8 6 6 8 9
52 50 52 53 55 6 8 10 12 14 16 18 20 2 4 6 8 6 8 9
50 48 53 55 56 8 6 12 10 16 14 20 18 4 2 8 6 6 8 9
50 51 56 56 56 6 8 10 12 14 16 18 20 2 4 6 8 6 8 9
49 50 53 54 51 6 8 10 12 14 16 18 20 2 4 6 8 6 8 9
49 49 55 55 54 6 8 10 12 14 16 18 20 2 4 6 8 6 8 9
50 49 53 55 55 8 6 12 10 16 14 20 18 4 2 8 6 6 8 9
50 49 54 55 54 8 6 12 10 16 14 20 18 4 2 8 6 6 8 9
50 50 51 51 55 8 6 12 10 16 14 20 18 4 2 8 6 6 8 9
49 49 53 53 53 8 6 12 10 16 14 20 18 4 2 8 6 6 8 9
47 49 55 56 54 6 8 10 12 14 16 18 20 2 4 6 8 6 8 9
49 50 53 53 56 8 6 12 10 16 14 20 18 4 2 8 6 6 8 9
50 47 53 55 56 6 8 10 12 14 16 18 20 2 4 6 8 6 8 9
49 49 56 53 54 8 6 12 10 16 14 20 18 4 2 8 6 6 8 9
54 55 61 62 60 2 4 6 8 10 12 14 16 18 20 18 20 10 10 10
55 57 62 60 58 2 4 6 8 10 12 14 16 18 20 18 20 10 10 10
57 58 60 58 59 4 2 8 6 12 10 16 14 20 18 20 18 10 10 10
58 56 58 59 61 2 4 6 8 10 12 14 16 18 20 18 20 10 10 10
56 54 59 61 62 4 2 8 6 12 10 16 14 20 18 20 18 10 10 10
56 57 62 62 62 2 4 6 8 10 12 14 16 18 20 18 20 10 10 10
55 56 59 60 57 2 4 6 8 10 12 14 16 18 20 18 20 10 10 10
55 55 61 61 60 2 4 6 8 10 12 14 16 18 20 18 20 10 10 10
56 55 59 61 61 4 2 8 6 12 10 16 14 20 18 20 18 10 10 10
56 55 60 61 60 4 2 8 6 12 10 16 14 20 18 20 18 10 10 10
56 56 57 57 61 4 2 8 6 12 10 16 14 20 18 20 18 10 10 10
55 55 59 59 59 4 2 8 6 12 10 16 14 20 18 20 18 10 10 10
53 55 61 62 60 2 4 6 8 10 12 14 16 18 20 18 20 10 10 10
55 56 59 59 62 4 2 8 6 12 10 16 14 20 18 20 18 10 10 10
56 53 59 61 62 2 4 6 8 10 12 14 16 18 20 18 20 10 10 10
55 55 62 59 60 4 2 8 6 12 10 16 14 20 18 20 18 10 10 10

SIZE: 143 x 20
METHOD: Six-block row decomposition construction (Theorem 21 and Appendix A.3), with t=10 five-column inputs of row sizes 6,9,16,16,16,16,16,16,16,16, and 15 added columns from factorized input pairs. The total added-column weight is 54.
MATRIX:
2 3 5 6 4 3 3 3 3 3 3 3 3 3 3 3 3 1 1 1
3 5 6 4 2 1 1 1 1 1 1 1 1 1 1 1 1 1 1 1
5 6 4 2 3 3 3 3 3 3 3 3 3 3 3 3 3 1 1 1
6 4 2 3 5 1 1 1 1 1 1 1 1 1 1 1 1 1 1 1
4 2 3 5 6 3 3 3 3 3 3 3 3 3 3 3 3 1 1 1
1 1 1 1 1 1 1 1 1 1 1 1 1 1 1 1 1 1 1 1
8 9 11 12 10 5 5 5 5 5 5 5 5 5 5 2 4 3 3 3
9 11 12 10 8 7 7 7 7 7 7 7 7 7 7 4 2 3 3 3
11 12 10 8 9 5 5 5 5 5 5 5 5 5 5 2 4 3 3 3
12 10 8 9 11 5 5 5 5 5 5 5 5 5 5 2 4 3 3 3
10 8 9 11 12 7 7 7 7 7 7 7 7 7 7 4 2 3 3 3
12 7 7 11 7 7 7 7 7 7 7 7 7 7 7 4 2 3 3 3
7 9 9 12 7 7 7 7 7 7 7 7 7 7 7 4 2 3 3 3
10 10 9 12 12 5 5 5 5 5 5 5 5 5 5 2 4 3 3 3
11 10 11 7 11 5 5 5 5 5 5 5 5 5 5 2 4 3 3 3
14 15 17 18 16 9 9 2 4 9 9 9 9 9 9 5 5 4 5 5
15 17 18 16 14 9 9 2 4 9 9 9 9 9 9 5 5 4 5 5
17 18 16 14 15 11 11 4 2 11 11 11 11 11 11 7 7 4 5 5
18 16 14 15 17 9 9 2 4 9 9 9 9 9 9 5 5 4 5 5
16 14 15 17 18 11 11 4 2 11 11 11 11 11 11 7 7 4 5 5
16 17 18 18 18 9 9 2 4 9 9 9 9 9 9 5 5 4 5 5
15 16 15 16 13 9 9 2 4 9 9 9 9 9 9 5 5 4 5 5
15 15 17 17 16 9 9 2 4 9 9 9 9 9 9 5 5 4 5 5
16 15 15 17 17 11 11 4 2 11 11 11 11 11 11 7 7 4 5 5
16 15 16 17 16 11 11 4 2 11 11 11 11 11 11 7 7 4 5 5
16 16 13 13 17 11 11 4 2 11 11 11 11 11 11 7 7 4 5 5
15 15 15 15 15 11 11 4 2 11 11 11 11 11 11 7 7 4 5 5
13 15 17 18 16 9 9 2 4 9 9 9 9 9 9 5 5 4 5 5
15 16 15 15 18 11 11 4 2 11 11 11 11 11 11 7 7 4 5 5
16 13 15 17 18 9 9 2 4 9 9 9 9 9 9 5 5 4 5 5
15 15 18 15 16 11 11 4 2 11 11 11 11 11 11 7 7 4 5 5
20 21 23 24 22 13 13 9 9 6 8 13 13 13 13 9 9 2 6 7
21 23 24 22 20 13 13 9 9 6 8 13 13 13 13 9 9 2 6 7
23 24 22 20 21 15 15 11 11 8 6 15 15 15 15 11 11 2 6 7
24 22 20 21 23 13 13 9 9 6 8 13 13 13 13 9 9 2 6 7
22 20 21 23 24 15 15 11 11 8 6 15 15 15 15 11 11 2 6 7
22 23 24 24 24 13 13 9 9 6 8 13 13 13 13 9 9 2 6 7
21 22 21 22 19 13 13 9 9 6 8 13 13 13 13 9 9 2 6 7
21 21 23 23 22 13 13 9 9 6 8 13 13 13 13 9 9 2 6 7
22 21 21 23 23 15 15 11 11 8 6 15 15 15 15 11 11 2 6 7
22 21 22 23 22 15 15 11 11 8 6 15 15 15 15 11 11 2 6 7
22 22 19 19 23 15 15 11 11 8 6 15 15 15 15 11 11 2 6 7
21 21 21 21 21 15 15 11 11 8 6 15 15 15 15 11 11 2 6 7
19 21 23 24 22 13 13 9 9 6 8 13 13 13 13 9 9 2 6 7
21 22 21 21 24 15 15 11 11 8 6 15 15 15 15 11 11 2 6 7
22 19 21 23 24 13 13 9 9 6 8 13 13 13 13 9 9 2 6 7
21 21 24 21 22 15 15 11 11 8 6 15 15 15 15 11 11 2 6 7
26 27 29 30 28 17 17 13 13 2 4 10 12 17 17 13 13 5 4 8
27 29 30 28 26 17 17 13 13 2 4 10 12 17 17 13 13 5 4 8
29 30 28 26 27 19 19 15 15 4 2 12 10 19 19 15 15 5 4 8
30 28 26 27 29 17 17 13 13 2 4 10 12 17 17 13 13 5 4 8
28 26 27 29 30 19 19 15 15 4 2 12 10 19 19 15 15 5 4 8
28 29 30 30 30 17 17 13 13 2 4 10 12 17 17 13 13 5 4 8
27 28 27 28 25 17 17 13 13 2 4 10 12 17 17 13 13 5 4 8
27 27 29 29 28 17 17 13 13 2 4 10 12 17 17 13 13 5 4 8
28 27 27 29 29 19 19 15 15 4 2 12 10 19 19 15 15 5 4 8
28 27 28 29 28 19 19 15 15 4 2 12 10 19 19 15 15 5 4 8
28 28 25 25 29 19 19 15 15 4 2 12 10 19 19 15 15 5 4 8
27 27 27 27 27 19 19 15 15 4 2 12 10 19 19 15 15 5 4 8
25 27 29 30 28 17 17 13 13 2 4 10 12 17 17 13 13 5 4 8
27 28 27 27 30 19 19 15 15 4 2 12 10 19 19 15 15 5 4 8
28 25 27 29 30 17 17 13 13 2 4 10 12 17 17 13 13 5 4 8
27 27 30 27 28 19 19 15 15 4 2 12 10 19 19 15 15 5 4 8
32 33 35 36 34 18 20 17 17 13 13 6 8 14 16 17 17 7 2 6
33 35 36 34 32 18 20 17 17 13 13 6 8 14 16 17 17 7 2 6
35 36 34 32 33 20 18 19 19 15 15 8 6 16 14 19 19 7 2 6
36 34 32 33 35 18 20 17 17 13 13 6 8 14 16 17 17 7 2 6
34 32 33 35 36 20 18 19 19 15 15 8 6 16 14 19 19 7 2 6
34 35 36 36 36 18 20 17 17 13 13 6 8 14 16 17 17 7 2 6
33 34 33 34 31 18 20 17 17 13 13 6 8 14 16 17 17 7 2 6
33 33 35 35 34 18 20 17 17 13 13 6 8 14 16 17 17 7 2 6
34 33 33 35 35 20 18 19 19 15 15 8 6 16 14 19 19 7 2 6
34 33 34 35 34 20 18 19 19 15 15 8 6 16 14 19 19 7 2 6
34 34 31 31 35 20 18 19 19 15 15 8 6 16 14 19 19 7 2 6
33 33 33 33 33 20 18 19 19 15 15 8 6 16 14 19 19 7 2 6
31 33 35 36 34 18 20 17 17 13 13 6 8 14 16 17 17 7 2 6
33 34 33 33 36 20 18 19 19 15 15 8 6 16 14 19 19 7 2 6
34 31 33 35 36 18 20 17 17 13 13 6 8 14 16 17 17 7 2 6
33 33 36 33 34 20 18 19 19 15 15 8 6 16 14 19 19 7 2 6
38 39 41 42 40 14 16 18 20 17 17 2 4 10 12 14 16 9 7 4
39 41 42 40 38 14 16 18 20 17 17 2 4 10 12 14 16 9 7 4
41 42 40 38 39 16 14 20 18 19 19 4 2 12 10 16 14 9 7 4
42 40 38 39 41 14 16 18 20 17 17 2 4 10 12 14 16 9 7 4
40 38 39 41 42 16 14 20 18 19 19 4 2 12 10 16 14 9 7 4
40 41 42 42 42 14 16 18 20 17 17 2 4 10 12 14 16 9 7 4
39 40 39 40 37 14 16 18 20 17 17 2 4 10 12 14 16 9 7 4
39 39 41 41 40 14 16 18 20 17 17 2 4 10 12 14 16 9 7 4
40 39 39 41 41 16 14 20 18 19 19 4 2 12 10 16 14 9 7 4
40 39 40 41 40 16 14 20 18 19 19 4 2 12 10 16 14 9 7 4
40 40 37 37 41 16 14 20 18 19 19 4 2 12 10 16 14 9 7 4
39 39 39 39 39 16 14 20 18 19 19 4 2 12 10 16 14 9 7 4
37 39 41 42 40 14 16 18 20 17 17 2 4 10 12 14 16 9 7 4
39 40 39 39 42 16 14 20 18 19 19 4 2 12 10 16 14 9 7 4
40 37 39 41 42 14 16 18 20 17 17 2 4 10 12 14 16 9 7 4
39 39 42 39 40 16 14 20 18 19 19 4 2 12 10 16 14 9 7 4
44 45 47 48 46 10 12 14 16 18 20 17 17 6 8 10 12 8 9 2
45 47 48 46 44 10 12 14 16 18 20 17 17 6 8 10 12 8 9 2
47 48 46 44 45 12 10 16 14 20 18 19 19 8 6 12 10 8 9 2
48 46 44 45 47 10 12 14 16 18 20 17 17 6 8 10 12 8 9 2
46 44 45 47 48 12 10 16 14 20 18 19 19 8 6 12 10 8 9 2
46 47 48 48 48 10 12 14 16 18 20 17 17 6 8 10 12 8 9 2
45 46 45 46 43 10 12 14 16 18 20 17 17 6 8 10 12 8 9 2
45 45 47 47 46 10 12 14 16 18 20 17 17 6 8 10 12 8 9 2
46 45 45 47 47 12 10 16 14 20 18 19 19 8 6 12 10 8 9 2
46 45 46 47 46 12 10 16 14 20 18 19 19 8 6 12 10 8 9 2
46 46 43 43 47 12 10 16 14 20 18 19 19 8 6 12 10 8 9 2
45 45 45 45 45 12 10 16 14 20 18 19 19 8 6 12 10 8 9 2
43 45 47 48 46 10 12 14 16 18 20 17 17 6 8 10 12 8 9 2
45 46 45 45 48 12 10 16 14 20 18 19 19 8 6 12 10 8 9 2
46 43 45 47 48 10 12 14 16 18 20 17 17 6 8 10 12 8 9 2
45 45 48 45 46 12 10 16 14 20 18 19 19 8 6 12 10 8 9 2
50 51 53 54 52 6 8 10 12 14 16 18 20 2 4 6 8 6 8 9
51 53 54 52 50 6 8 10 12 14 16 18 20 2 4 6 8 6 8 9
53 54 52 50 51 8 6 12 10 16 14 20 18 4 2 8 6 6 8 9
54 52 50 51 53 6 8 10 12 14 16 18 20 2 4 6 8 6 8 9
52 50 51 53 54 8 6 12 10 16 14 20 18 4 2 8 6 6 8 9
52 53 54 54 54 6 8 10 12 14 16 18 20 2 4 6 8 6 8 9
51 52 51 52 49 6 8 10 12 14 16 18 20 2 4 6 8 6 8 9
51 51 53 53 52 6 8 10 12 14 16 18 20 2 4 6 8 6 8 9
52 51 51 53 53 8 6 12 10 16 14 20 18 4 2 8 6 6 8 9
52 51 52 53 52 8 6 12 10 16 14 20 18 4 2 8 6 6 8 9
52 52 49 49 53 8 6 12 10 16 14 20 18 4 2 8 6 6 8 9
51 51 51 51 51 8 6 12 10 16 14 20 18 4 2 8 6 6 8 9
49 51 53 54 52 6 8 10 12 14 16 18 20 2 4 6 8 6 8 9
51 52 51 51 54 8 6 12 10 16 14 20 18 4 2 8 6 6 8 9
52 49 51 53 54 6 8 10 12 14 16 18 20 2 4 6 8 6 8 9
51 51 54 51 52 8 6 12 10 16 14 20 18 4 2 8 6 6 8 9
56 57 59 60 58 2 4 6 8 10 12 14 16 18 20 18 20 10 10 10
57 59 60 58 56 2 4 6 8 10 12 14 16 18 20 18 20 10 10 10
59 60 58 56 57 4 2 8 6 12 10 16 14 20 18 20 18 10 10 10
60 58 56 57 59 2 4 6 8 10 12 14 16 18 20 18 20 10 10 10
58 56 57 59 60 4 2 8 6 12 10 16 14 20 18 20 18 10 10 10
58 59 60 60 60 2 4 6 8 10 12 14 16 18 20 18 20 10 10 10
57 58 57 58 55 2 4 6 8 10 12 14 16 18 20 18 20 10 10 10
57 57 59 59 58 2 4 6 8 10 12 14 16 18 20 18 20 10 10 10
58 57 57 59 59 4 2 8 6 12 10 16 14 20 18 20 18 10 10 10
58 57 58 59 58 4 2 8 6 12 10 16 14 20 18 20 18 10 10 10
58 58 55 55 59 4 2 8 6 12 10 16 14 20 18 20 18 10 10 10
57 57 57 57 57 4 2 8 6 12 10 16 14 20 18 20 18 10 10 10
55 57 59 60 58 2 4 6 8 10 12 14 16 18 20 18 20 10 10 10
57 58 57 57 60 4 2 8 6 12 10 16 14 20 18 20 18 10 10 10
58 55 57 59 60 2 4 6 8 10 12 14 16 18 20 18 20 10 10 10
57 57 60 57 58 4 2 8 6 12 10 16 14 20 18 20 18 10 10 10

SIZE: 144 x 20
METHOD: Six-block row decomposition construction (Theorem 21 and Appendix A.3), with t=10 five-column inputs of row sizes 6,10,16,16,16,16,16,16,16,16, and 15 added columns from factorized input pairs. The total added-column weight is 54.
MATRIX:
2 3 5 6 4 3 3 3 3 3 3 3 3 3 3 3 3 1 1 1
3 5 6 4 2 1 1 1 1 1 1 1 1 1 1 1 1 1 1 1
5 6 4 2 3 3 3 3 3 3 3 3 3 3 3 3 3 1 1 1
6 4 2 3 5 1 1 1 1 1 1 1 1 1 1 1 1 1 1 1
4 2 3 5 6 3 3 3 3 3 3 3 3 3 3 3 3 1 1 1
1 1 1 1 1 1 1 1 1 1 1 1 1 1 1 1 1 1 1 1
8 9 11 12 10 5 5 5 5 5 5 5 5 5 5 2 4 3 3 3
9 11 12 10 8 7 7 7 7 7 7 7 7 7 7 4 2 3 3 3
11 12 10 8 9 5 5 5 5 5 5 5 5 5 5 2 4 3 3 3
12 10 8 9 11 5 5 5 5 5 5 5 5 5 5 2 4 3 3 3
10 8 9 11 12 7 7 7 7 7 7 7 7 7 7 4 2 3 3 3
11 12 12 7 11 7 7 7 7 7 7 7 7 7 7 4 2 3 3 3
12 7 12 10 7 5 5 5 5 5 5 5 5 5 5 2 4 3 3 3
12 7 7 9 9 5 5 5 5 5 5 5 5 5 5 2 4 3 3 3
11 11 12 12 7 7 7 7 7 7 7 7 7 7 7 4 2 3 3 3
7 11 11 10 11 7 7 7 7 7 7 7 7 7 7 4 2 3 3 3
14 15 17 18 16 9 9 2 4 9 9 9 9 9 9 5 5 4 5 5
15 17 18 16 14 9 9 2 4 9 9 9 9 9 9 5 5 4 5 5
17 18 16 14 15 11 11 4 2 11 11 11 11 11 11 7 7 4 5 5
18 16 14 15 17 9 9 2 4 9 9 9 9 9 9 5 5 4 5 5
16 14 15 17 18 11 11 4 2 11 11 11 11 11 11 7 7 4 5 5
16 17 18 18 18 9 9 2 4 9 9 9 9 9 9 5 5 4 5 5
15 16 15 16 13 9 9 2 4 9 9 9 9 9 9 5 5 4 5 5
15 15 17 17 16 9 9 2 4 9 9 9 9 9 9 5 5 4 5 5
16 15 15 17 17 11 11 4 2 11 11 11 11 11 11 7 7 4 5 5
16 15 16 17 16 11 11 4 2 11 11 11 11 11 11 7 7 4 5 5
16 16 13 13 17 11 11 4 2 11 11 11 11 11 11 7 7 4 5 5
15 15 15 15 15 11 11 4 2 11 11 11 11 11 11 7 7 4 5 5
13 15 17 18 16 9 9 2 4 9 9 9 9 9 9 5 5 4 5 5
15 16 15 15 18 11 11 4 2 11 11 11 11 11 11 7 7 4 5 5
16 13 15 17 18 9 9 2 4 9 9 9 9 9 9 5 5 4 5 5
15 15 18 15 16 11 11 4 2 11 11 11 11 11 11 7 7 4 5 5
20 21 23 24 22 13 13 9 9 6 8 13 13 13 13 9 9 2 6 7
21 23 24 22 20 13 13 9 9 6 8 13 13 13 13 9 9 2 6 7
23 24 22 20 21 15 15 11 11 8 6 15 15 15 15 11 11 2 6 7
24 22 20 21 23 13 13 9 9 6 8 13 13 13 13 9 9 2 6 7
22 20 21 23 24 15 15 11 11 8 6 15 15 15 15 11 11 2 6 7
22 23 24 24 24 13 13 9 9 6 8 13 13 13 13 9 9 2 6 7
21 22 21 22 19 13 13 9 9 6 8 13 13 13 13 9 9 2 6 7
21 21 23 23 22 13 13 9 9 6 8 13 13 13 13 9 9 2 6 7
22 21 21 23 23 15 15 11 11 8 6 15 15 15 15 11 11 2 6 7
22 21 22 23 22 15 15 11 11 8 6 15 15 15 15 11 11 2 6 7
22 22 19 19 23 15 15 11 11 8 6 15 15 15 15 11 11 2 6 7
21 21 21 21 21 15 15 11 11 8 6 15 15 15 15 11 11 2 6 7
19 21 23 24 22 13 13 9 9 6 8 13 13 13 13 9 9 2 6 7
21 22 21 21 24 15 15 11 11 8 6 15 15 15 15 11 11 2 6 7
22 19 21 23 24 13 13 9 9 6 8 13 13 13 13 9 9 2 6 7
21 21 24 21 22 15 15 11 11 8 6 15 15 15 15 11 11 2 6 7
26 27 29 30 28 17 17 13 13 2 4 10 12 17 17 13 13 5 4 8
27 29 30 28 26 17 17 13 13 2 4 10 12 17 17 13 13 5 4 8
29 30 28 26 27 19 19 15 15 4 2 12 10 19 19 15 15 5 4 8
30 28 26 27 29 17 17 13 13 2 4 10 12 17 17 13 13 5 4 8
28 26 27 29 30 19 19 15 15 4 2 12 10 19 19 15 15 5 4 8
28 29 30 30 30 17 17 13 13 2 4 10 12 17 17 13 13 5 4 8
27 28 27 28 25 17 17 13 13 2 4 10 12 17 17 13 13 5 4 8
27 27 29 29 28 17 17 13 13 2 4 10 12 17 17 13 13 5 4 8
28 27 27 29 29 19 19 15 15 4 2 12 10 19 19 15 15 5 4 8
28 27 28 29 28 19 19 15 15 4 2 12 10 19 19 15 15 5 4 8
28 28 25 25 29 19 19 15 15 4 2 12 10 19 19 15 15 5 4 8
27 27 27 27 27 19 19 15 15 4 2 12 10 19 19 15 15 5 4 8
25 27 29 30 28 17 17 13 13 2 4 10 12 17 17 13 13 5 4 8
27 28 27 27 30 19 19 15 15 4 2 12 10 19 19 15 15 5 4 8
28 25 27 29 30 17 17 13 13 2 4 10 12 17 17 13 13 5 4 8
27 27 30 27 28 19 19 15 15 4 2 12 10 19 19 15 15 5 4 8
32 33 35 36 34 18 20 17 17 13 13 6 8 14 16 17 17 7 2 6
33 35 36 34 32 18 20 17 17 13 13 6 8 14 16 17 17 7 2 6
35 36 34 32 33 20 18 19 19 15 15 8 6 16 14 19 19 7 2 6
36 34 32 33 35 18 20 17 17 13 13 6 8 14 16 17 17 7 2 6
34 32 33 35 36 20 18 19 19 15 15 8 6 16 14 19 19 7 2 6
34 35 36 36 36 18 20 17 17 13 13 6 8 14 16 17 17 7 2 6
33 34 33 34 31 18 20 17 17 13 13 6 8 14 16 17 17 7 2 6
33 33 35 35 34 18 20 17 17 13 13 6 8 14 16 17 17 7 2 6
34 33 33 35 35 20 18 19 19 15 15 8 6 16 14 19 19 7 2 6
34 33 34 35 34 20 18 19 19 15 15 8 6 16 14 19 19 7 2 6
34 34 31 31 35 20 18 19 19 15 15 8 6 16 14 19 19 7 2 6
33 33 33 33 33 20 18 19 19 15 15 8 6 16 14 19 19 7 2 6
31 33 35 36 34 18 20 17 17 13 13 6 8 14 16 17 17 7 2 6
33 34 33 33 36 20 18 19 19 15 15 8 6 16 14 19 19 7 2 6
34 31 33 35 36 18 20 17 17 13 13 6 8 14 16 17 17 7 2 6
33 33 36 33 34 20 18 19 19 15 15 8 6 16 14 19 19 7 2 6
38 39 41 42 40 14 16 18 20 17 17 2 4 10 12 14 16 9 7 4
39 41 42 40 38 14 16 18 20 17 17 2 4 10 12 14 16 9 7 4
41 42 40 38 39 16 14 20 18 19 19 4 2 12 10 16 14 9 7 4
42 40 38 39 41 14 16 18 20 17 17 2 4 10 12 14 16 9 7 4
40 38 39 41 42 16 14 20 18 19 19 4 2 12 10 16 14 9 7 4
40 41 42 42 42 14 16 18 20 17 17 2 4 10 12 14 16 9 7 4
39 40 39 40 37 14 16 18 20 17 17 2 4 10 12 14 16 9 7 4
39 39 41 41 40 14 16 18 20 17 17 2 4 10 12 14 16 9 7 4
40 39 39 41 41 16 14 20 18 19 19 4 2 12 10 16 14 9 7 4
40 39 40 41 40 16 14 20 18 19 19 4 2 12 10 16 14 9 7 4
40 40 37 37 41 16 14 20 18 19 19 4 2 12 10 16 14 9 7 4
39 39 39 39 39 16 14 20 18 19 19 4 2 12 10 16 14 9 7 4
37 39 41 42 40 14 16 18 20 17 17 2 4 10 12 14 16 9 7 4
39 40 39 39 42 16 14 20 18 19 19 4 2 12 10 16 14 9 7 4
40 37 39 41 42 14 16 18 20 17 17 2 4 10 12 14 16 9 7 4
39 39 42 39 40 16 14 20 18 19 19 4 2 12 10 16 14 9 7 4
44 45 47 48 46 10 12 14 16 18 20 17 17 6 8 10 12 8 9 2
45 47 48 46 44 10 12 14 16 18 20 17 17 6 8 10 12 8 9 2
47 48 46 44 45 12 10 16 14 20 18 19 19 8 6 12 10 8 9 2
48 46 44 45 47 10 12 14 16 18 20 17 17 6 8 10 12 8 9 2
46 44 45 47 48 12 10 16 14 20 18 19 19 8 6 12 10 8 9 2
46 47 48 48 48 10 12 14 16 18 20 17 17 6 8 10 12 8 9 2
45 46 45 46 43 10 12 14 16 18 20 17 17 6 8 10 12 8 9 2
45 45 47 47 46 10 12 14 16 18 20 17 17 6 8 10 12 8 9 2
46 45 45 47 47 12 10 16 14 20 18 19 19 8 6 12 10 8 9 2
46 45 46 47 46 12 10 16 14 20 18 19 19 8 6 12 10 8 9 2
46 46 43 43 47 12 10 16 14 20 18 19 19 8 6 12 10 8 9 2
45 45 45 45 45 12 10 16 14 20 18 19 19 8 6 12 10 8 9 2
43 45 47 48 46 10 12 14 16 18 20 17 17 6 8 10 12 8 9 2
45 46 45 45 48 12 10 16 14 20 18 19 19 8 6 12 10 8 9 2
46 43 45 47 48 10 12 14 16 18 20 17 17 6 8 10 12 8 9 2
45 45 48 45 46 12 10 16 14 20 18 19 19 8 6 12 10 8 9 2
50 51 53 54 52 6 8 10 12 14 16 18 20 2 4 6 8 6 8 9
51 53 54 52 50 6 8 10 12 14 16 18 20 2 4 6 8 6 8 9
53 54 52 50 51 8 6 12 10 16 14 20 18 4 2 8 6 6 8 9
54 52 50 51 53 6 8 10 12 14 16 18 20 2 4 6 8 6 8 9
52 50 51 53 54 8 6 12 10 16 14 20 18 4 2 8 6 6 8 9
52 53 54 54 54 6 8 10 12 14 16 18 20 2 4 6 8 6 8 9
51 52 51 52 49 6 8 10 12 14 16 18 20 2 4 6 8 6 8 9
51 51 53 53 52 6 8 10 12 14 16 18 20 2 4 6 8 6 8 9
52 51 51 53 53 8 6 12 10 16 14 20 18 4 2 8 6 6 8 9
52 51 52 53 52 8 6 12 10 16 14 20 18 4 2 8 6 6 8 9
52 52 49 49 53 8 6 12 10 16 14 20 18 4 2 8 6 6 8 9
51 51 51 51 51 8 6 12 10 16 14 20 18 4 2 8 6 6 8 9
49 51 53 54 52 6 8 10 12 14 16 18 20 2 4 6 8 6 8 9
51 52 51 51 54 8 6 12 10 16 14 20 18 4 2 8 6 6 8 9
52 49 51 53 54 6 8 10 12 14 16 18 20 2 4 6 8 6 8 9
51 51 54 51 52 8 6 12 10 16 14 20 18 4 2 8 6 6 8 9
56 57 59 60 58 2 4 6 8 10 12 14 16 18 20 18 20 10 10 10
57 59 60 58 56 2 4 6 8 10 12 14 16 18 20 18 20 10 10 10
59 60 58 56 57 4 2 8 6 12 10 16 14 20 18 20 18 10 10 10
60 58 56 57 59 2 4 6 8 10 12 14 16 18 20 18 20 10 10 10
58 56 57 59 60 4 2 8 6 12 10 16 14 20 18 20 18 10 10 10
58 59 60 60 60 2 4 6 8 10 12 14 16 18 20 18 20 10 10 10
57 58 57 58 55 2 4 6 8 10 12 14 16 18 20 18 20 10 10 10
57 57 59 59 58 2 4 6 8 10 12 14 16 18 20 18 20 10 10 10
58 57 57 59 59 4 2 8 6 12 10 16 14 20 18 20 18 10 10 10
58 57 58 59 58 4 2 8 6 12 10 16 14 20 18 20 18 10 10 10
58 58 55 55 59 4 2 8 6 12 10 16 14 20 18 20 18 10 10 10
57 57 57 57 57 4 2 8 6 12 10 16 14 20 18 20 18 10 10 10
55 57 59 60 58 2 4 6 8 10 12 14 16 18 20 18 20 10 10 10
57 58 57 57 60 4 2 8 6 12 10 16 14 20 18 20 18 10 10 10
58 55 57 59 60 2 4 6 8 10 12 14 16 18 20 18 20 10 10 10
57 57 60 57 58 4 2 8 6 12 10 16 14 20 18 20 18 10 10 10

SIZE: 145 x 20
METHOD: Six-block row decomposition construction (Theorem 21 and Appendix A.3), with t=10 five-column inputs of row sizes 6,11,16,16,16,16,16,16,16,16, and 15 added columns from factorized input pairs. The total added-column weight is 54.
MATRIX:
2 3 5 6 4 3 3 3 3 3 3 3 3 3 3 3 3 1 1 1
3 5 6 4 2 1 1 1 1 1 1 1 1 1 1 1 1 1 1 1
5 6 4 2 3 3 3 3 3 3 3 3 3 3 3 3 3 1 1 1
6 4 2 3 5 1 1 1 1 1 1 1 1 1 1 1 1 1 1 1
4 2 3 5 6 3 3 3 3 3 3 3 3 3 3 3 3 1 1 1
1 1 1 1 1 1 1 1 1 1 1 1 1 1 1 1 1 1 1 1
8 9 11 12 10 5 5 5 5 5 5 5 5 5 5 2 4 3 3 3
9 11 12 10 8 5 5 5 5 5 5 5 5 5 5 2 4 3 3 3
11 12 10 8 9 7 7 7 7 7 7 7 7 7 7 4 2 3 3 3
12 10 8 9 11 5 5 5 5 5 5 5 5 5 5 2 4 3 3 3
10 8 9 11 12 5 5 5 5 5 5 5 5 5 5 2 4 3 3 3
10 7 12 10 10 5 5 5 5 5 5 5 5 5 5 2 4 3 3 3
9 10 7 7 7 7 7 7 7 7 7 7 7 7 7 4 2 3 3 3
10 9 9 12 9 5 5 5 5 5 5 5 5 5 5 2 4 3 3 3
10 9 10 7 9 7 7 7 7 7 7 7 7 7 7 4 2 3 3 3
9 9 9 11 7 7 7 7 7 7 7 7 7 7 7 4 2 3 3 3
7 9 11 12 10 7 7 7 7 7 7 7 7 7 7 4 2 3 3 3
14 15 17 18 16 9 9 2 4 9 9 9 9 9 9 5 5 4 5 5
15 17 18 16 14 9 9 2 4 9 9 9 9 9 9 5 5 4 5 5
17 18 16 14 15 11 11 4 2 11 11 11 11 11 11 7 7 4 5 5
18 16 14 15 17 9 9 2 4 9 9 9 9 9 9 5 5 4 5 5
16 14 15 17 18 11 11 4 2 11 11 11 11 11 11 7 7 4 5 5
16 17 18 18 18 9 9 2 4 9 9 9 9 9 9 5 5 4 5 5
15 16 15 16 13 9 9 2 4 9 9 9 9 9 9 5 5 4 5 5
15 15 17 17 16 9 9 2 4 9 9 9 9 9 9 5 5 4 5 5
16 15 15 17 17 11 11 4 2 11 11 11 11 11 11 7 7 4 5 5
16 15 16 17 16 11 11 4 2 11 11 11 11 11 11 7 7 4 5 5
16 16 13 13 17 11 11 4 2 11 11 11 11 11 11 7 7 4 5 5
15 15 15 15 15 11 11 4 2 11 11 11 11 11 11 7 7 4 5 5
13 15 17 18 16 9 9 2 4 9 9 9 9 9 9 5 5 4 5 5
15 16 15 15 18 11 11 4 2 11 11 11 11 11 11 7 7 4 5 5
16 13 15 17 18 9 9 2 4 9 9 9 9 9 9 5 5 4 5 5
15 15 18 15 16 11 11 4 2 11 11 11 11 11 11 7 7 4 5 5
20 21 23 24 22 13 13 9 9 6 8 13 13 13 13 9 9 2 6 7
21 23 24 22 20 13 13 9 9 6 8 13 13 13 13 9 9 2 6 7
23 24 22 20 21 15 15 11 11 8 6 15 15 15 15 11 11 2 6 7
24 22 20 21 23 13 13 9 9 6 8 13 13 13 13 9 9 2 6 7
22 20 21 23 24 15 15 11 11 8 6 15 15 15 15 11 11 2 6 7
22 23 24 24 24 13 13 9 9 6 8 13 13 13 13 9 9 2 6 7
21 22 21 22 19 13 13 9 9 6 8 13 13 13 13 9 9 2 6 7
21 21 23 23 22 13 13 9 9 6 8 13 13 13 13 9 9 2 6 7
22 21 21 23 23 15 15 11 11 8 6 15 15 15 15 11 11 2 6 7
22 21 22 23 22 15 15 11 11 8 6 15 15 15 15 11 11 2 6 7
22 22 19 19 23 15 15 11 11 8 6 15 15 15 15 11 11 2 6 7
21 21 21 21 21 15 15 11 11 8 6 15 15 15 15 11 11 2 6 7
19 21 23 24 22 13 13 9 9 6 8 13 13 13 13 9 9 2 6 7
21 22 21 21 24 15 15 11 11 8 6 15 15 15 15 11 11 2 6 7
22 19 21 23 24 13 13 9 9 6 8 13 13 13 13 9 9 2 6 7
21 21 24 21 22 15 15 11 11 8 6 15 15 15 15 11 11 2 6 7
26 27 29 30 28 17 17 13 13 2 4 10 12 17 17 13 13 5 4 8
27 29 30 28 26 17 17 13 13 2 4 10 12 17 17 13 13 5 4 8
29 30 28 26 27 19 19 15 15 4 2 12 10 19 19 15 15 5 4 8
30 28 26 27 29 17 17 13 13 2 4 10 12 17 17 13 13 5 4 8
28 26 27 29 30 19 19 15 15 4 2 12 10 19 19 15 15 5 4 8
28 29 30 30 30 17 17 13 13 2 4 10 12 17 17 13 13 5 4 8
27 28 27 28 25 17 17 13 13 2 4 10 12 17 17 13 13 5 4 8
27 27 29 29 28 17 17 13 13 2 4 10 12 17 17 13 13 5 4 8
28 27 27 29 29 19 19 15 15 4 2 12 10 19 19 15 15 5 4 8
28 27 28 29 28 19 19 15 15 4 2 12 10 19 19 15 15 5 4 8
28 28 25 25 29 19 19 15 15 4 2 12 10 19 19 15 15 5 4 8
27 27 27 27 27 19 19 15 15 4 2 12 10 19 19 15 15 5 4 8
25 27 29 30 28 17 17 13 13 2 4 10 12 17 17 13 13 5 4 8
27 28 27 27 30 19 19 15 15 4 2 12 10 19 19 15 15 5 4 8
28 25 27 29 30 17 17 13 13 2 4 10 12 17 17 13 13 5 4 8
27 27 30 27 28 19 19 15 15 4 2 12 10 19 19 15 15 5 4 8
32 33 35 36 34 18 20 17 17 13 13 6 8 14 16 17 17 7 2 6
33 35 36 34 32 18 20 17 17 13 13 6 8 14 16 17 17 7 2 6
35 36 34 32 33 20 18 19 19 15 15 8 6 16 14 19 19 7 2 6
36 34 32 33 35 18 20 17 17 13 13 6 8 14 16 17 17 7 2 6
34 32 33 35 36 20 18 19 19 15 15 8 6 16 14 19 19 7 2 6
34 35 36 36 36 18 20 17 17 13 13 6 8 14 16 17 17 7 2 6
33 34 33 34 31 18 20 17 17 13 13 6 8 14 16 17 17 7 2 6
33 33 35 35 34 18 20 17 17 13 13 6 8 14 16 17 17 7 2 6
34 33 33 35 35 20 18 19 19 15 15 8 6 16 14 19 19 7 2 6
34 33 34 35 34 20 18 19 19 15 15 8 6 16 14 19 19 7 2 6
34 34 31 31 35 20 18 19 19 15 15 8 6 16 14 19 19 7 2 6
33 33 33 33 33 20 18 19 19 15 15 8 6 16 14 19 19 7 2 6
31 33 35 36 34 18 20 17 17 13 13 6 8 14 16 17 17 7 2 6
33 34 33 33 36 20 18 19 19 15 15 8 6 16 14 19 19 7 2 6
34 31 33 35 36 18 20 17 17 13 13 6 8 14 16 17 17 7 2 6
33 33 36 33 34 20 18 19 19 15 15 8 6 16 14 19 19 7 2 6
38 39 41 42 40 14 16 18 20 17 17 2 4 10 12 14 16 9 7 4
39 41 42 40 38 14 16 18 20 17 17 2 4 10 12 14 16 9 7 4
41 42 40 38 39 16 14 20 18 19 19 4 2 12 10 16 14 9 7 4
42 40 38 39 41 14 16 18 20 17 17 2 4 10 12 14 16 9 7 4
40 38 39 41 42 16 14 20 18 19 19 4 2 12 10 16 14 9 7 4
40 41 42 42 42 14 16 18 20 17 17 2 4 10 12 14 16 9 7 4
39 40 39 40 37 14 16 18 20 17 17 2 4 10 12 14 16 9 7 4
39 39 41 41 40 14 16 18 20 17 17 2 4 10 12 14 16 9 7 4
40 39 39 41 41 16 14 20 18 19 19 4 2 12 10 16 14 9 7 4
40 39 40 41 40 16 14 20 18 19 19 4 2 12 10 16 14 9 7 4
40 40 37 37 41 16 14 20 18 19 19 4 2 12 10 16 14 9 7 4
39 39 39 39 39 16 14 20 18 19 19 4 2 12 10 16 14 9 7 4
37 39 41 42 40 14 16 18 20 17 17 2 4 10 12 14 16 9 7 4
39 40 39 39 42 16 14 20 18 19 19 4 2 12 10 16 14 9 7 4
40 37 39 41 42 14 16 18 20 17 17 2 4 10 12 14 16 9 7 4
39 39 42 39 40 16 14 20 18 19 19 4 2 12 10 16 14 9 7 4
44 45 47 48 46 10 12 14 16 18 20 17 17 6 8 10 12 8 9 2
45 47 48 46 44 10 12 14 16 18 20 17 17 6 8 10 12 8 9 2
47 48 46 44 45 12 10 16 14 20 18 19 19 8 6 12 10 8 9 2
48 46 44 45 47 10 12 14 16 18 20 17 17 6 8 10 12 8 9 2
46 44 45 47 48 12 10 16 14 20 18 19 19 8 6 12 10 8 9 2
46 47 48 48 48 10 12 14 16 18 20 17 17 6 8 10 12 8 9 2
45 46 45 46 43 10 12 14 16 18 20 17 17 6 8 10 12 8 9 2
45 45 47 47 46 10 12 14 16 18 20 17 17 6 8 10 12 8 9 2
46 45 45 47 47 12 10 16 14 20 18 19 19 8 6 12 10 8 9 2
46 45 46 47 46 12 10 16 14 20 18 19 19 8 6 12 10 8 9 2
46 46 43 43 47 12 10 16 14 20 18 19 19 8 6 12 10 8 9 2
45 45 45 45 45 12 10 16 14 20 18 19 19 8 6 12 10 8 9 2
43 45 47 48 46 10 12 14 16 18 20 17 17 6 8 10 12 8 9 2
45 46 45 45 48 12 10 16 14 20 18 19 19 8 6 12 10 8 9 2
46 43 45 47 48 10 12 14 16 18 20 17 17 6 8 10 12 8 9 2
45 45 48 45 46 12 10 16 14 20 18 19 19 8 6 12 10 8 9 2
50 51 53 54 52 6 8 10 12 14 16 18 20 2 4 6 8 6 8 9
51 53 54 52 50 6 8 10 12 14 16 18 20 2 4 6 8 6 8 9
53 54 52 50 51 8 6 12 10 16 14 20 18 4 2 8 6 6 8 9
54 52 50 51 53 6 8 10 12 14 16 18 20 2 4 6 8 6 8 9
52 50 51 53 54 8 6 12 10 16 14 20 18 4 2 8 6 6 8 9
52 53 54 54 54 6 8 10 12 14 16 18 20 2 4 6 8 6 8 9
51 52 51 52 49 6 8 10 12 14 16 18 20 2 4 6 8 6 8 9
51 51 53 53 52 6 8 10 12 14 16 18 20 2 4 6 8 6 8 9
52 51 51 53 53 8 6 12 10 16 14 20 18 4 2 8 6 6 8 9
52 51 52 53 52 8 6 12 10 16 14 20 18 4 2 8 6 6 8 9
52 52 49 49 53 8 6 12 10 16 14 20 18 4 2 8 6 6 8 9
51 51 51 51 51 8 6 12 10 16 14 20 18 4 2 8 6 6 8 9
49 51 53 54 52 6 8 10 12 14 16 18 20 2 4 6 8 6 8 9
51 52 51 51 54 8 6 12 10 16 14 20 18 4 2 8 6 6 8 9
52 49 51 53 54 6 8 10 12 14 16 18 20 2 4 6 8 6 8 9
51 51 54 51 52 8 6 12 10 16 14 20 18 4 2 8 6 6 8 9
56 57 59 60 58 2 4 6 8 10 12 14 16 18 20 18 20 10 10 10
57 59 60 58 56 2 4 6 8 10 12 14 16 18 20 18 20 10 10 10
59 60 58 56 57 4 2 8 6 12 10 16 14 20 18 20 18 10 10 10
60 58 56 57 59 2 4 6 8 10 12 14 16 18 20 18 20 10 10 10
58 56 57 59 60 4 2 8 6 12 10 16 14 20 18 20 18 10 10 10
58 59 60 60 60 2 4 6 8 10 12 14 16 18 20 18 20 10 10 10
57 58 57 58 55 2 4 6 8 10 12 14 16 18 20 18 20 10 10 10
57 57 59 59 58 2 4 6 8 10 12 14 16 18 20 18 20 10 10 10
58 57 57 59 59 4 2 8 6 12 10 16 14 20 18 20 18 10 10 10
58 57 58 59 58 4 2 8 6 12 10 16 14 20 18 20 18 10 10 10
58 58 55 55 59 4 2 8 6 12 10 16 14 20 18 20 18 10 10 10
57 57 57 57 57 4 2 8 6 12 10 16 14 20 18 20 18 10 10 10
55 57 59 60 58 2 4 6 8 10 12 14 16 18 20 18 20 10 10 10
57 58 57 57 60 4 2 8 6 12 10 16 14 20 18 20 18 10 10 10
58 55 57 59 60 2 4 6 8 10 12 14 16 18 20 18 20 10 10 10
57 57 60 57 58 4 2 8 6 12 10 16 14 20 18 20 18 10 10 10

SIZE: 146 x 20
METHOD: Six-block row decomposition construction (Theorem 21 and Appendix A.3), with t=10 five-column inputs of row sizes 6,12,16,16,16,16,16,16,16,16, and 15 added columns from factorized input pairs. The total added-column weight is 54.
MATRIX:
2 3 5 6 4 3 3 3 3 3 3 3 3 3 3 3 3 1 1 1
3 5 6 4 2 1 1 1 1 1 1 1 1 1 1 1 1 1 1 1
5 6 4 2 3 3 3 3 3 3 3 3 3 3 3 3 3 1 1 1
6 4 2 3 5 1 1 1 1 1 1 1 1 1 1 1 1 1 1 1
4 2 3 5 6 3 3 3 3 3 3 3 3 3 3 3 3 1 1 1
1 1 1 1 1 1 1 1 1 1 1 1 1 1 1 1 1 1 1 1
8 9 11 12 10 7 7 7 7 7 7 7 7 7 7 4 2 3 3 3
9 11 12 10 8 5 5 5 5 5 5 5 5 5 5 2 4 3 3 3
11 12 10 8 9 7 7 7 7 7 7 7 7 7 7 4 2 3 3 3
12 10 8 9 11 7 7 7 7 7 7 7 7 7 7 4 2 3 3 3
10 8 9 11 12 7 7 7 7 7 7 7 7 7 7 4 2 3 3 3
7 11 11 12 12 5 5 5 5 5 5 5 5 5 5 2 4 3 3 3
9 9 12 7 7 5 5 5 5 5 5 5 5 5 5 2 4 3 3 3
10 11 7 11 11 5 5 5 5 5 5 5 5 5 5 2 4 3 3 3
10 7 9 11 12 5 5 5 5 5 5 5 5 5 5 2 4 3 3 3
9 11 11 11 12 7 7 7 7 7 7 7 7 7 7 4 2 3 3 3
10 11 12 12 12 5 5 5 5 5 5 5 5 5 5 2 4 3 3 3
10 11 10 11 12 7 7 7 7 7 7 7 7 7 7 4 2 3 3 3
14 15 17 18 16 9 9 2 4 9 9 9 9 9 9 5 5 4 5 5
15 17 18 16 14 9 9 2 4 9 9 9 9 9 9 5 5 4 5 5
17 18 16 14 15 11 11 4 2 11 11 11 11 11 11 7 7 4 5 5
18 16 14 15 17 9 9 2 4 9 9 9 9 9 9 5 5 4 5 5
16 14 15 17 18 11 11 4 2 11 11 11 11 11 11 7 7 4 5 5
16 17 18 18 18 9 9 2 4 9 9 9 9 9 9 5 5 4 5 5
15 16 15 16 13 9 9 2 4 9 9 9 9 9 9 5 5 4 5 5
15 15 17 17 16 9 9 2 4 9 9 9 9 9 9 5 5 4 5 5
16 15 15 17 17 11 11 4 2 11 11 11 11 11 11 7 7 4 5 5
16 15 16 17 16 11 11 4 2 11 11 11 11 11 11 7 7 4 5 5
16 16 13 13 17 11 11 4 2 11 11 11 11 11 11 7 7 4 5 5
15 15 15 15 15 11 11 4 2 11 11 11 11 11 11 7 7 4 5 5
13 15 17 18 16 9 9 2 4 9 9 9 9 9 9 5 5 4 5 5
15 16 15 15 18 11 11 4 2 11 11 11 11 11 11 7 7 4 5 5
16 13 15 17 18 9 9 2 4 9 9 9 9 9 9 5 5 4 5 5
15 15 18 15 16 11 11 4 2 11 11 11 11 11 11 7 7 4 5 5
20 21 23 24 22 13 13 9 9 6 8 13 13 13 13 9 9 2 6 7
21 23 24 22 20 13 13 9 9 6 8 13 13 13 13 9 9 2 6 7
23 24 22 20 21 15 15 11 11 8 6 15 15 15 15 11 11 2 6 7
24 22 20 21 23 13 13 9 9 6 8 13 13 13 13 9 9 2 6 7
22 20 21 23 24 15 15 11 11 8 6 15 15 15 15 11 11 2 6 7
22 23 24 24 24 13 13 9 9 6 8 13 13 13 13 9 9 2 6 7
21 22 21 22 19 13 13 9 9 6 8 13 13 13 13 9 9 2 6 7
21 21 23 23 22 13 13 9 9 6 8 13 13 13 13 9 9 2 6 7
22 21 21 23 23 15 15 11 11 8 6 15 15 15 15 11 11 2 6 7
22 21 22 23 22 15 15 11 11 8 6 15 15 15 15 11 11 2 6 7
22 22 19 19 23 15 15 11 11 8 6 15 15 15 15 11 11 2 6 7
21 21 21 21 21 15 15 11 11 8 6 15 15 15 15 11 11 2 6 7
19 21 23 24 22 13 13 9 9 6 8 13 13 13 13 9 9 2 6 7
21 22 21 21 24 15 15 11 11 8 6 15 15 15 15 11 11 2 6 7
22 19 21 23 24 13 13 9 9 6 8 13 13 13 13 9 9 2 6 7
21 21 24 21 22 15 15 11 11 8 6 15 15 15 15 11 11 2 6 7
26 27 29 30 28 17 17 13 13 2 4 10 12 17 17 13 13 5 4 8
27 29 30 28 26 17 17 13 13 2 4 10 12 17 17 13 13 5 4 8
29 30 28 26 27 19 19 15 15 4 2 12 10 19 19 15 15 5 4 8
30 28 26 27 29 17 17 13 13 2 4 10 12 17 17 13 13 5 4 8
28 26 27 29 30 19 19 15 15 4 2 12 10 19 19 15 15 5 4 8
28 29 30 30 30 17 17 13 13 2 4 10 12 17 17 13 13 5 4 8
27 28 27 28 25 17 17 13 13 2 4 10 12 17 17 13 13 5 4 8
27 27 29 29 28 17 17 13 13 2 4 10 12 17 17 13 13 5 4 8
28 27 27 29 29 19 19 15 15 4 2 12 10 19 19 15 15 5 4 8
28 27 28 29 28 19 19 15 15 4 2 12 10 19 19 15 15 5 4 8
28 28 25 25 29 19 19 15 15 4 2 12 10 19 19 15 15 5 4 8
27 27 27 27 27 19 19 15 15 4 2 12 10 19 19 15 15 5 4 8
25 27 29 30 28 17 17 13 13 2 4 10 12 17 17 13 13 5 4 8
27 28 27 27 30 19 19 15 15 4 2 12 10 19 19 15 15 5 4 8
28 25 27 29 30 17 17 13 13 2 4 10 12 17 17 13 13 5 4 8
27 27 30 27 28 19 19 15 15 4 2 12 10 19 19 15 15 5 4 8
32 33 35 36 34 18 20 17 17 13 13 6 8 14 16 17 17 7 2 6
33 35 36 34 32 18 20 17 17 13 13 6 8 14 16 17 17 7 2 6
35 36 34 32 33 20 18 19 19 15 15 8 6 16 14 19 19 7 2 6
36 34 32 33 35 18 20 17 17 13 13 6 8 14 16 17 17 7 2 6
34 32 33 35 36 20 18 19 19 15 15 8 6 16 14 19 19 7 2 6
34 35 36 36 36 18 20 17 17 13 13 6 8 14 16 17 17 7 2 6
33 34 33 34 31 18 20 17 17 13 13 6 8 14 16 17 17 7 2 6
33 33 35 35 34 18 20 17 17 13 13 6 8 14 16 17 17 7 2 6
34 33 33 35 35 20 18 19 19 15 15 8 6 16 14 19 19 7 2 6
34 33 34 35 34 20 18 19 19 15 15 8 6 16 14 19 19 7 2 6
34 34 31 31 35 20 18 19 19 15 15 8 6 16 14 19 19 7 2 6
33 33 33 33 33 20 18 19 19 15 15 8 6 16 14 19 19 7 2 6
31 33 35 36 34 18 20 17 17 13 13 6 8 14 16 17 17 7 2 6
33 34 33 33 36 20 18 19 19 15 15 8 6 16 14 19 19 7 2 6
34 31 33 35 36 18 20 17 17 13 13 6 8 14 16 17 17 7 2 6
33 33 36 33 34 20 18 19 19 15 15 8 6 16 14 19 19 7 2 6
38 39 41 42 40 14 16 18 20 17 17 2 4 10 12 14 16 9 7 4
39 41 42 40 38 14 16 18 20 17 17 2 4 10 12 14 16 9 7 4
41 42 40 38 39 16 14 20 18 19 19 4 2 12 10 16 14 9 7 4
42 40 38 39 41 14 16 18 20 17 17 2 4 10 12 14 16 9 7 4
40 38 39 41 42 16 14 20 18 19 19 4 2 12 10 16 14 9 7 4
40 41 42 42 42 14 16 18 20 17 17 2 4 10 12 14 16 9 7 4
39 40 39 40 37 14 16 18 20 17 17 2 4 10 12 14 16 9 7 4
39 39 41 41 40 14 16 18 20 17 17 2 4 10 12 14 16 9 7 4
40 39 39 41 41 16 14 20 18 19 19 4 2 12 10 16 14 9 7 4
40 39 40 41 40 16 14 20 18 19 19 4 2 12 10 16 14 9 7 4
40 40 37 37 41 16 14 20 18 19 19 4 2 12 10 16 14 9 7 4
39 39 39 39 39 16 14 20 18 19 19 4 2 12 10 16 14 9 7 4
37 39 41 42 40 14 16 18 20 17 17 2 4 10 12 14 16 9 7 4
39 40 39 39 42 16 14 20 18 19 19 4 2 12 10 16 14 9 7 4
40 37 39 41 42 14 16 18 20 17 17 2 4 10 12 14 16 9 7 4
39 39 42 39 40 16 14 20 18 19 19 4 2 12 10 16 14 9 7 4
44 45 47 48 46 10 12 14 16 18 20 17 17 6 8 10 12 8 9 2
45 47 48 46 44 10 12 14 16 18 20 17 17 6 8 10 12 8 9 2
47 48 46 44 45 12 10 16 14 20 18 19 19 8 6 12 10 8 9 2
48 46 44 45 47 10 12 14 16 18 20 17 17 6 8 10 12 8 9 2
46 44 45 47 48 12 10 16 14 20 18 19 19 8 6 12 10 8 9 2
46 47 48 48 48 10 12 14 16 18 20 17 17 6 8 10 12 8 9 2
45 46 45 46 43 10 12 14 16 18 20 17 17 6 8 10 12 8 9 2
45 45 47 47 46 10 12 14 16 18 20 17 17 6 8 10 12 8 9 2
46 45 45 47 47 12 10 16 14 20 18 19 19 8 6 12 10 8 9 2
46 45 46 47 46 12 10 16 14 20 18 19 19 8 6 12 10 8 9 2
46 46 43 43 47 12 10 16 14 20 18 19 19 8 6 12 10 8 9 2
45 45 45 45 45 12 10 16 14 20 18 19 19 8 6 12 10 8 9 2
43 45 47 48 46 10 12 14 16 18 20 17 17 6 8 10 12 8 9 2
45 46 45 45 48 12 10 16 14 20 18 19 19 8 6 12 10 8 9 2
46 43 45 47 48 10 12 14 16 18 20 17 17 6 8 10 12 8 9 2
45 45 48 45 46 12 10 16 14 20 18 19 19 8 6 12 10 8 9 2
50 51 53 54 52 6 8 10 12 14 16 18 20 2 4 6 8 6 8 9
51 53 54 52 50 6 8 10 12 14 16 18 20 2 4 6 8 6 8 9
53 54 52 50 51 8 6 12 10 16 14 20 18 4 2 8 6 6 8 9
54 52 50 51 53 6 8 10 12 14 16 18 20 2 4 6 8 6 8 9
52 50 51 53 54 8 6 12 10 16 14 20 18 4 2 8 6 6 8 9
52 53 54 54 54 6 8 10 12 14 16 18 20 2 4 6 8 6 8 9
51 52 51 52 49 6 8 10 12 14 16 18 20 2 4 6 8 6 8 9
51 51 53 53 52 6 8 10 12 14 16 18 20 2 4 6 8 6 8 9
52 51 51 53 53 8 6 12 10 16 14 20 18 4 2 8 6 6 8 9
52 51 52 53 52 8 6 12 10 16 14 20 18 4 2 8 6 6 8 9
52 52 49 49 53 8 6 12 10 16 14 20 18 4 2 8 6 6 8 9
51 51 51 51 51 8 6 12 10 16 14 20 18 4 2 8 6 6 8 9
49 51 53 54 52 6 8 10 12 14 16 18 20 2 4 6 8 6 8 9
51 52 51 51 54 8 6 12 10 16 14 20 18 4 2 8 6 6 8 9
52 49 51 53 54 6 8 10 12 14 16 18 20 2 4 6 8 6 8 9
51 51 54 51 52 8 6 12 10 16 14 20 18 4 2 8 6 6 8 9
56 57 59 60 58 2 4 6 8 10 12 14 16 18 20 18 20 10 10 10
57 59 60 58 56 2 4 6 8 10 12 14 16 18 20 18 20 10 10 10
59 60 58 56 57 4 2 8 6 12 10 16 14 20 18 20 18 10 10 10
60 58 56 57 59 2 4 6 8 10 12 14 16 18 20 18 20 10 10 10
58 56 57 59 60 4 2 8 6 12 10 16 14 20 18 20 18 10 10 10
58 59 60 60 60 2 4 6 8 10 12 14 16 18 20 18 20 10 10 10
57 58 57 58 55 2 4 6 8 10 12 14 16 18 20 18 20 10 10 10
57 57 59 59 58 2 4 6 8 10 12 14 16 18 20 18 20 10 10 10
58 57 57 59 59 4 2 8 6 12 10 16 14 20 18 20 18 10 10 10
58 57 58 59 58 4 2 8 6 12 10 16 14 20 18 20 18 10 10 10
58 58 55 55 59 4 2 8 6 12 10 16 14 20 18 20 18 10 10 10
57 57 57 57 57 4 2 8 6 12 10 16 14 20 18 20 18 10 10 10
55 57 59 60 58 2 4 6 8 10 12 14 16 18 20 18 20 10 10 10
57 58 57 57 60 4 2 8 6 12 10 16 14 20 18 20 18 10 10 10
58 55 57 59 60 2 4 6 8 10 12 14 16 18 20 18 20 10 10 10
57 57 60 57 58 4 2 8 6 12 10 16 14 20 18 20 18 10 10 10

SIZE: 147 x 20
METHOD: Six-block row decomposition construction (Theorem 21 and Appendix A.3), with t=10 five-column inputs of row sizes 6,13,16,16,16,16,16,16,16,16, and 15 added columns from factorized input pairs. The total added-column weight is 54.
MATRIX:
2 3 5 6 4 3 3 3 3 3 3 3 3 3 3 3 3 1 1 1
3 5 6 4 2 1 1 1 1 1 1 1 1 1 1 1 1 1 1 1
5 6 4 2 3 3 3 3 3 3 3 3 3 3 3 3 3 1 1 1
6 4 2 3 5 1 1 1 1 1 1 1 1 1 1 1 1 1 1 1
4 2 3 5 6 3 3 3 3 3 3 3 3 3 3 3 3 1 1 1
1 1 1 1 1 1 1 1 1 1 1 1 1 1 1 1 1 1 1 1
8 9 11 12 10 7 7 7 7 7 7 7 7 7 7 4 2 3 3 3
9 11 12 10 8 7 7 7 7 7 7 7 7 7 7 4 2 3 3 3
11 12 10 8 9 5 5 5 5 5 5 5 5 5 5 2 4 3 3 3
12 10 8 9 11 7 7 7 7 7 7 7 7 7 7 4 2 3 3 3
10 8 9 11 12 5 5 5 5 5 5 5 5 5 5 2 4 3 3 3
9 9 12 7 7 5 5 5 5 5 5 5 5 5 5 2 4 3 3 3
7 11 11 12 12 5 5 5 5 5 5 5 5 5 5 2 4 3 3 3
12 10 7 9 11 5 5 5 5 5 5 5 5 5 5 2 4 3 3 3
10 7 12 10 10 5 5 5 5 5 5 5 5 5 5 2 4 3 3 3
12 10 11 10 11 7 7 7 7 7 7 7 7 7 7 4 2 3 3 3
11 10 11 7 11 7 7 7 7 7 7 7 7 7 7 4 2 3 3 3
12 7 11 11 12 7 7 7 7 7 7 7 7 7 7 4 2 3 3 3
12 9 11 11 11 5 5 5 5 5 5 5 5 5 5 2 4 3 3 3
14 15 17 18 16 9 9 2 4 9 9 9 9 9 9 5 5 4 5 5
15 17 18 16 14 9 9 2 4 9 9 9 9 9 9 5 5 4 5 5
17 18 16 14 15 11 11 4 2 11 11 11 11 11 11 7 7 4 5 5
18 16 14 15 17 9 9 2 4 9 9 9 9 9 9 5 5 4 5 5
16 14 15 17 18 11 11 4 2 11 11 11 11 11 11 7 7 4 5 5
16 17 18 18 18 9 9 2 4 9 9 9 9 9 9 5 5 4 5 5
15 16 15 16 13 9 9 2 4 9 9 9 9 9 9 5 5 4 5 5
15 15 17 17 16 9 9 2 4 9 9 9 9 9 9 5 5 4 5 5
16 15 15 17 17 11 11 4 2 11 11 11 11 11 11 7 7 4 5 5
16 15 16 17 16 11 11 4 2 11 11 11 11 11 11 7 7 4 5 5
16 16 13 13 17 11 11 4 2 11 11 11 11 11 11 7 7 4 5 5
15 15 15 15 15 11 11 4 2 11 11 11 11 11 11 7 7 4 5 5
13 15 17 18 16 9 9 2 4 9 9 9 9 9 9 5 5 4 5 5
15 16 15 15 18 11 11 4 2 11 11 11 11 11 11 7 7 4 5 5
16 13 15 17 18 9 9 2 4 9 9 9 9 9 9 5 5 4 5 5
15 15 18 15 16 11 11 4 2 11 11 11 11 11 11 7 7 4 5 5
20 21 23 24 22 13 13 9 9 6 8 13 13 13 13 9 9 2 6 7
21 23 24 22 20 13 13 9 9 6 8 13 13 13 13 9 9 2 6 7
23 24 22 20 21 15 15 11 11 8 6 15 15 15 15 11 11 2 6 7
24 22 20 21 23 13 13 9 9 6 8 13 13 13 13 9 9 2 6 7
22 20 21 23 24 15 15 11 11 8 6 15 15 15 15 11 11 2 6 7
22 23 24 24 24 13 13 9 9 6 8 13 13 13 13 9 9 2 6 7
21 22 21 22 19 13 13 9 9 6 8 13 13 13 13 9 9 2 6 7
21 21 23 23 22 13 13 9 9 6 8 13 13 13 13 9 9 2 6 7
22 21 21 23 23 15 15 11 11 8 6 15 15 15 15 11 11 2 6 7
22 21 22 23 22 15 15 11 11 8 6 15 15 15 15 11 11 2 6 7
22 22 19 19 23 15 15 11 11 8 6 15 15 15 15 11 11 2 6 7
21 21 21 21 21 15 15 11 11 8 6 15 15 15 15 11 11 2 6 7
19 21 23 24 22 13 13 9 9 6 8 13 13 13 13 9 9 2 6 7
21 22 21 21 24 15 15 11 11 8 6 15 15 15 15 11 11 2 6 7
22 19 21 23 24 13 13 9 9 6 8 13 13 13 13 9 9 2 6 7
21 21 24 21 22 15 15 11 11 8 6 15 15 15 15 11 11 2 6 7
26 27 29 30 28 17 17 13 13 2 4 10 12 17 17 13 13 5 4 8
27 29 30 28 26 17 17 13 13 2 4 10 12 17 17 13 13 5 4 8
29 30 28 26 27 19 19 15 15 4 2 12 10 19 19 15 15 5 4 8
30 28 26 27 29 17 17 13 13 2 4 10 12 17 17 13 13 5 4 8
28 26 27 29 30 19 19 15 15 4 2 12 10 19 19 15 15 5 4 8
28 29 30 30 30 17 17 13 13 2 4 10 12 17 17 13 13 5 4 8
27 28 27 28 25 17 17 13 13 2 4 10 12 17 17 13 13 5 4 8
27 27 29 29 28 17 17 13 13 2 4 10 12 17 17 13 13 5 4 8
28 27 27 29 29 19 19 15 15 4 2 12 10 19 19 15 15 5 4 8
28 27 28 29 28 19 19 15 15 4 2 12 10 19 19 15 15 5 4 8
28 28 25 25 29 19 19 15 15 4 2 12 10 19 19 15 15 5 4 8
27 27 27 27 27 19 19 15 15 4 2 12 10 19 19 15 15 5 4 8
25 27 29 30 28 17 17 13 13 2 4 10 12 17 17 13 13 5 4 8
27 28 27 27 30 19 19 15 15 4 2 12 10 19 19 15 15 5 4 8
28 25 27 29 30 17 17 13 13 2 4 10 12 17 17 13 13 5 4 8
27 27 30 27 28 19 19 15 15 4 2 12 10 19 19 15 15 5 4 8
32 33 35 36 34 18 20 17 17 13 13 6 8 14 16 17 17 7 2 6
33 35 36 34 32 18 20 17 17 13 13 6 8 14 16 17 17 7 2 6
35 36 34 32 33 20 18 19 19 15 15 8 6 16 14 19 19 7 2 6
36 34 32 33 35 18 20 17 17 13 13 6 8 14 16 17 17 7 2 6
34 32 33 35 36 20 18 19 19 15 15 8 6 16 14 19 19 7 2 6
34 35 36 36 36 18 20 17 17 13 13 6 8 14 16 17 17 7 2 6
33 34 33 34 31 18 20 17 17 13 13 6 8 14 16 17 17 7 2 6
33 33 35 35 34 18 20 17 17 13 13 6 8 14 16 17 17 7 2 6
34 33 33 35 35 20 18 19 19 15 15 8 6 16 14 19 19 7 2 6
34 33 34 35 34 20 18 19 19 15 15 8 6 16 14 19 19 7 2 6
34 34 31 31 35 20 18 19 19 15 15 8 6 16 14 19 19 7 2 6
33 33 33 33 33 20 18 19 19 15 15 8 6 16 14 19 19 7 2 6
31 33 35 36 34 18 20 17 17 13 13 6 8 14 16 17 17 7 2 6
33 34 33 33 36 20 18 19 19 15 15 8 6 16 14 19 19 7 2 6
34 31 33 35 36 18 20 17 17 13 13 6 8 14 16 17 17 7 2 6
33 33 36 33 34 20 18 19 19 15 15 8 6 16 14 19 19 7 2 6
38 39 41 42 40 14 16 18 20 17 17 2 4 10 12 14 16 9 7 4
39 41 42 40 38 14 16 18 20 17 17 2 4 10 12 14 16 9 7 4
41 42 40 38 39 16 14 20 18 19 19 4 2 12 10 16 14 9 7 4
42 40 38 39 41 14 16 18 20 17 17 2 4 10 12 14 16 9 7 4
40 38 39 41 42 16 14 20 18 19 19 4 2 12 10 16 14 9 7 4
40 41 42 42 42 14 16 18 20 17 17 2 4 10 12 14 16 9 7 4
39 40 39 40 37 14 16 18 20 17 17 2 4 10 12 14 16 9 7 4
39 39 41 41 40 14 16 18 20 17 17 2 4 10 12 14 16 9 7 4
40 39 39 41 41 16 14 20 18 19 19 4 2 12 10 16 14 9 7 4
40 39 40 41 40 16 14 20 18 19 19 4 2 12 10 16 14 9 7 4
40 40 37 37 41 16 14 20 18 19 19 4 2 12 10 16 14 9 7 4
39 39 39 39 39 16 14 20 18 19 19 4 2 12 10 16 14 9 7 4
37 39 41 42 40 14 16 18 20 17 17 2 4 10 12 14 16 9 7 4
39 40 39 39 42 16 14 20 18 19 19 4 2 12 10 16 14 9 7 4
40 37 39 41 42 14 16 18 20 17 17 2 4 10 12 14 16 9 7 4
39 39 42 39 40 16 14 20 18 19 19 4 2 12 10 16 14 9 7 4
44 45 47 48 46 10 12 14 16 18 20 17 17 6 8 10 12 8 9 2
45 47 48 46 44 10 12 14 16 18 20 17 17 6 8 10 12 8 9 2
47 48 46 44 45 12 10 16 14 20 18 19 19 8 6 12 10 8 9 2
48 46 44 45 47 10 12 14 16 18 20 17 17 6 8 10 12 8 9 2
46 44 45 47 48 12 10 16 14 20 18 19 19 8 6 12 10 8 9 2
46 47 48 48 48 10 12 14 16 18 20 17 17 6 8 10 12 8 9 2
45 46 45 46 43 10 12 14 16 18 20 17 17 6 8 10 12 8 9 2
45 45 47 47 46 10 12 14 16 18 20 17 17 6 8 10 12 8 9 2
46 45 45 47 47 12 10 16 14 20 18 19 19 8 6 12 10 8 9 2
46 45 46 47 46 12 10 16 14 20 18 19 19 8 6 12 10 8 9 2
46 46 43 43 47 12 10 16 14 20 18 19 19 8 6 12 10 8 9 2
45 45 45 45 45 12 10 16 14 20 18 19 19 8 6 12 10 8 9 2
43 45 47 48 46 10 12 14 16 18 20 17 17 6 8 10 12 8 9 2
45 46 45 45 48 12 10 16 14 20 18 19 19 8 6 12 10 8 9 2
46 43 45 47 48 10 12 14 16 18 20 17 17 6 8 10 12 8 9 2
45 45 48 45 46 12 10 16 14 20 18 19 19 8 6 12 10 8 9 2
50 51 53 54 52 6 8 10 12 14 16 18 20 2 4 6 8 6 8 9
51 53 54 52 50 6 8 10 12 14 16 18 20 2 4 6 8 6 8 9
53 54 52 50 51 8 6 12 10 16 14 20 18 4 2 8 6 6 8 9
54 52 50 51 53 6 8 10 12 14 16 18 20 2 4 6 8 6 8 9
52 50 51 53 54 8 6 12 10 16 14 20 18 4 2 8 6 6 8 9
52 53 54 54 54 6 8 10 12 14 16 18 20 2 4 6 8 6 8 9
51 52 51 52 49 6 8 10 12 14 16 18 20 2 4 6 8 6 8 9
51 51 53 53 52 6 8 10 12 14 16 18 20 2 4 6 8 6 8 9
52 51 51 53 53 8 6 12 10 16 14 20 18 4 2 8 6 6 8 9
52 51 52 53 52 8 6 12 10 16 14 20 18 4 2 8 6 6 8 9
52 52 49 49 53 8 6 12 10 16 14 20 18 4 2 8 6 6 8 9
51 51 51 51 51 8 6 12 10 16 14 20 18 4 2 8 6 6 8 9
49 51 53 54 52 6 8 10 12 14 16 18 20 2 4 6 8 6 8 9
51 52 51 51 54 8 6 12 10 16 14 20 18 4 2 8 6 6 8 9
52 49 51 53 54 6 8 10 12 14 16 18 20 2 4 6 8 6 8 9
51 51 54 51 52 8 6 12 10 16 14 20 18 4 2 8 6 6 8 9
56 57 59 60 58 2 4 6 8 10 12 14 16 18 20 18 20 10 10 10
57 59 60 58 56 2 4 6 8 10 12 14 16 18 20 18 20 10 10 10
59 60 58 56 57 4 2 8 6 12 10 16 14 20 18 20 18 10 10 10
60 58 56 57 59 2 4 6 8 10 12 14 16 18 20 18 20 10 10 10
58 56 57 59 60 4 2 8 6 12 10 16 14 20 18 20 18 10 10 10
58 59 60 60 60 2 4 6 8 10 12 14 16 18 20 18 20 10 10 10
57 58 57 58 55 2 4 6 8 10 12 14 16 18 20 18 20 10 10 10
57 57 59 59 58 2 4 6 8 10 12 14 16 18 20 18 20 10 10 10
58 57 57 59 59 4 2 8 6 12 10 16 14 20 18 20 18 10 10 10
58 57 58 59 58 4 2 8 6 12 10 16 14 20 18 20 18 10 10 10
58 58 55 55 59 4 2 8 6 12 10 16 14 20 18 20 18 10 10 10
57 57 57 57 57 4 2 8 6 12 10 16 14 20 18 20 18 10 10 10
55 57 59 60 58 2 4 6 8 10 12 14 16 18 20 18 20 10 10 10
57 58 57 57 60 4 2 8 6 12 10 16 14 20 18 20 18 10 10 10
58 55 57 59 60 2 4 6 8 10 12 14 16 18 20 18 20 10 10 10
57 57 60 57 58 4 2 8 6 12 10 16 14 20 18 20 18 10 10 10

SIZE: 148 x 20
METHOD: Six-block row decomposition construction (Theorem 21 and Appendix A.3), with t=10 five-column inputs of row sizes 6,14,16,16,16,16,16,16,16,16, and 15 added columns from factorized input pairs. The total added-column weight is 54.
MATRIX:
2 3 5 6 4 3 3 3 3 3 3 3 3 3 3 3 3 1 1 1
3 5 6 4 2 1 1 1 1 1 1 1 1 1 1 1 1 1 1 1
5 6 4 2 3 3 3 3 3 3 3 3 3 3 3 3 3 1 1 1
6 4 2 3 5 1 1 1 1 1 1 1 1 1 1 1 1 1 1 1
4 2 3 5 6 3 3 3 3 3 3 3 3 3 3 3 3 1 1 1
1 1 1 1 1 1 1 1 1 1 1 1 1 1 1 1 1 1 1 1
8 9 11 12 10 5 5 5 5 5 5 5 5 5 5 2 4 3 3 3
9 11 12 10 8 5 5 5 5 5 5 5 5 5 5 2 4 3 3 3
11 12 10 8 9 7 7 7 7 7 7 7 7 7 7 4 2 3 3 3
12 10 8 9 11 7 7 7 7 7 7 7 7 7 7 4 2 3 3 3
10 8 9 11 12 5 5 5 5 5 5 5 5 5 5 2 4 3 3 3
12 7 7 9 9 7 7 7 7 7 7 7 7 7 7 4 2 3 3 3
11 12 12 12 10 7 7 7 7 7 7 7 7 7 7 4 2 3 3 3
7 11 11 10 11 7 7 7 7 7 7 7 7 7 7 4 2 3 3 3
11 11 12 12 7 7 7 7 7 7 7 7 7 7 7 4 2 3 3 3
12 12 10 10 9 7 7 7 7 7 7 7 7 7 7 4 2 3 3 3
11 12 10 11 10 5 5 5 5 5 5 5 5 5 5 2 4 3 3 3
11 12 9 12 9 5 5 5 5 5 5 5 5 5 5 2 4 3 3 3
11 12 10 7 9 5 5 5 5 5 5 5 5 5 5 2 4 3 3 3
11 12 9 11 11 5 5 5 5 5 5 5 5 5 5 2 4 3 3 3
14 15 17 18 16 9 9 2 4 9 9 9 9 9 9 5 5 4 5 5
15 17 18 16 14 9 9 2 4 9 9 9 9 9 9 5 5 4 5 5
17 18 16 14 15 11 11 4 2 11 11 11 11 11 11 7 7 4 5 5
18 16 14 15 17 9 9 2 4 9 9 9 9 9 9 5 5 4 5 5
16 14 15 17 18 11 11 4 2 11 11 11 11 11 11 7 7 4 5 5
16 17 18 18 18 9 9 2 4 9 9 9 9 9 9 5 5 4 5 5
15 16 15 16 13 9 9 2 4 9 9 9 9 9 9 5 5 4 5 5
15 15 17 17 16 9 9 2 4 9 9 9 9 9 9 5 5 4 5 5
16 15 15 17 17 11 11 4 2 11 11 11 11 11 11 7 7 4 5 5
16 15 16 17 16 11 11 4 2 11 11 11 11 11 11 7 7 4 5 5
16 16 13 13 17 11 11 4 2 11 11 11 11 11 11 7 7 4 5 5
15 15 15 15 15 11 11 4 2 11 11 11 11 11 11 7 7 4 5 5
13 15 17 18 16 9 9 2 4 9 9 9 9 9 9 5 5 4 5 5
15 16 15 15 18 11 11 4 2 11 11 11 11 11 11 7 7 4 5 5
16 13 15 17 18 9 9 2 4 9 9 9 9 9 9 5 5 4 5 5
15 15 18 15 16 11 11 4 2 11 11 11 11 11 11 7 7 4 5 5
20 21 23 24 22 13 13 9 9 6 8 13 13 13 13 9 9 2 6 7
21 23 24 22 20 13 13 9 9 6 8 13 13 13 13 9 9 2 6 7
23 24 22 20 21 15 15 11 11 8 6 15 15 15 15 11 11 2 6 7
24 22 20 21 23 13 13 9 9 6 8 13 13 13 13 9 9 2 6 7
22 20 21 23 24 15 15 11 11 8 6 15 15 15 15 11 11 2 6 7
22 23 24 24 24 13 13 9 9 6 8 13 13 13 13 9 9 2 6 7
21 22 21 22 19 13 13 9 9 6 8 13 13 13 13 9 9 2 6 7
21 21 23 23 22 13 13 9 9 6 8 13 13 13 13 9 9 2 6 7
22 21 21 23 23 15 15 11 11 8 6 15 15 15 15 11 11 2 6 7
22 21 22 23 22 15 15 11 11 8 6 15 15 15 15 11 11 2 6 7
22 22 19 19 23 15 15 11 11 8 6 15 15 15 15 11 11 2 6 7
21 21 21 21 21 15 15 11 11 8 6 15 15 15 15 11 11 2 6 7
19 21 23 24 22 13 13 9 9 6 8 13 13 13 13 9 9 2 6 7
21 22 21 21 24 15 15 11 11 8 6 15 15 15 15 11 11 2 6 7
22 19 21 23 24 13 13 9 9 6 8 13 13 13 13 9 9 2 6 7
21 21 24 21 22 15 15 11 11 8 6 15 15 15 15 11 11 2 6 7
26 27 29 30 28 17 17 13 13 2 4 10 12 17 17 13 13 5 4 8
27 29 30 28 26 17 17 13 13 2 4 10 12 17 17 13 13 5 4 8
29 30 28 26 27 19 19 15 15 4 2 12 10 19 19 15 15 5 4 8
30 28 26 27 29 17 17 13 13 2 4 10 12 17 17 13 13 5 4 8
28 26 27 29 30 19 19 15 15 4 2 12 10 19 19 15 15 5 4 8
28 29 30 30 30 17 17 13 13 2 4 10 12 17 17 13 13 5 4 8
27 28 27 28 25 17 17 13 13 2 4 10 12 17 17 13 13 5 4 8
27 27 29 29 28 17 17 13 13 2 4 10 12 17 17 13 13 5 4 8
28 27 27 29 29 19 19 15 15 4 2 12 10 19 19 15 15 5 4 8
28 27 28 29 28 19 19 15 15 4 2 12 10 19 19 15 15 5 4 8
28 28 25 25 29 19 19 15 15 4 2 12 10 19 19 15 15 5 4 8
27 27 27 27 27 19 19 15 15 4 2 12 10 19 19 15 15 5 4 8
25 27 29 30 28 17 17 13 13 2 4 10 12 17 17 13 13 5 4 8
27 28 27 27 30 19 19 15 15 4 2 12 10 19 19 15 15 5 4 8
28 25 27 29 30 17 17 13 13 2 4 10 12 17 17 13 13 5 4 8
27 27 30 27 28 19 19 15 15 4 2 12 10 19 19 15 15 5 4 8
32 33 35 36 34 18 20 17 17 13 13 6 8 14 16 17 17 7 2 6
33 35 36 34 32 18 20 17 17 13 13 6 8 14 16 17 17 7 2 6
35 36 34 32 33 20 18 19 19 15 15 8 6 16 14 19 19 7 2 6
36 34 32 33 35 18 20 17 17 13 13 6 8 14 16 17 17 7 2 6
34 32 33 35 36 20 18 19 19 15 15 8 6 16 14 19 19 7 2 6
34 35 36 36 36 18 20 17 17 13 13 6 8 14 16 17 17 7 2 6
33 34 33 34 31 18 20 17 17 13 13 6 8 14 16 17 17 7 2 6
33 33 35 35 34 18 20 17 17 13 13 6 8 14 16 17 17 7 2 6
34 33 33 35 35 20 18 19 19 15 15 8 6 16 14 19 19 7 2 6
34 33 34 35 34 20 18 19 19 15 15 8 6 16 14 19 19 7 2 6
34 34 31 31 35 20 18 19 19 15 15 8 6 16 14 19 19 7 2 6
33 33 33 33 33 20 18 19 19 15 15 8 6 16 14 19 19 7 2 6
31 33 35 36 34 18 20 17 17 13 13 6 8 14 16 17 17 7 2 6
33 34 33 33 36 20 18 19 19 15 15 8 6 16 14 19 19 7 2 6
34 31 33 35 36 18 20 17 17 13 13 6 8 14 16 17 17 7 2 6
33 33 36 33 34 20 18 19 19 15 15 8 6 16 14 19 19 7 2 6
38 39 41 42 40 14 16 18 20 17 17 2 4 10 12 14 16 9 7 4
39 41 42 40 38 14 16 18 20 17 17 2 4 10 12 14 16 9 7 4
41 42 40 38 39 16 14 20 18 19 19 4 2 12 10 16 14 9 7 4
42 40 38 39 41 14 16 18 20 17 17 2 4 10 12 14 16 9 7 4
40 38 39 41 42 16 14 20 18 19 19 4 2 12 10 16 14 9 7 4
40 41 42 42 42 14 16 18 20 17 17 2 4 10 12 14 16 9 7 4
39 40 39 40 37 14 16 18 20 17 17 2 4 10 12 14 16 9 7 4
39 39 41 41 40 14 16 18 20 17 17 2 4 10 12 14 16 9 7 4
40 39 39 41 41 16 14 20 18 19 19 4 2 12 10 16 14 9 7 4
40 39 40 41 40 16 14 20 18 19 19 4 2 12 10 16 14 9 7 4
40 40 37 37 41 16 14 20 18 19 19 4 2 12 10 16 14 9 7 4
39 39 39 39 39 16 14 20 18 19 19 4 2 12 10 16 14 9 7 4
37 39 41 42 40 14 16 18 20 17 17 2 4 10 12 14 16 9 7 4
39 40 39 39 42 16 14 20 18 19 19 4 2 12 10 16 14 9 7 4
40 37 39 41 42 14 16 18 20 17 17 2 4 10 12 14 16 9 7 4
39 39 42 39 40 16 14 20 18 19 19 4 2 12 10 16 14 9 7 4
44 45 47 48 46 10 12 14 16 18 20 17 17 6 8 10 12 8 9 2
45 47 48 46 44 10 12 14 16 18 20 17 17 6 8 10 12 8 9 2
47 48 46 44 45 12 10 16 14 20 18 19 19 8 6 12 10 8 9 2
48 46 44 45 47 10 12 14 16 18 20 17 17 6 8 10 12 8 9 2
46 44 45 47 48 12 10 16 14 20 18 19 19 8 6 12 10 8 9 2
46 47 48 48 48 10 12 14 16 18 20 17 17 6 8 10 12 8 9 2
45 46 45 46 43 10 12 14 16 18 20 17 17 6 8 10 12 8 9 2
45 45 47 47 46 10 12 14 16 18 20 17 17 6 8 10 12 8 9 2
46 45 45 47 47 12 10 16 14 20 18 19 19 8 6 12 10 8 9 2
46 45 46 47 46 12 10 16 14 20 18 19 19 8 6 12 10 8 9 2
46 46 43 43 47 12 10 16 14 20 18 19 19 8 6 12 10 8 9 2
45 45 45 45 45 12 10 16 14 20 18 19 19 8 6 12 10 8 9 2
43 45 47 48 46 10 12 14 16 18 20 17 17 6 8 10 12 8 9 2
45 46 45 45 48 12 10 16 14 20 18 19 19 8 6 12 10 8 9 2
46 43 45 47 48 10 12 14 16 18 20 17 17 6 8 10 12 8 9 2
45 45 48 45 46 12 10 16 14 20 18 19 19 8 6 12 10 8 9 2
50 51 53 54 52 6 8 10 12 14 16 18 20 2 4 6 8 6 8 9
51 53 54 52 50 6 8 10 12 14 16 18 20 2 4 6 8 6 8 9
53 54 52 50 51 8 6 12 10 16 14 20 18 4 2 8 6 6 8 9
54 52 50 51 53 6 8 10 12 14 16 18 20 2 4 6 8 6 8 9
52 50 51 53 54 8 6 12 10 16 14 20 18 4 2 8 6 6 8 9
52 53 54 54 54 6 8 10 12 14 16 18 20 2 4 6 8 6 8 9
51 52 51 52 49 6 8 10 12 14 16 18 20 2 4 6 8 6 8 9
51 51 53 53 52 6 8 10 12 14 16 18 20 2 4 6 8 6 8 9
52 51 51 53 53 8 6 12 10 16 14 20 18 4 2 8 6 6 8 9
52 51 52 53 52 8 6 12 10 16 14 20 18 4 2 8 6 6 8 9
52 52 49 49 53 8 6 12 10 16 14 20 18 4 2 8 6 6 8 9
51 51 51 51 51 8 6 12 10 16 14 20 18 4 2 8 6 6 8 9
49 51 53 54 52 6 8 10 12 14 16 18 20 2 4 6 8 6 8 9
51 52 51 51 54 8 6 12 10 16 14 20 18 4 2 8 6 6 8 9
52 49 51 53 54 6 8 10 12 14 16 18 20 2 4 6 8 6 8 9
51 51 54 51 52 8 6 12 10 16 14 20 18 4 2 8 6 6 8 9
56 57 59 60 58 2 4 6 8 10 12 14 16 18 20 18 20 10 10 10
57 59 60 58 56 2 4 6 8 10 12 14 16 18 20 18 20 10 10 10
59 60 58 56 57 4 2 8 6 12 10 16 14 20 18 20 18 10 10 10
60 58 56 57 59 2 4 6 8 10 12 14 16 18 20 18 20 10 10 10
58 56 57 59 60 4 2 8 6 12 10 16 14 20 18 20 18 10 10 10
58 59 60 60 60 2 4 6 8 10 12 14 16 18 20 18 20 10 10 10
57 58 57 58 55 2 4 6 8 10 12 14 16 18 20 18 20 10 10 10
57 57 59 59 58 2 4 6 8 10 12 14 16 18 20 18 20 10 10 10
58 57 57 59 59 4 2 8 6 12 10 16 14 20 18 20 18 10 10 10
58 57 58 59 58 4 2 8 6 12 10 16 14 20 18 20 18 10 10 10
58 58 55 55 59 4 2 8 6 12 10 16 14 20 18 20 18 10 10 10
57 57 57 57 57 4 2 8 6 12 10 16 14 20 18 20 18 10 10 10
55 57 59 60 58 2 4 6 8 10 12 14 16 18 20 18 20 10 10 10
57 58 57 57 60 4 2 8 6 12 10 16 14 20 18 20 18 10 10 10
58 55 57 59 60 2 4 6 8 10 12 14 16 18 20 18 20 10 10 10
57 57 60 57 58 4 2 8 6 12 10 16 14 20 18 20 18 10 10 10

SIZE: 149 x 20
METHOD: Six-block row decomposition construction (Theorem 21 and Appendix A.3), with t=10 five-column inputs of row sizes 6,15,16,16,16,16,16,16,16,16, and 15 added columns from factorized input pairs. The total added-column weight is 54.
MATRIX:
2 3 5 6 4 3 3 3 3 3 3 3 3 3 3 3 3 1 1 1
3 5 6 4 2 1 1 1 1 1 1 1 1 1 1 1 1 1 1 1
5 6 4 2 3 3 3 3 3 3 3 3 3 3 3 3 3 1 1 1
6 4 2 3 5 1 1 1 1 1 1 1 1 1 1 1 1 1 1 1
4 2 3 5 6 3 3 3 3 3 3 3 3 3 3 3 3 1 1 1
1 1 1 1 1 1 1 1 1 1 1 1 1 1 1 1 1 1 1 1
8 9 11 12 10 7 7 7 7 7 7 7 7 7 7 4 2 3 3 3
9 11 12 10 8 5 5 5 5 5 5 5 5 5 5 2 4 3 3 3
11 12 10 8 9 7 7 7 7 7 7 7 7 7 7 4 2 3 3 3
12 10 8 9 11 5 5 5 5 5 5 5 5 5 5 2 4 3 3 3
10 8 9 11 12 5 5 5 5 5 5 5 5 5 5 2 4 3 3 3
12 10 11 10 11 7 7 7 7 7 7 7 7 7 7 4 2 3 3 3
7 11 7 9 11 5 5 5 5 5 5 5 5 5 5 2 4 3 3 3
11 12 9 12 9 5 5 5 5 5 5 5 5 5 5 2 4 3 3 3
11 12 10 7 9 5 5 5 5 5 5 5 5 5 5 2 4 3 3 3
9 11 12 10 7 5 5 5 5 5 5 5 5 5 5 2 4 3 3 3
10 7 12 10 10 7 7 7 7 7 7 7 7 7 7 4 2 3 3 3
9 12 9 11 12 7 7 7 7 7 7 7 7 7 7 4 2 3 3 3
12 10 11 12 12 7 7 7 7 7 7 7 7 7 7 4 2 3 3 3
9 11 12 9 12 5 5 5 5 5 5 5 5 5 5 2 4 3 3 3
9 11 11 11 12 7 7 7 7 7 7 7 7 7 7 4 2 3 3 3
14 15 17 18 16 9 9 2 4 9 9 9 9 9 9 5 5 4 5 5
15 17 18 16 14 9 9 2 4 9 9 9 9 9 9 5 5 4 5 5
17 18 16 14 15 11 11 4 2 11 11 11 11 11 11 7 7 4 5 5
18 16 14 15 17 9 9 2 4 9 9 9 9 9 9 5 5 4 5 5
16 14 15 17 18 11 11 4 2 11 11 11 11 11 11 7 7 4 5 5
16 17 18 18 18 9 9 2 4 9 9 9 9 9 9 5 5 4 5 5
15 16 15 16 13 9 9 2 4 9 9 9 9 9 9 5 5 4 5 5
15 15 17 17 16 9 9 2 4 9 9 9 9 9 9 5 5 4 5 5
16 15 15 17 17 11 11 4 2 11 11 11 11 11 11 7 7 4 5 5
16 15 16 17 16 11 11 4 2 11 11 11 11 11 11 7 7 4 5 5
16 16 13 13 17 11 11 4 2 11 11 11 11 11 11 7 7 4 5 5
15 15 15 15 15 11 11 4 2 11 11 11 11 11 11 7 7 4 5 5
13 15 17 18 16 9 9 2 4 9 9 9 9 9 9 5 5 4 5 5
15 16 15 15 18 11 11 4 2 11 11 11 11 11 11 7 7 4 5 5
16 13 15 17 18 9 9 2 4 9 9 9 9 9 9 5 5 4 5 5
15 15 18 15 16 11 11 4 2 11 11 11 11 11 11 7 7 4 5 5
20 21 23 24 22 13 13 9 9 6 8 13 13 13 13 9 9 2 6 7
21 23 24 22 20 13 13 9 9 6 8 13 13 13 13 9 9 2 6 7
23 24 22 20 21 15 15 11 11 8 6 15 15 15 15 11 11 2 6 7
24 22 20 21 23 13 13 9 9 6 8 13 13 13 13 9 9 2 6 7
22 20 21 23 24 15 15 11 11 8 6 15 15 15 15 11 11 2 6 7
22 23 24 24 24 13 13 9 9 6 8 13 13 13 13 9 9 2 6 7
21 22 21 22 19 13 13 9 9 6 8 13 13 13 13 9 9 2 6 7
21 21 23 23 22 13 13 9 9 6 8 13 13 13 13 9 9 2 6 7
22 21 21 23 23 15 15 11 11 8 6 15 15 15 15 11 11 2 6 7
22 21 22 23 22 15 15 11 11 8 6 15 15 15 15 11 11 2 6 7
22 22 19 19 23 15 15 11 11 8 6 15 15 15 15 11 11 2 6 7
21 21 21 21 21 15 15 11 11 8 6 15 15 15 15 11 11 2 6 7
19 21 23 24 22 13 13 9 9 6 8 13 13 13 13 9 9 2 6 7
21 22 21 21 24 15 15 11 11 8 6 15 15 15 15 11 11 2 6 7
22 19 21 23 24 13 13 9 9 6 8 13 13 13 13 9 9 2 6 7
21 21 24 21 22 15 15 11 11 8 6 15 15 15 15 11 11 2 6 7
26 27 29 30 28 17 17 13 13 2 4 10 12 17 17 13 13 5 4 8
27 29 30 28 26 17 17 13 13 2 4 10 12 17 17 13 13 5 4 8
29 30 28 26 27 19 19 15 15 4 2 12 10 19 19 15 15 5 4 8
30 28 26 27 29 17 17 13 13 2 4 10 12 17 17 13 13 5 4 8
28 26 27 29 30 19 19 15 15 4 2 12 10 19 19 15 15 5 4 8
28 29 30 30 30 17 17 13 13 2 4 10 12 17 17 13 13 5 4 8
27 28 27 28 25 17 17 13 13 2 4 10 12 17 17 13 13 5 4 8
27 27 29 29 28 17 17 13 13 2 4 10 12 17 17 13 13 5 4 8
28 27 27 29 29 19 19 15 15 4 2 12 10 19 19 15 15 5 4 8
28 27 28 29 28 19 19 15 15 4 2 12 10 19 19 15 15 5 4 8
28 28 25 25 29 19 19 15 15 4 2 12 10 19 19 15 15 5 4 8
27 27 27 27 27 19 19 15 15 4 2 12 10 19 19 15 15 5 4 8
25 27 29 30 28 17 17 13 13 2 4 10 12 17 17 13 13 5 4 8
27 28 27 27 30 19 19 15 15 4 2 12 10 19 19 15 15 5 4 8
28 25 27 29 30 17 17 13 13 2 4 10 12 17 17 13 13 5 4 8
27 27 30 27 28 19 19 15 15 4 2 12 10 19 19 15 15 5 4 8
32 33 35 36 34 18 20 17 17 13 13 6 8 14 16 17 17 7 2 6
33 35 36 34 32 18 20 17 17 13 13 6 8 14 16 17 17 7 2 6
35 36 34 32 33 20 18 19 19 15 15 8 6 16 14 19 19 7 2 6
36 34 32 33 35 18 20 17 17 13 13 6 8 14 16 17 17 7 2 6
34 32 33 35 36 20 18 19 19 15 15 8 6 16 14 19 19 7 2 6
34 35 36 36 36 18 20 17 17 13 13 6 8 14 16 17 17 7 2 6
33 34 33 34 31 18 20 17 17 13 13 6 8 14 16 17 17 7 2 6
33 33 35 35 34 18 20 17 17 13 13 6 8 14 16 17 17 7 2 6
34 33 33 35 35 20 18 19 19 15 15 8 6 16 14 19 19 7 2 6
34 33 34 35 34 20 18 19 19 15 15 8 6 16 14 19 19 7 2 6
34 34 31 31 35 20 18 19 19 15 15 8 6 16 14 19 19 7 2 6
33 33 33 33 33 20 18 19 19 15 15 8 6 16 14 19 19 7 2 6
31 33 35 36 34 18 20 17 17 13 13 6 8 14 16 17 17 7 2 6
33 34 33 33 36 20 18 19 19 15 15 8 6 16 14 19 19 7 2 6
34 31 33 35 36 18 20 17 17 13 13 6 8 14 16 17 17 7 2 6
33 33 36 33 34 20 18 19 19 15 15 8 6 16 14 19 19 7 2 6
38 39 41 42 40 14 16 18 20 17 17 2 4 10 12 14 16 9 7 4
39 41 42 40 38 14 16 18 20 17 17 2 4 10 12 14 16 9 7 4
41 42 40 38 39 16 14 20 18 19 19 4 2 12 10 16 14 9 7 4
42 40 38 39 41 14 16 18 20 17 17 2 4 10 12 14 16 9 7 4
40 38 39 41 42 16 14 20 18 19 19 4 2 12 10 16 14 9 7 4
40 41 42 42 42 14 16 18 20 17 17 2 4 10 12 14 16 9 7 4
39 40 39 40 37 14 16 18 20 17 17 2 4 10 12 14 16 9 7 4
39 39 41 41 40 14 16 18 20 17 17 2 4 10 12 14 16 9 7 4
40 39 39 41 41 16 14 20 18 19 19 4 2 12 10 16 14 9 7 4
40 39 40 41 40 16 14 20 18 19 19 4 2 12 10 16 14 9 7 4
40 40 37 37 41 16 14 20 18 19 19 4 2 12 10 16 14 9 7 4
39 39 39 39 39 16 14 20 18 19 19 4 2 12 10 16 14 9 7 4
37 39 41 42 40 14 16 18 20 17 17 2 4 10 12 14 16 9 7 4
39 40 39 39 42 16 14 20 18 19 19 4 2 12 10 16 14 9 7 4
40 37 39 41 42 14 16 18 20 17 17 2 4 10 12 14 16 9 7 4
39 39 42 39 40 16 14 20 18 19 19 4 2 12 10 16 14 9 7 4
44 45 47 48 46 10 12 14 16 18 20 17 17 6 8 10 12 8 9 2
45 47 48 46 44 10 12 14 16 18 20 17 17 6 8 10 12 8 9 2
47 48 46 44 45 12 10 16 14 20 18 19 19 8 6 12 10 8 9 2
48 46 44 45 47 10 12 14 16 18 20 17 17 6 8 10 12 8 9 2
46 44 45 47 48 12 10 16 14 20 18 19 19 8 6 12 10 8 9 2
46 47 48 48 48 10 12 14 16 18 20 17 17 6 8 10 12 8 9 2
45 46 45 46 43 10 12 14 16 18 20 17 17 6 8 10 12 8 9 2
45 45 47 47 46 10 12 14 16 18 20 17 17 6 8 10 12 8 9 2
46 45 45 47 47 12 10 16 14 20 18 19 19 8 6 12 10 8 9 2
46 45 46 47 46 12 10 16 14 20 18 19 19 8 6 12 10 8 9 2
46 46 43 43 47 12 10 16 14 20 18 19 19 8 6 12 10 8 9 2
45 45 45 45 45 12 10 16 14 20 18 19 19 8 6 12 10 8 9 2
43 45 47 48 46 10 12 14 16 18 20 17 17 6 8 10 12 8 9 2
45 46 45 45 48 12 10 16 14 20 18 19 19 8 6 12 10 8 9 2
46 43 45 47 48 10 12 14 16 18 20 17 17 6 8 10 12 8 9 2
45 45 48 45 46 12 10 16 14 20 18 19 19 8 6 12 10 8 9 2
50 51 53 54 52 6 8 10 12 14 16 18 20 2 4 6 8 6 8 9
51 53 54 52 50 6 8 10 12 14 16 18 20 2 4 6 8 6 8 9
53 54 52 50 51 8 6 12 10 16 14 20 18 4 2 8 6 6 8 9
54 52 50 51 53 6 8 10 12 14 16 18 20 2 4 6 8 6 8 9
52 50 51 53 54 8 6 12 10 16 14 20 18 4 2 8 6 6 8 9
52 53 54 54 54 6 8 10 12 14 16 18 20 2 4 6 8 6 8 9
51 52 51 52 49 6 8 10 12 14 16 18 20 2 4 6 8 6 8 9
51 51 53 53 52 6 8 10 12 14 16 18 20 2 4 6 8 6 8 9
52 51 51 53 53 8 6 12 10 16 14 20 18 4 2 8 6 6 8 9
52 51 52 53 52 8 6 12 10 16 14 20 18 4 2 8 6 6 8 9
52 52 49 49 53 8 6 12 10 16 14 20 18 4 2 8 6 6 8 9
51 51 51 51 51 8 6 12 10 16 14 20 18 4 2 8 6 6 8 9
49 51 53 54 52 6 8 10 12 14 16 18 20 2 4 6 8 6 8 9
51 52 51 51 54 8 6 12 10 16 14 20 18 4 2 8 6 6 8 9
52 49 51 53 54 6 8 10 12 14 16 18 20 2 4 6 8 6 8 9
51 51 54 51 52 8 6 12 10 16 14 20 18 4 2 8 6 6 8 9
56 57 59 60 58 2 4 6 8 10 12 14 16 18 20 18 20 10 10 10
57 59 60 58 56 2 4 6 8 10 12 14 16 18 20 18 20 10 10 10
59 60 58 56 57 4 2 8 6 12 10 16 14 20 18 20 18 10 10 10
60 58 56 57 59 2 4 6 8 10 12 14 16 18 20 18 20 10 10 10
58 56 57 59 60 4 2 8 6 12 10 16 14 20 18 20 18 10 10 10
58 59 60 60 60 2 4 6 8 10 12 14 16 18 20 18 20 10 10 10
57 58 57 58 55 2 4 6 8 10 12 14 16 18 20 18 20 10 10 10
57 57 59 59 58 2 4 6 8 10 12 14 16 18 20 18 20 10 10 10
58 57 57 59 59 4 2 8 6 12 10 16 14 20 18 20 18 10 10 10
58 57 58 59 58 4 2 8 6 12 10 16 14 20 18 20 18 10 10 10
58 58 55 55 59 4 2 8 6 12 10 16 14 20 18 20 18 10 10 10
57 57 57 57 57 4 2 8 6 12 10 16 14 20 18 20 18 10 10 10
55 57 59 60 58 2 4 6 8 10 12 14 16 18 20 18 20 10 10 10
57 58 57 57 60 4 2 8 6 12 10 16 14 20 18 20 18 10 10 10
58 55 57 59 60 2 4 6 8 10 12 14 16 18 20 18 20 10 10 10
57 57 60 57 58 4 2 8 6 12 10 16 14 20 18 20 18 10 10 10

SIZE: 150 x 20
METHOD: Six-block row decomposition construction (Theorem 21 and Appendix A.3), with t=10 five-column inputs of row sizes 6,16,16,16,16,16,16,16,16,16, and 15 added columns from factorized input pairs. The total added-column weight is 54.
MATRIX:
2 3 5 6 4 3 3 3 3 3 3 3 3 3 3 3 3 1 1 1
3 5 6 4 2 1 1 1 1 1 1 1 1 1 1 1 1 1 1 1
5 6 4 2 3 3 3 3 3 3 3 3 3 3 3 3 3 1 1 1
6 4 2 3 5 1 1 1 1 1 1 1 1 1 1 1 1 1 1 1
4 2 3 5 6 3 3 3 3 3 3 3 3 3 3 3 3 1 1 1
1 1 1 1 1 1 1 1 1 1 1 1 1 1 1 1 1 1 1 1
8 9 11 12 10 5 5 5 5 5 5 5 5 5 5 2 4 3 3 3
9 11 12 10 8 5 5 5 5 5 5 5 5 5 5 2 4 3 3 3
11 12 10 8 9 7 7 7 7 7 7 7 7 7 7 4 2 3 3 3
12 10 8 9 11 5 5 5 5 5 5 5 5 5 5 2 4 3 3 3
10 8 9 11 12 7 7 7 7 7 7 7 7 7 7 4 2 3 3 3
10 11 12 12 12 5 5 5 5 5 5 5 5 5 5 2 4 3 3 3
9 10 9 10 7 5 5 5 5 5 5 5 5 5 5 2 4 3 3 3
9 9 11 11 10 5 5 5 5 5 5 5 5 5 5 2 4 3 3 3
10 9 9 11 11 7 7 7 7 7 7 7 7 7 7 4 2 3 3 3
10 9 10 11 10 7 7 7 7 7 7 7 7 7 7 4 2 3 3 3
10 10 7 7 11 7 7 7 7 7 7 7 7 7 7 4 2 3 3 3
9 9 9 9 9 7 7 7 7 7 7 7 7 7 7 4 2 3 3 3
7 9 11 12 10 5 5 5 5 5 5 5 5 5 5 2 4 3 3 3
9 10 9 9 12 7 7 7 7 7 7 7 7 7 7 4 2 3 3 3
10 7 9 11 12 5 5 5 5 5 5 5 5 5 5 2 4 3 3 3
9 9 12 9 10 7 7 7 7 7 7 7 7 7 7 4 2 3 3 3
14 15 17 18 16 9 9 2 4 9 9 9 9 9 9 5 5 4 5 5
15 17 18 16 14 9 9 2 4 9 9 9 9 9 9 5 5 4 5 5
17 18 16 14 15 11 11 4 2 11 11 11 11 11 11 7 7 4 5 5
18 16 14 15 17 9 9 2 4 9 9 9 9 9 9 5 5 4 5 5
16 14 15 17 18 11 11 4 2 11 11 11 11 11 11 7 7 4 5 5
16 17 18 18 18 9 9 2 4 9 9 9 9 9 9 5 5 4 5 5
15 16 15 16 13 9 9 2 4 9 9 9 9 9 9 5 5 4 5 5
15 15 17 17 16 9 9 2 4 9 9 9 9 9 9 5 5 4 5 5
16 15 15 17 17 11 11 4 2 11 11 11 11 11 11 7 7 4 5 5
16 15 16 17 16 11 11 4 2 11 11 11 11 11 11 7 7 4 5 5
16 16 13 13 17 11 11 4 2 11 11 11 11 11 11 7 7 4 5 5
15 15 15 15 15 11 11 4 2 11 11 11 11 11 11 7 7 4 5 5
13 15 17 18 16 9 9 2 4 9 9 9 9 9 9 5 5 4 5 5
15 16 15 15 18 11 11 4 2 11 11 11 11 11 11 7 7 4 5 5
16 13 15 17 18 9 9 2 4 9 9 9 9 9 9 5 5 4 5 5
15 15 18 15 16 11 11 4 2 11 11 11 11 11 11 7 7 4 5 5
20 21 23 24 22 13 13 9 9 6 8 13 13 13 13 9 9 2 6 7
21 23 24 22 20 13 13 9 9 6 8 13 13 13 13 9 9 2 6 7
23 24 22 20 21 15 15 11 11 8 6 15 15 15 15 11 11 2 6 7
24 22 20 21 23 13 13 9 9 6 8 13 13 13 13 9 9 2 6 7
22 20 21 23 24 15 15 11 11 8 6 15 15 15 15 11 11 2 6 7
22 23 24 24 24 13 13 9 9 6 8 13 13 13 13 9 9 2 6 7
21 22 21 22 19 13 13 9 9 6 8 13 13 13 13 9 9 2 6 7
21 21 23 23 22 13 13 9 9 6 8 13 13 13 13 9 9 2 6 7
22 21 21 23 23 15 15 11 11 8 6 15 15 15 15 11 11 2 6 7
22 21 22 23 22 15 15 11 11 8 6 15 15 15 15 11 11 2 6 7
22 22 19 19 23 15 15 11 11 8 6 15 15 15 15 11 11 2 6 7
21 21 21 21 21 15 15 11 11 8 6 15 15 15 15 11 11 2 6 7
19 21 23 24 22 13 13 9 9 6 8 13 13 13 13 9 9 2 6 7
21 22 21 21 24 15 15 11 11 8 6 15 15 15 15 11 11 2 6 7
22 19 21 23 24 13 13 9 9 6 8 13 13 13 13 9 9 2 6 7
21 21 24 21 22 15 15 11 11 8 6 15 15 15 15 11 11 2 6 7
26 27 29 30 28 17 17 13 13 2 4 10 12 17 17 13 13 5 4 8
27 29 30 28 26 17 17 13 13 2 4 10 12 17 17 13 13 5 4 8
29 30 28 26 27 19 19 15 15 4 2 12 10 19 19 15 15 5 4 8
30 28 26 27 29 17 17 13 13 2 4 10 12 17 17 13 13 5 4 8
28 26 27 29 30 19 19 15 15 4 2 12 10 19 19 15 15 5 4 8
28 29 30 30 30 17 17 13 13 2 4 10 12 17 17 13 13 5 4 8
27 28 27 28 25 17 17 13 13 2 4 10 12 17 17 13 13 5 4 8
27 27 29 29 28 17 17 13 13 2 4 10 12 17 17 13 13 5 4 8
28 27 27 29 29 19 19 15 15 4 2 12 10 19 19 15 15 5 4 8
28 27 28 29 28 19 19 15 15 4 2 12 10 19 19 15 15 5 4 8
28 28 25 25 29 19 19 15 15 4 2 12 10 19 19 15 15 5 4 8
27 27 27 27 27 19 19 15 15 4 2 12 10 19 19 15 15 5 4 8
25 27 29 30 28 17 17 13 13 2 4 10 12 17 17 13 13 5 4 8
27 28 27 27 30 19 19 15 15 4 2 12 10 19 19 15 15 5 4 8
28 25 27 29 30 17 17 13 13 2 4 10 12 17 17 13 13 5 4 8
27 27 30 27 28 19 19 15 15 4 2 12 10 19 19 15 15 5 4 8
32 33 35 36 34 18 20 17 17 13 13 6 8 14 16 17 17 7 2 6
33 35 36 34 32 18 20 17 17 13 13 6 8 14 16 17 17 7 2 6
35 36 34 32 33 20 18 19 19 15 15 8 6 16 14 19 19 7 2 6
36 34 32 33 35 18 20 17 17 13 13 6 8 14 16 17 17 7 2 6
34 32 33 35 36 20 18 19 19 15 15 8 6 16 14 19 19 7 2 6
34 35 36 36 36 18 20 17 17 13 13 6 8 14 16 17 17 7 2 6
33 34 33 34 31 18 20 17 17 13 13 6 8 14 16 17 17 7 2 6
33 33 35 35 34 18 20 17 17 13 13 6 8 14 16 17 17 7 2 6
34 33 33 35 35 20 18 19 19 15 15 8 6 16 14 19 19 7 2 6
34 33 34 35 34 20 18 19 19 15 15 8 6 16 14 19 19 7 2 6
34 34 31 31 35 20 18 19 19 15 15 8 6 16 14 19 19 7 2 6
33 33 33 33 33 20 18 19 19 15 15 8 6 16 14 19 19 7 2 6
31 33 35 36 34 18 20 17 17 13 13 6 8 14 16 17 17 7 2 6
33 34 33 33 36 20 18 19 19 15 15 8 6 16 14 19 19 7 2 6
34 31 33 35 36 18 20 17 17 13 13 6 8 14 16 17 17 7 2 6
33 33 36 33 34 20 18 19 19 15 15 8 6 16 14 19 19 7 2 6
38 39 41 42 40 14 16 18 20 17 17 2 4 10 12 14 16 9 7 4
39 41 42 40 38 14 16 18 20 17 17 2 4 10 12 14 16 9 7 4
41 42 40 38 39 16 14 20 18 19 19 4 2 12 10 16 14 9 7 4
42 40 38 39 41 14 16 18 20 17 17 2 4 10 12 14 16 9 7 4
40 38 39 41 42 16 14 20 18 19 19 4 2 12 10 16 14 9 7 4
40 41 42 42 42 14 16 18 20 17 17 2 4 10 12 14 16 9 7 4
39 40 39 40 37 14 16 18 20 17 17 2 4 10 12 14 16 9 7 4
39 39 41 41 40 14 16 18 20 17 17 2 4 10 12 14 16 9 7 4
40 39 39 41 41 16 14 20 18 19 19 4 2 12 10 16 14 9 7 4
40 39 40 41 40 16 14 20 18 19 19 4 2 12 10 16 14 9 7 4
40 40 37 37 41 16 14 20 18 19 19 4 2 12 10 16 14 9 7 4
39 39 39 39 39 16 14 20 18 19 19 4 2 12 10 16 14 9 7 4
37 39 41 42 40 14 16 18 20 17 17 2 4 10 12 14 16 9 7 4
39 40 39 39 42 16 14 20 18 19 19 4 2 12 10 16 14 9 7 4
40 37 39 41 42 14 16 18 20 17 17 2 4 10 12 14 16 9 7 4
39 39 42 39 40 16 14 20 18 19 19 4 2 12 10 16 14 9 7 4
44 45 47 48 46 10 12 14 16 18 20 17 17 6 8 10 12 8 9 2
45 47 48 46 44 10 12 14 16 18 20 17 17 6 8 10 12 8 9 2
47 48 46 44 45 12 10 16 14 20 18 19 19 8 6 12 10 8 9 2
48 46 44 45 47 10 12 14 16 18 20 17 17 6 8 10 12 8 9 2
46 44 45 47 48 12 10 16 14 20 18 19 19 8 6 12 10 8 9 2
46 47 48 48 48 10 12 14 16 18 20 17 17 6 8 10 12 8 9 2
45 46 45 46 43 10 12 14 16 18 20 17 17 6 8 10 12 8 9 2
45 45 47 47 46 10 12 14 16 18 20 17 17 6 8 10 12 8 9 2
46 45 45 47 47 12 10 16 14 20 18 19 19 8 6 12 10 8 9 2
46 45 46 47 46 12 10 16 14 20 18 19 19 8 6 12 10 8 9 2
46 46 43 43 47 12 10 16 14 20 18 19 19 8 6 12 10 8 9 2
45 45 45 45 45 12 10 16 14 20 18 19 19 8 6 12 10 8 9 2
43 45 47 48 46 10 12 14 16 18 20 17 17 6 8 10 12 8 9 2
45 46 45 45 48 12 10 16 14 20 18 19 19 8 6 12 10 8 9 2
46 43 45 47 48 10 12 14 16 18 20 17 17 6 8 10 12 8 9 2
45 45 48 45 46 12 10 16 14 20 18 19 19 8 6 12 10 8 9 2
50 51 53 54 52 6 8 10 12 14 16 18 20 2 4 6 8 6 8 9
51 53 54 52 50 6 8 10 12 14 16 18 20 2 4 6 8 6 8 9
53 54 52 50 51 8 6 12 10 16 14 20 18 4 2 8 6 6 8 9
54 52 50 51 53 6 8 10 12 14 16 18 20 2 4 6 8 6 8 9
52 50 51 53 54 8 6 12 10 16 14 20 18 4 2 8 6 6 8 9
52 53 54 54 54 6 8 10 12 14 16 18 20 2 4 6 8 6 8 9
51 52 51 52 49 6 8 10 12 14 16 18 20 2 4 6 8 6 8 9
51 51 53 53 52 6 8 10 12 14 16 18 20 2 4 6 8 6 8 9
52 51 51 53 53 8 6 12 10 16 14 20 18 4 2 8 6 6 8 9
52 51 52 53 52 8 6 12 10 16 14 20 18 4 2 8 6 6 8 9
52 52 49 49 53 8 6 12 10 16 14 20 18 4 2 8 6 6 8 9
51 51 51 51 51 8 6 12 10 16 14 20 18 4 2 8 6 6 8 9
49 51 53 54 52 6 8 10 12 14 16 18 20 2 4 6 8 6 8 9
51 52 51 51 54 8 6 12 10 16 14 20 18 4 2 8 6 6 8 9
52 49 51 53 54 6 8 10 12 14 16 18 20 2 4 6 8 6 8 9
51 51 54 51 52 8 6 12 10 16 14 20 18 4 2 8 6 6 8 9
56 57 59 60 58 2 4 6 8 10 12 14 16 18 20 18 20 10 10 10
57 59 60 58 56 2 4 6 8 10 12 14 16 18 20 18 20 10 10 10
59 60 58 56 57 4 2 8 6 12 10 16 14 20 18 20 18 10 10 10
60 58 56 57 59 2 4 6 8 10 12 14 16 18 20 18 20 10 10 10
58 56 57 59 60 4 2 8 6 12 10 16 14 20 18 20 18 10 10 10
58 59 60 60 60 2 4 6 8 10 12 14 16 18 20 18 20 10 10 10
57 58 57 58 55 2 4 6 8 10 12 14 16 18 20 18 20 10 10 10
57 57 59 59 58 2 4 6 8 10 12 14 16 18 20 18 20 10 10 10
58 57 57 59 59 4 2 8 6 12 10 16 14 20 18 20 18 10 10 10
58 57 58 59 58 4 2 8 6 12 10 16 14 20 18 20 18 10 10 10
58 58 55 55 59 4 2 8 6 12 10 16 14 20 18 20 18 10 10 10
57 57 57 57 57 4 2 8 6 12 10 16 14 20 18 20 18 10 10 10
55 57 59 60 58 2 4 6 8 10 12 14 16 18 20 18 20 10 10 10
57 58 57 57 60 4 2 8 6 12 10 16 14 20 18 20 18 10 10 10
58 55 57 59 60 2 4 6 8 10 12 14 16 18 20 18 20 10 10 10
57 57 60 57 58 4 2 8 6 12 10 16 14 20 18 20 18 10 10 10

